"year","Size_category","BM_category","intercept","EPS","t_intercept","t_EPS","adj_r_squared"
1968,"Medium cap","High BM",-0.746647959445013,1.26663392759216,-0.8807723618311,3.75261498348063,0.529798635446362
1968,"Medium cap","Med BM",0.610711802212107,0.755057315861074,7.2876722995717,20.021209526296,0.551501216823823
1968,"Medium cap","Low BM",0.495904099650942,0.746101213517417,2.05911676465932,5.5935057199968,0.385520504290869
1968,"Small cap","High BM",0.46740494012873,0.622303680643195,3.11499702012597,6.71963548253316,0.308652400380542
1968,"Small cap","Med BM",0.220135238940812,0.849887579542449,2.5445855342652,13.6548476601322,0.64045516297528
1968,"Small cap","Low BM",0.25668624900301,0.744348889997964,3.65097600492011,7.02226537137796,0.515513897206965
1968,"Large cap","High BM",0.751542867115531,0.763044951707621,1.22362294130357,4.95672335060903,0.56755718231864
1968,"Large cap","Med BM",0.50491566055109,0.854462015141626,4.81767779233436,20.8156569227873,0.686188111288495
1968,"Large cap","Low BM",0.345448993580641,0.876661289226508,2.54625734054243,15.4074694589327,0.755291866578778
1969,"Medium cap","High BM",-1.61032262884696,1.63473336060285,-1.47638573150604,3.68040160483218,0.551917243772709
1969,"Medium cap","Med BM",0.546808825823293,0.763081517965572,8.04202069311493,24.9404747849389,0.56088476582282
1969,"Medium cap","Low BM",0.351256747826892,0.780246556811618,2.90476688685375,10.1969612915733,0.43751450483004
1969,"Small cap","High BM",0.39665048146106,0.650277683751517,2.9794509700602,7.88270283002123,0.327270775192599
1969,"Small cap","Med BM",0.270040837141151,0.818298131362763,4.18173900659166,16.7168093400885,0.432102111696889
1969,"Small cap","Low BM",0.276439942071215,0.658448380543051,4.3405469286903,7.69671630954351,0.456932954410944
1969,"Large cap","High BM",1.26015120058969,0.693221165309268,2.00232523013349,4.60810842587042,0.468708834781734
1969,"Large cap","Med BM",0.634843268161776,0.786096207116969,6.43006053378705,20.3168861668206,0.624100840648887
1969,"Large cap","Low BM",0.431172768063768,0.840682595767124,3.22322282930773,14.6608331279854,0.706184989782026
1970,"Medium cap","High BM",-2.01095084290375,1.77767234089557,-2.25147818075183,4.91341472216104,0.649486760866883
1970,"Medium cap","Med BM",0.421719180728245,0.800903290955863,7.01767800527409,29.9992653455912,0.551389188988467
1970,"Medium cap","Low BM",0.353055753065913,0.77569799255707,3.82587075627405,12.6360671384644,0.461960464036401
1970,"Small cap","High BM",0.229281218690939,0.699517344205129,1.97321109194596,9.46938335637362,0.326221570750485
1970,"Small cap","Med BM",0.168317862081586,0.862295143862431,3.23638851751575,20.8603772359448,0.47063276681138
1970,"Small cap","Low BM",0.260544283197965,0.691337319965458,4.54797412619911,8.88595299058792,0.468083214811868
1970,"Large cap","High BM",1.05320180562072,0.712278238771568,2.22646374477511,5.92358457842075,0.511974584950519
1970,"Large cap","Med BM",0.576738860370696,0.806704870415679,6.84494040314609,24.4094451516172,0.653784628520826
1970,"Large cap","Low BM",0.409730128388342,0.848642163112783,3.46882611123755,16.2524308044011,0.716285429172193
1971,"Medium cap","High BM",-1.45440490213492,1.5084197134386,-1.78878421123538,4.2800483835662,0.379563824318261
1971,"Medium cap","Med BM",0.370207096640839,0.816361598064729,6.69787301210386,32.7584595767927,0.560870141259756
1971,"Medium cap","Low BM",0.32114469626576,0.78982450158878,3.81125231477038,13.6856185481686,0.47906377147659
1971,"Small cap","High BM",-0.117239212125899,0.943073077172818,-0.605374952372076,4.16753066156699,0.167127382654504
1971,"Small cap","Med BM",0.160666363865424,0.839824040575068,3.75060583517681,23.2787483407809,0.493951338763598
1971,"Small cap","Low BM",0.301705864238643,0.611046899415979,5.75128974277008,8.50960956183284,0.411841423444647
1971,"Large cap","High BM",0.58018775845539,0.770206909940799,1.57603588718214,7.68757467065229,0.557322567472825
1971,"Large cap","Med BM",0.570697367247001,0.804577108999874,7.20036035817222,25.8508391605273,0.64522886906637
1971,"Large cap","Low BM",0.374321392645355,0.859018264919967,3.37426055288958,17.370008614246,0.72220280176995
1972,"Medium cap","High BM",-1.70228874141425,1.71802055731474,-1.6486554285717,3.48983795637579,0.256276199912659
1972,"Medium cap","Med BM",0.394333066544594,0.802480183319474,7.25345226485096,32.5170388958647,0.557664579256132
1972,"Medium cap","Low BM",0.304712378820204,0.791852158358324,3.71992301858373,13.9542523747222,0.481873551481199
1972,"Small cap","High BM",0.021576389271808,0.845568336470386,0.170269561434178,4.87045826487873,0.168846038106646
1972,"Small cap","Med BM",0.202176826170547,0.805717385624245,5.41946216149788,23.9326913753651,0.486323755705353
1972,"Small cap","Low BM",0.295509840599132,0.60626856368007,5.64423641732275,8.40127375110757,0.400574593899066
1972,"Large cap","High BM",0.470601687410135,0.789389233361828,1.60771209231753,9.22938414101186,0.530596924455937
1972,"Large cap","Med BM",0.528909347356951,0.818358738804363,7.38715731716443,29.3629622568138,0.649452373071793
1972,"Large cap","Low BM",0.317248038533228,0.872297557607514,3.15099043186033,18.9074275315323,0.725856150153153
1973,"Medium cap","High BM",-2.00930846527186,1.98454543599833,-1.74638920587896,3.40180083757377,0.198687064633685
1973,"Medium cap","Med BM",0.434048842715077,0.794316891860251,9.14155274121859,35.8506839804655,0.565057011720745
1973,"Medium cap","Low BM",0.354486254119575,0.770906718111397,4.72073490187882,14.490323282572,0.481088932421099
1973,"Small cap","High BM",0.121618990583716,0.784112809779896,1.35080736511875,5.80161818415531,0.15946546303878
1973,"Small cap","Med BM",0.269825703320108,0.75865818180252,7.95460054741643,23.6623597213555,0.480282964206312
1973,"Small cap","Low BM",0.324095849683572,0.580673490261226,6.76801484379441,8.65169211563969,0.373479796739683
1973,"Large cap","High BM",0.570975589078529,0.796224304689855,2.46618079496533,10.9101985646421,0.552933659720969
1973,"Large cap","Med BM",0.559584681055209,0.812943398942138,8.0137762480047,29.8759246682182,0.652548922002711
1973,"Large cap","Low BM",0.319508828255919,0.867099374617895,3.62557073190672,20.6289060316259,0.722030145509225
1974,"Medium cap","High BM",-1.96608177887753,2.02534036373624,-1.80930235318599,3.65767351124743,0.136506469239657
1974,"Medium cap","Med BM",0.364813082006375,0.841103765656327,6.43456572765362,30.0574946484203,0.560998910389317
1974,"Medium cap","Low BM",0.370911729901585,0.770634476075339,5.32537917181426,15.3706896993366,0.487033770390066
1974,"Small cap","High BM",0.145232614096631,0.825479193294844,2.08840933604149,8.66476835748979,0.19261399650393
1974,"Small cap","Med BM",0.261323456908147,0.799381360695414,8.04695826726908,22.9721840458708,0.479295096911231
1974,"Small cap","Low BM",0.340074793292047,0.550271892685789,8.26477849045358,9.06633711516797,0.3629623610147
1974,"Large cap","High BM",0.695036087856607,0.808189414342091,3.3761591211238,12.4360880838527,0.554132819387813
1974,"Large cap","Med BM",0.541111423555907,0.842732797338078,6.07462929581763,25.0646942592995,0.602409874275544
1974,"Large cap","Low BM",0.314416505361869,0.877044514896424,3.81881929602817,21.8203246802064,0.728157768331137
1975,"Medium cap","High BM",-2.45128855371074,2.18466482460969,-2.07011423591897,3.92161614608975,0.138882193712735
1975,"Medium cap","Med BM",0.27516775935311,0.893180880539934,4.20677462502758,26.77093037057,0.538588460902362
1975,"Medium cap","Low BM",0.329077559066426,0.799661617857834,5.51221583947527,17.4823980766572,0.522651934163844
1975,"Small cap","High BM",0.094828185464816,0.859728080436646,1.71154280151011,12.1758136428051,0.228713190061484
1975,"Small cap","Med BM",0.256558152012235,0.81957261023553,8.20735363704027,24.0179101537095,0.463990191096178
1975,"Small cap","Low BM",0.378291403812898,0.49586384311106,10.0541393543311,8.67243486658794,0.31737986006442
1975,"Large cap","High BM",0.65111277307186,0.857529574159788,3.01781167834752,12.49922372489,0.511397534634937
1975,"Large cap","Med BM",0.377681274140731,0.910915142218181,3.37172087785863,21.562308295328,0.603235765400504
1975,"Large cap","Low BM",0.338124028461455,0.874390745629599,4.14277655466248,21.6970005498848,0.723030017690366
1976,"Medium cap","High BM",-1.75982080791179,1.79121167566185,-1.76860754542384,4.01348625896402,0.14397661883218
1976,"Medium cap","Med BM",0.274291712199323,0.894603334133985,4.21647219483686,26.8691504981692,0.549281364759443
1976,"Medium cap","Low BM",0.294178473454534,0.823803375066378,5.78551287580671,19.6429495894144,0.561075128705496
1976,"Small cap","High BM",0.0785130478328997,0.88780797668738,1.03390656185922,8.08695148334436,0.131599010145954
1976,"Small cap","Med BM",0.288067017813137,0.7826421646905,7.95488216093634,20.2658037819802,0.431660538718106
1976,"Small cap","Low BM",0.372837244302063,0.479474784991572,10.1772851640597,7.89861272755921,0.31675744182947
1976,"Large cap","High BM",0.968079229075544,0.719722735993235,5.65875812778825,13.7890577099633,0.4682842623201
1976,"Large cap","Med BM",0.487828517000454,0.867392525764835,4.4031716782253,21.3193667041012,0.610526967624071
1976,"Large cap","Low BM",0.328534257426955,0.877599429483366,3.3823260690107,18.4844246493118,0.702127331995002
1977,"Medium cap","High BM",-1.03133985066781,1.51729372086252,-1.37304116058631,4.39048787750496,0.121852823374652
1977,"Medium cap","Med BM",0.312835117642495,0.878533466644581,4.6026103002013,25.1433389502372,0.528212185129307
1977,"Medium cap","Low BM",0.366849260084924,0.766731579728388,5.98890551440216,16.2109376466973,0.521676838360223
1977,"Small cap","High BM",0.0943578181410027,0.946881344591914,1.15480896703731,7.47876023243347,0.103559320096464
1977,"Small cap","Med BM",0.335950695755592,0.734512560974431,10.053488514493,20.0104505114899,0.400707657666645
1977,"Small cap","Low BM",0.381828979002605,0.43942847081958,10.7624921987139,7.2048294584165,0.287295272659521
1977,"Large cap","High BM",1.08016308627038,0.708979449275198,6.83438352061723,14.6741015880043,0.454295978005445
1977,"Large cap","Med BM",0.61443430565442,0.83020800149086,5.77268958970129,21.7045006291389,0.603663030169006
1977,"Large cap","Low BM",0.146129813312434,0.966053217384278,0.966378218125243,13.1179613744965,0.680966605451341
1978,"Medium cap","High BM",-1.02519648393011,1.51580302868854,-1.48396432234785,4.81719886453252,0.117766605049247
1978,"Medium cap","Med BM",0.31905336103289,0.899302772705546,4.39274415584463,23.9831770259016,0.537390726140365
1978,"Medium cap","Low BM",0.354234701586964,0.794668673991706,5.4653354119393,15.8553932299368,0.527754879821453
1978,"Small cap","High BM",0.11173233917287,0.936556447015907,1.55007582758862,8.46337947367037,0.113203899764842
1978,"Small cap","Med BM",0.354678355110746,0.723060195624977,11.331243829887,20.1182820267303,0.388238136844022
1978,"Small cap","Low BM",0.381527424948286,0.386026513209811,12.5976940302563,7.18227278187052,0.265288005188096
1978,"Large cap","High BM",0.921540584587736,0.768587338418495,6.25766502420014,17.266981049088,0.461563243020019
1978,"Large cap","Med BM",0.5111530780921,0.880397570244893,4.65956948185551,22.7964656594089,0.652891892669752
1978,"Large cap","Low BM",0.0462432899198616,1.03203766744893,0.292837755879887,13.389113871461,0.734711692988508
1979,"Medium cap","High BM",-0.933285594539127,1.48174333390407,-1.4685088590723,5.19904080088078,0.111181076815069
1979,"Medium cap","Med BM",0.259155203179416,0.94360456479199,3.0742973038328,21.8008174206169,0.541696183409063
1979,"Medium cap","Low BM",0.414298303962125,0.778881331110314,5.84575908753588,13.8189846570773,0.5221824606581
1979,"Small cap","High BM",0.130364623656747,0.92799386072166,2.00642436218609,9.45623889847665,0.122625627995387
1979,"Small cap","Med BM",0.341473502354729,0.744954848639339,11.370650430182,21.8940884864494,0.445422937683958
1979,"Small cap","Low BM",0.382092633060806,0.35986834256924,14.0492900989103,6.76133724082402,0.244516808722039
1979,"Large cap","High BM",0.833742851017786,0.805281001320994,5.54476003490418,18.2001203053898,0.492284062841857
1979,"Large cap","Med BM",0.533798544015714,0.893171575495446,4.92830410810736,23.945622669949,0.68083490869412
1979,"Large cap","Low BM",0.130670638470289,0.996527199922833,0.757735548369971,12.0055317080467,0.758843770262621
1980,"Medium cap","High BM",-0.988568519168346,1.50332112348848,-1.6144713150649,5.62880653263988,0.109745446864055
1980,"Medium cap","Med BM",0.285364282471719,0.948630767928076,3.10265515650081,20.283474924883,0.535269246716094
1980,"Medium cap","Low BM",0.438321612507533,0.77314951113211,5.8628265718515,12.711351830071,0.521117308638572
1980,"Small cap","High BM",0.132679265198371,0.921424987448135,2.25530189996907,10.5956997712098,0.131757466602693
1980,"Small cap","Med BM",0.357489707089806,0.748500709759055,12.204796330533,22.7129313215409,0.450397041456999
1980,"Small cap","Low BM",0.353673139792971,0.3609051758436,13.2733280890409,7.11314146775738,0.244780274193369
1980,"Large cap","High BM",0.716152799286528,0.862954976208507,4.22276565562347,18.6607983241266,0.494084847482747
1980,"Large cap","Med BM",0.574931942092047,0.914414847899488,4.08642997444192,20.1744324977798,0.619552475030295
1980,"Large cap","Low BM",0.135734811449244,1.00143475401926,0.762044651455273,11.8010438159767,0.758460717762523
1981,"Medium cap","High BM",-1.17249973070098,1.54874068844642,-1.82967070845524,5.8469455077907,0.120166535072808
1981,"Medium cap","Med BM",0.28568768525946,0.941818989560737,3.12236332688195,20.6023356474541,0.531721845253559
1981,"Medium cap","Low BM",0.429394888662252,0.756566722485621,5.9725272603303,13.0000947437497,0.52046008393236
1981,"Small cap","High BM",0.160209992759041,0.88485636547276,2.92135602571075,11.1988413154563,0.139763865143735
1981,"Small cap","Med BM",0.358108861009746,0.737736929191269,12.7298875905043,23.2305554042186,0.443133664582497
1981,"Small cap","Low BM",0.30580901962105,0.355544267369737,12.2589010409886,7.09435150797829,0.231589812757898
1981,"Large cap","High BM",1.08638070580372,0.749945246251457,4.73803573398295,12.6648851390992,0.39185519937412
1981,"Large cap","Med BM",0.69636270084322,0.881532168815671,5.24746418047117,21.3390325960091,0.607351760740317
1981,"Large cap","Low BM",0.217703048808371,0.951859162569711,1.15818906333577,10.719667769331,0.714995762033475
1982,"Medium cap","High BM",-1.06846687772355,1.48180999409539,-1.7172492300136,5.87598913942771,0.106628566933108
1982,"Medium cap","Med BM",0.275880287568366,0.935086811730962,3.08828941787196,21.520127410884,0.541064871236574
1982,"Medium cap","Low BM",0.46036594838519,0.728110132190311,7.03039849129862,13.3718941341537,0.481201446648287
1982,"Small cap","High BM",0.142083956438848,0.887334367398315,2.64398544226374,11.7051266058065,0.14802561236143
1982,"Small cap","Med BM",0.351594232745628,0.731585328254313,12.2084494816093,22.9153294706345,0.441898280078447
1982,"Small cap","Low BM",0.272650414123017,0.351019122926156,12.5340734586589,7.34042328769443,0.22059036793587
1982,"Large cap","High BM",1.00175716634301,0.773568767793412,4.37231986895464,13.8899004223996,0.409868691649497
1982,"Large cap","Med BM",0.691199839292282,0.886866437020391,3.67134234648332,16.0415163983162,0.56752279223513
1982,"Large cap","Low BM",0.207234151489285,0.956032702861852,1.14729168192773,11.3180415033691,0.709775369654523
1983,"Medium cap","High BM",-0.77927910222381,1.3173698570971,-1.46818915697691,6.18884779554695,0.102836241053771
1983,"Medium cap","Med BM",0.19252405625382,0.943269702045181,2.21900609998481,22.6220299845928,0.526934539323338
1983,"Medium cap","Low BM",0.338476432860835,0.797192820243586,5.42760931290696,14.5585977499846,0.50014538793322
1983,"Small cap","High BM",0.0959090860911915,0.891005201027301,1.93590262724291,12.6607307726869,0.157313934074171
1983,"Small cap","Med BM",0.281857148219715,0.765117694137047,9.59403455760264,22.7153402035519,0.452090845958954
1983,"Small cap","Low BM",0.231528115411799,0.342121727430813,11.7870625421116,7.46235880170258,0.212601225684715
1983,"Large cap","High BM",0.919781542721481,0.751662694428856,4.03898692338786,14.0496188417273,0.351311986124011
1983,"Large cap","Med BM",0.689264412971514,0.879049412563622,3.65986245047815,16.3083057457103,0.55599725627677
1983,"Large cap","Low BM",0.0296329078761338,1.04063416652752,0.106376865858291,8.29833861317474,0.712939206200397
1984,"Medium cap","High BM",-0.483837640534131,1.19159167650524,-1.10797847018832,6.66041465698792,0.107834146437972
1984,"Medium cap","Med BM",0.24013090844543,0.904351109549756,3.34356262795858,25.0075959433868,0.522474671474717
1984,"Medium cap","Low BM",0.305062297386543,0.791513386319311,5.01092767385623,14.2377591797968,0.511409254578609
1984,"Small cap","High BM",0.0856433562440857,0.888159173648618,1.85795694206082,12.6675301489716,0.162246860415462
1984,"Small cap","Med BM",0.295525274668318,0.713544878160769,10.5025243890663,21.9720294909405,0.444384678199445
1984,"Small cap","Low BM",0.218679050863719,0.351448822077549,11.6976108317589,6.83433369956892,0.220385330235456
1984,"Large cap","High BM",0.925050755989131,0.739756466103633,4.35155645435647,14.9494464841412,0.372566813311556
1984,"Large cap","Med BM",0.511953522749605,0.907169338237584,1.97515991117707,12.1357652214886,0.483988542893986
1984,"Large cap","Low BM",0.180737631132301,0.977926126474001,0.754723171879131,8.65556525919425,0.695966918209066
1985,"Medium cap","High BM",-0.170909267355119,1.06029191359772,-0.516712134278842,7.43106590013373,0.118941956619347
1985,"Medium cap","Med BM",0.247966134072764,0.89024453234775,3.95664257256596,27.0139948249195,0.531891447043681
1985,"Medium cap","Low BM",0.327568598850605,0.749918188900077,5.88402620738599,14.1050284358699,0.496393565402706
1985,"Small cap","High BM",0.0852945067331597,0.877776898642183,1.91017001513625,11.886825814589,0.160481819886974
1985,"Small cap","Med BM",0.276706501677246,0.691355116482872,10.3479100118076,21.4934458992856,0.443994525793885
1985,"Small cap","Low BM",0.192618652467632,0.348665191141101,10.9178806830853,6.82584733439392,0.204349177392636
1985,"Large cap","High BM",0.784884617094824,0.775519945955847,3.31088710901227,12.7724743889945,0.366542069668296
1985,"Large cap","Med BM",0.501420481344903,0.914799986934794,1.71197488365346,10.6320046314831,0.430259099656828
1985,"Large cap","Low BM",0.186830090838519,0.970060803310011,0.822820653722785,8.82518145913222,0.695854437218088
1986,"Medium cap","High BM",-0.311863009893371,1.10577699284303,-1.04527999553904,8.12530374574287,0.123723641435966
1986,"Medium cap","Med BM",0.213191506217027,0.881629585353274,3.73411866818236,28.586077832244,0.517591691102433
1986,"Medium cap","Low BM",0.366738222376039,0.662872848166347,7.03629309746227,12.5267896479019,0.435599632416391
1986,"Small cap","High BM",0.0792879591598662,0.852869183576918,2.06415820046263,13.7155145046715,0.200584083814016
1986,"Small cap","Med BM",0.238617878196551,0.700305031610292,10.2905219976179,22.2426359185679,0.436119874833564
1986,"Small cap","Low BM",0.164354129870964,0.31499348727716,10.3166139018324,7.17161531798231,0.189073261979501
1986,"Large cap","High BM",0.583360175775313,0.808533528976319,2.33975981840259,12.3664924289643,0.351076460363375
1986,"Large cap","Med BM",0.128299992014861,0.995147055335938,0.36004874451686,9.34531606242494,0.383790635675364
1986,"Large cap","Low BM",0.223650241834213,0.926046729558886,1.06097934092144,8.81744382068888,0.660843771075019
1987,"Medium cap","High BM",-0.457281499052077,1.13169942373164,-1.60802433161801,8.3309899903312,0.128938017492299
1987,"Medium cap","Med BM",0.18533641427028,0.869239049037041,3.51510480108997,29.8105291571209,0.505341628803495
1987,"Medium cap","Low BM",0.305441869034245,0.705620147267329,2.94908494219631,5.98053256951277,0.326223615831063
1987,"Small cap","High BM",0.0467314398980866,0.7946685339612,1.6034946904375,34.8634434440983,0.379723826669841
1987,"Small cap","Med BM",0.196820464401447,0.706374588918504,9.25854245774478,23.0917743504724,0.442182446491054
1987,"Small cap","Low BM",0.139640833431811,0.320485715631359,9.8273103864475,5.90012124640737,0.198011060517181
1987,"Large cap","High BM",0.499949574891788,0.807325515186256,2.04794157783639,12.8146796430219,0.362085652569551
1987,"Large cap","Med BM",0.055568032693032,1.00641686201396,0.140617027436274,8.12025546863766,0.315304207309886
1987,"Large cap","Low BM",0.26078419971457,0.870451848056644,1.44978555843985,9.22595285657497,0.56192284745668
1988,"Medium cap","High BM",-0.246970935528124,1.0366209812228,-1.06435037540703,8.57894668336975,0.127038477735433
1988,"Medium cap","Med BM",0.207813237851115,0.844443802486752,4.41034284052411,30.3411108463636,0.483309764705143
1988,"Medium cap","Low BM",0.316938478567207,0.662118681853766,3.18488799312672,5.27139095005018,0.281848185736212
1988,"Small cap","High BM",-0.000974643393663631,0.791858729708178,-0.0325269403427929,31.9774194748677,0.366264496446092
1988,"Small cap","Med BM",0.18175485802468,0.690296713076219,9.3131216966526,21.9881687580434,0.428201400564571
1988,"Small cap","Low BM",0.119038815407105,0.30256860336237,8.89411739451312,5.84639106341886,0.182422318079326
1988,"Large cap","High BM",0.476056964449465,0.775359650250526,1.98018062491266,12.2407283202891,0.309892290573245
1988,"Large cap","Med BM",0.132597625936301,1.01535895909762,0.287191486757196,6.41968139557392,0.21996547020384
1988,"Large cap","Low BM",0.393912510700132,0.81099655268647,2.94971695613513,10.1585150164036,0.242884310786517
1989,"Medium cap","High BM",-0.188130303421688,0.977500694040637,-0.900653334955891,8.42359620971769,0.133817778012881
1989,"Medium cap","Med BM",0.254021461517215,0.795476291649051,6.12820668658672,30.381937983325,0.414610102433419
1989,"Medium cap","Low BM",0.248009438799558,0.744557745734145,2.37837966274808,5.32492714183802,0.266843767441315
1989,"Small cap","High BM",-0.0803761448158421,0.799415509506324,-2.44271510076298,25.6908218656556,0.355143747030782
1989,"Small cap","Med BM",0.159636947874682,0.669757512856676,8.23426474128299,19.870189100356,0.380929996079865
1989,"Small cap","Low BM",0.0820258099331705,0.371424287577051,6.37227273271579,6.37307226767009,0.210741133502802
1989,"Large cap","High BM",0.749176413512447,0.70247387010929,3.03020607254752,10.7987294612408,0.268426636718099
1989,"Large cap","Med BM",-0.131973660181272,1.14039643421582,-0.22852071652023,5.46083739438822,0.159633125828582
1989,"Large cap","Low BM",0.311825542517538,0.871985938962494,2.28208060421323,11.1941292630215,0.271503354626917
1990,"Medium cap","High BM",-0.181099674198003,0.902967137723849,-0.993120472136391,8.20572585092541,0.142057861468212
1990,"Medium cap","Med BM",0.221528039463453,0.785103837199814,5.80056859646812,31.6103762883548,0.411088846243432
1990,"Medium cap","Low BM",0.276573447852774,0.697510745962308,3.00064619628833,5.37333853026073,0.254410679962263
1990,"Small cap","High BM",-0.109217041192014,0.772923211730804,-3.5626101026471,22.8546510236278,0.33018425476495
1990,"Small cap","Med BM",0.146390182216066,0.624020040830634,8.41407050921345,18.2077952029252,0.348301059480722
1990,"Small cap","Low BM",0.0687343826732359,0.440371943647882,4.64217023365267,3.71192175782157,0.194597460624751
1990,"Large cap","High BM",0.671762530719336,0.657175078425361,2.67516560898117,9.61560428685451,0.23216383966981
1990,"Large cap","Med BM",-0.705659072586474,1.32154370153536,-0.889316481773755,4.56214219881826,0.128676836499259
1990,"Large cap","Low BM",0.310659587156295,0.862925948290687,2.46270597303698,12.0577194456699,0.272912235423373
1991,"Medium cap","High BM",-0.113118365894071,0.800972528126188,-0.803858812289307,8.25678757232258,0.147459447689082
1991,"Medium cap","Med BM",0.208678267442088,0.77859518011673,5.72111400335221,31.5497894712641,0.396273843319087
1991,"Medium cap","Low BM",0.208274985871352,0.773232676126766,2.40640692007547,5.85628171840895,0.300270836450494
1991,"Small cap","High BM",-0.132769797047465,0.76782179631233,-4.69472657209641,20.6131485836359,0.304763097345377
1991,"Small cap","Med BM",0.13464251801193,0.623764499709645,8.18764035733416,17.7031222845442,0.332684786065977
1991,"Small cap","Low BM",0.069558329941503,0.47309068898666,4.15351578012405,3.97551350377784,0.21298060190961
1991,"Large cap","High BM",0.521986000391612,0.667980404350591,2.09670546155174,9.12490374102423,0.233255898189555
1991,"Large cap","Med BM",-0.980340488916494,1.42711760390086,-1.18342999282088,4.53078465699098,0.115567167309939
1991,"Large cap","Low BM",0.243739320110889,0.904399180059705,1.95069358231472,12.4165897877544,0.298157115171337
1992,"Medium cap","High BM",-0.108274835145184,0.711530655054715,-1.16775635539139,14.8773724200933,0.259633856318381
1992,"Medium cap","Med BM",0.201091691167125,0.765250764084317,5.70135093108665,30.0374877785404,0.375767404196091
1992,"Medium cap","Low BM",0.209157998513013,0.758939346672311,2.81736264412915,6.10985397257027,0.318925973070981
1992,"Small cap","High BM",-0.154575862005368,0.718649141403264,-5.9337622815717,18.6076084506672,0.262914457761359
1992,"Small cap","Med BM",0.11135593473669,0.625365981980602,5.97057142878164,17.3947022470431,0.219206296932133
1992,"Small cap","Low BM",0.056864047075972,0.509349740170135,3.02911401280889,4.57295266460781,0.230723414305143
1992,"Large cap","High BM",0.370357884395355,0.639122142106322,1.52957616003312,8.23398567084822,0.220863161911931
1992,"Large cap","Med BM",-1.26974038084852,1.54344523297691,-1.44705165864543,4.3993974967336,0.105061326264167
1992,"Large cap","Low BM",0.242300316387102,0.882742014596162,2.15986665866238,13.1837117019353,0.285440507089949
1993,"Medium cap","High BM",-0.0755336489501496,0.688614565237712,-0.962007180192808,15.4463873936167,0.261749107721752
1993,"Medium cap","Med BM",0.217272336944852,0.760547468911989,6.62300876531942,30.0000543657808,0.374673630638142
1993,"Medium cap","Low BM",0.225620285227515,0.710167692038057,3.80491940809899,6.44132599943526,0.32047058678282
1993,"Small cap","High BM",-0.112380577817583,0.687258199454418,-4.57175209986423,16.6929964942391,0.234729515863092
1993,"Small cap","Med BM",0.11513969321069,0.609167771080647,6.40951904705364,17.0454073162087,0.20440662377403
1993,"Small cap","Low BM",0.0489337469090483,0.519893034740481,2.4088547715314,4.92198021980144,0.232877863614015
1993,"Large cap","High BM",0.474945882280468,0.589175271539946,2.17411925726962,7.32617836390089,0.190396250231136
1993,"Large cap","Med BM",-1.34460830327055,1.62017887122319,-1.61380560636552,4.56229799464528,0.106934950982591
1993,"Large cap","Low BM",0.365731325204288,0.822888815310676,3.85083844075089,14.5967785235986,0.278878752254257
1994,"Medium cap","High BM",-0.13976010233344,0.659982676854681,-1.76833498136345,14.5696227215413,0.231596356018727
1994,"Medium cap","Med BM",0.222971271073558,0.758689177635537,7.05173372958884,29.0210271479168,0.369278928746963
1994,"Medium cap","Low BM",0.214647004056186,0.701225323444342,4.14644900903033,6.49134925944121,0.310128769509233
1994,"Small cap","High BM",-0.125097165973724,0.644885403264334,-5.23547947009143,14.7124531514978,0.204989164604495
1994,"Small cap","Med BM",0.10419785521894,0.602835021213322,5.97567378560599,16.6745296627719,0.195201511301646
1994,"Small cap","Low BM",0.0138788709033766,0.495287242365791,0.538152179942926,4.85746699322983,0.160284425933335
1994,"Large cap","High BM",0.244060915913753,0.619791559177654,1.03020665269518,6.79681099638809,0.209410641270378
1994,"Large cap","Med BM",-1.47347223492284,1.74929800845205,-1.65777762355567,4.28059712192415,0.0807142523348198
1994,"Large cap","Low BM",0.407165200639405,0.800973328694467,4.28491434338283,14.0472804374994,0.276426755751827
1995,"Medium cap","High BM",-0.178406059571261,0.631568000374996,-2.31672406761045,12.528791567791,0.218735130890598
1995,"Medium cap","Med BM",0.252947251485274,0.718882796501575,8.10983633532689,25.5616382755006,0.334184470668765
1995,"Medium cap","Low BM",0.218401537005054,0.657662776319253,4.90672005720659,6.44881569740315,0.290344457549161
1995,"Small cap","High BM",-0.117932316139461,0.629935286125578,-5.13563188027764,13.9336223049605,0.195810599355532
1995,"Small cap","Med BM",0.0984685353579772,0.579458160095049,5.80232090655364,16.0508761012841,0.177378778948523
1995,"Small cap","Low BM",0.00834249707074012,0.506542489479415,0.321419248003371,5.05002946255687,0.168267973616392
1995,"Large cap","High BM",0.252433474474732,0.516026041100137,1.16645040742204,6.38828288295554,0.164341371055146
1995,"Large cap","Med BM",-1.56682825592979,1.83470454491273,-1.81664208369013,4.41518233638687,0.0821054162737371
1995,"Large cap","Low BM",0.458138073455105,0.780165742257929,4.69007702587857,13.3589152141855,0.263374240058198
1996,"Medium cap","High BM",-0.0800070292260354,0.598863768388794,-1.24785373299951,13.8300499296226,0.225333277108796
1996,"Medium cap","Med BM",0.288352085269384,0.697277106255228,8.62139809758195,22.7881889883551,0.296421438321096
1996,"Medium cap","Low BM",0.205869586106357,0.681618812047443,5.14220700004416,6.6536761333801,0.28506792404687
1996,"Small cap","High BM",-0.102140943074457,0.614307923730174,-4.62641188170242,13.0683263405693,0.191574980594541
1996,"Small cap","Med BM",0.101840802164607,0.567513693184722,6.12562487952037,17.1009028252663,0.172687739499428
1996,"Small cap","Low BM",0.00974314777113696,0.516632821555524,0.361071776771367,5.00519330008365,0.169157871540579
1996,"Large cap","High BM",0.495530206664974,0.43481487198446,2.51684115227799,6.3727568927037,0.126554313240645
1996,"Large cap","Med BM",-1.90562640772934,2.06498679146291,-2.01115234063648,4.32780817846905,0.0810295032974954
1996,"Large cap","Low BM",0.499830121484578,0.758658782044486,5.08680429363362,12.8001049274915,0.249509834107198
1997,"Medium cap","High BM",-0.00724525018663678,0.614201332646408,-0.117193638732969,14.8416025221096,0.243344443821075
1997,"Medium cap","Med BM",0.289792560868261,0.707569879526476,8.94809045523397,22.2602766156061,0.29051685247195
1997,"Medium cap","Low BM",0.170152565865148,0.695684259131747,4.83684650366146,7.08987329815048,0.287713357136472
1997,"Small cap","High BM",-0.0828740894054897,0.59766534375817,-3.77362105653288,12.8051371689438,0.188494036775916
1997,"Small cap","Med BM",0.101715856026915,0.575996548494285,5.91823408470161,16.0088398517056,0.170797503741737
1997,"Small cap","Low BM",0.0107217113496656,0.53101380247341,0.378646581560057,4.85065797475022,0.168172802121523
1997,"Large cap","High BM",0.584044930479196,0.426876875003485,3.06268090104252,6.13151431022306,0.118779524191485
1997,"Large cap","Med BM",-3.30798657048593,2.8278016857864,-1.8719165959087,3.08086220652577,0.0426064779247776
1997,"Large cap","Low BM",0.498436398747096,0.75620247661655,5.60370762947358,13.4581423040481,0.257197806644327
1998,"Medium cap","High BM",-0.0195117527595142,0.643544133462079,-0.318913735963426,15.9942301394193,0.264040447942367
1998,"Medium cap","Med BM",0.237044438514855,0.734193285453611,7.58815753779437,22.7727548295633,0.298886168521748
1998,"Medium cap","Low BM",0.130454753066709,0.794625378838575,4.02770942244268,8.94355185582307,0.298831111021165
1998,"Small cap","High BM",-0.0845710587007634,0.589316382025921,-3.9167164512896,12.6351314367029,0.187386372423516
1998,"Small cap","Med BM",0.0862751481193071,0.590282893966958,4.90935988810115,16.6853628115812,0.170763858355351
1998,"Small cap","Low BM",0.00065587433544406,0.569361454375131,0.0220280424344546,5.05940598834999,0.177825904837518
1998,"Large cap","High BM",0.732871778559484,0.46406975352012,3.77225551164519,7.09367313583723,0.165053772169005
1998,"Large cap","Med BM",-4.55425370878507,3.42509275277627,-2.15046852820645,3.11769485732768,0.0435315207484763
1998,"Large cap","Low BM",0.466990285233575,0.744334533056172,5.87030972268622,15.0753833703087,0.317763529502557
1999,"Medium cap","High BM",-0.064404020355804,0.659882082425458,-1.1368754473877,16.2551696065099,0.272374627575964
1999,"Medium cap","Med BM",0.180054263123569,0.770174682537075,5.98854280977732,24.759862050347,0.335127069315376
1999,"Medium cap","Low BM",0.126909024126643,0.754687057320535,4.60420065196067,9.84460078972324,0.303583876912915
1999,"Small cap","High BM",-0.0865347547555952,0.484546646556656,-3.23455266644054,8.40219223512095,0.0992758051104898
1999,"Small cap","Med BM",0.0735262477336206,0.564516377003468,4.20979032587302,17.3446563289876,0.154577685347524
1999,"Small cap","Low BM",-0.000716181152701931,0.533395690810514,-0.0221793391507142,4.58575199126242,0.159803560523748
1999,"Large cap","High BM",0.143147269881716,0.603071043778711,0.778370378749693,8.89334607291669,0.273251439100002
1999,"Large cap","Med BM",-4.2358237825234,3.28566622158451,-2.09388812928258,3.03128410701431,0.0399899444670584
1999,"Large cap","Low BM",-0.756959424400244,1.92833537342571,-0.614469944267974,1.58990337093853,0.0101475507433511
2000,"Medium cap","High BM",-0.03005569818686,0.636272672471931,-0.559380963381562,15.559694365846,0.253321721465585
2000,"Medium cap","Med BM",0.200396462420234,0.751886472382954,6.31998067229424,23.3715827813266,0.311254240691667
2000,"Medium cap","Low BM",0.118672129760084,0.757018760585819,5.0546669709616,10.2821224303505,0.323004077272453
2000,"Small cap","High BM",-0.071877845051003,0.431251244086185,-2.68454149409759,7.96240808945114,0.0835296802564536
2000,"Small cap","Med BM",0.0780197517685588,0.559986565385262,4.35533658752142,17.4027932983245,0.149381446512568
2000,"Small cap","Low BM",-0.0242949797306447,0.455573054987118,-0.814609728530485,4.69763141728529,0.119894507754033
2000,"Large cap","High BM",0.303604058203369,0.573076547351603,1.71151994975914,7.97168136580837,0.295010804504277
2000,"Large cap","Med BM",-4.71565650972494,3.71210696066494,-2.22193391372422,3.077865362875,0.043268354972184
2000,"Large cap","Low BM",-0.181581174033998,1.55394364432901,-0.246912622729222,1.74781005960681,0.00763550389441603
2001,"Medium cap","High BM",-0.077714375531035,0.701291333643874,-1.40584590314341,16.2928561303475,0.26440026994671
2001,"Medium cap","Med BM",0.203120131727016,0.75166150812561,6.65912964385138,23.9006795377642,0.310564613257584
2001,"Medium cap","Low BM",0.130930179974552,0.685805301449348,6.8609731144197,11.2711919422057,0.312927330389021
2001,"Small cap","High BM",-0.111771193670899,0.340897430365518,-2.59401741538511,3.25750528001415,0.0205116620661401
2001,"Small cap","Med BM",0.0838758554260027,0.552598002023447,4.51455779294796,17.1909245187027,0.140786792778822
2001,"Small cap","Low BM",-0.045235379789385,0.413047348339012,-1.46044646663557,4.53643096193741,0.0987268966064846
2001,"Large cap","High BM",0.262714260393748,0.647197499071917,1.6411640083763,8.19668643645071,0.176090744466783
2001,"Large cap","Med BM",-6.245191125132,4.7098077733201,-2.3239591347186,2.9761875812029,0.0418174330470097
2001,"Large cap","Low BM",-0.0672440637999669,1.44800761157783,-0.122103585997402,1.87675892672006,0.00728340124586402
2002,"Medium cap","High BM",-0.152203777203116,0.73852501646038,-2.38976877190748,15.1042164579826,0.229022807972598
2002,"Medium cap","Med BM",0.192762956461218,0.751013828983774,6.40898691024057,23.8481218709124,0.314650409368256
2002,"Medium cap","Low BM",0.137193605754394,0.621837525265589,4.26546423099169,10.3628287418058,0.0925675239055723
2002,"Small cap","High BM",-0.107848600031959,0.30559355892488,-2.40292211200053,2.82373980522058,0.0158884322270009
2002,"Small cap","Med BM",0.0943676040494278,0.539179358130732,6.62043537833191,16.9274461090648,0.239870845636384
2002,"Small cap","Low BM",-0.0741827580232441,0.271464106118523,-2.45038004605547,3.76576675425913,0.0417432354533249
2002,"Large cap","High BM",1.41747619026027,0.513413817024095,0.81540503156775,1.82907953140232,0.00211258749551957
2002,"Large cap","Med BM",-5.72936761591951,4.56342464400465,-2.36269579989436,3.0365701736691,0.0394288739974089
2002,"Large cap","Low BM",-0.0968502185739178,1.43868878157083,-0.196857589792193,1.98909441932431,0.00774839471636146
2003,"Medium cap","High BM",-0.102561725330183,0.68620289089075,-1.60640181047965,13.580341908491,0.20686478846373
2003,"Medium cap","Med BM",0.205143749485361,0.752117464017083,7.09128907949256,23.230398534279,0.245678910146756
2003,"Medium cap","Low BM",0.166139382047416,0.542419867662146,4.81498812743432,8.63422807048634,0.07034306160401
2003,"Small cap","High BM",-0.137466025805336,0.306955198131732,-2.92312589543466,2.56447050206564,0.0148070636251049
2003,"Small cap","Med BM",0.0962779552262606,0.530240346773413,6.59204479874039,17.0899308879229,0.240023876313008
2003,"Small cap","Low BM",-0.0943772052707785,0.173293938283677,-2.74648655572377,2.48126254411692,0.0202792449348572
2003,"Large cap","High BM",0.614901406058414,0.7323538728102,0.394621939322425,2.52729862111634,0.0066473973370772
2003,"Large cap","Med BM",-6.53568541829943,5.36440050129874,-2.39027324856626,2.95452204200399,0.0327904322542909
2003,"Large cap","Low BM",-0.0859833289820295,1.43458775445553,-0.180209725676343,2.02955817163205,0.00790015555724888
2004,"Medium cap","High BM",-0.0624093646294366,0.672877071936936,-1.07223959540966,13.5879654642376,0.2175325343702
2004,"Medium cap","Med BM",0.202956081566204,0.748314954815475,7.27252560756415,23.7801871500299,0.250472340122603
2004,"Medium cap","Low BM",0.180958465972124,0.365970734655931,5.02872711012099,4.46134208863112,0.0343185802311113
2004,"Small cap","High BM",-0.15145584057616,0.299751460878102,-2.9765561424022,2.50359666370273,0.0143496004785324
2004,"Small cap","Med BM",0.100901834166849,0.500196620283714,6.68924843532575,15.8613069688875,0.225280188270856
2004,"Small cap","Low BM",-0.0649777069692521,0.154040691983388,-2.20767577224087,1.91590935366022,0.0303413176669679
2004,"Large cap","High BM",0.652119203301594,0.691477223920707,0.47177961114747,2.51863139250579,0.00626311262778789
2004,"Large cap","Med BM",-8.61800156149322,7.08062739665384,-2.19758976828039,2.58014107287623,0.0232701165239726
2004,"Large cap","Low BM",-0.0103043884846625,1.40167569526599,-0.0226774348309562,2.03707604206231,0.00820709554382615
2005,"Medium cap","High BM",-0.0760809898829713,0.647013633883725,-1.32230229061071,12.5577414384346,0.19462222165223
2005,"Medium cap","Med BM",0.198681898327615,0.757829883897788,7.24694799779424,23.4956344840016,0.255298528059495
2005,"Medium cap","Low BM",0.164291215163285,0.410795926719538,4.56735109626437,4.89153435865715,0.0377566205955543
2005,"Small cap","High BM",-0.175745871421901,0.275741921204502,-3.07066692142438,2.181092290634,0.0116704274441881
2005,"Small cap","Med BM",0.103313731070247,0.513267208582684,6.74079274785433,15.586729468614,0.239894574570588
2005,"Small cap","Low BM",-0.083732108352909,0.103130651262049,-2.62205837673466,1.2635922536066,0.0139484114830947
2005,"Large cap","High BM",0.633657545156945,0.692613012481821,0.473444180151667,2.5965718832031,0.00665968054005428
2005,"Large cap","Med BM",-10.919891217698,8.79764826247646,-2.35744776906914,2.68017550550044,0.0256842954022722
2005,"Large cap","Low BM",-0.0191450738309021,1.42508323016622,-0.0444094552590216,2.15222375672487,0.00889358416950703
2006,"Medium cap","High BM",-0.0993658177124125,0.655668374216188,-1.71841926699894,11.6922483532759,0.191410813194762
2006,"Medium cap","Med BM",0.163979270693805,0.790853470896667,6.83671005810022,25.7349693174162,0.273744990010055
2006,"Medium cap","Low BM",0.159705359217463,0.434713484783736,4.32079242218823,5.00556135934342,0.0414597363840179
2006,"Small cap","High BM",-0.207446117069192,0.278098592093569,-3.1629437516002,2.03727825406964,0.011242266266711
2006,"Small cap","Med BM",0.095012275401841,0.501971366138356,5.9651639266809,14.7552745634553,0.225608568198765
2006,"Small cap","Low BM",-0.0903247186213002,0.0943166017331181,-2.58991868723123,1.07480728355474,0.0114659530054941
2006,"Large cap","High BM",0.552426217274564,0.702150729594026,0.43581410998496,2.7620326952846,0.00714504824392415
2006,"Large cap","Med BM",-14.0428188312011,10.8679980439877,-2.48958074444403,2.75373479279365,0.0301490330124939
2006,"Large cap","Low BM",-0.0872598944552803,1.52582199385474,-0.204836640001575,2.36125414589154,0.0106049937540829
2007,"Medium cap","High BM",-0.120376844263643,0.637565390274761,-2.09602929337976,11.0960872200959,0.182225275586964
2007,"Medium cap","Med BM",0.159361639262026,0.784502525548566,6.90474801748073,26.1494478624247,0.276410699293125
2007,"Medium cap","Low BM",0.187319241497221,0.388780483657518,4.56102951634631,4.38549604718047,0.0313189290440087
2007,"Small cap","High BM",-0.252653040874095,0.275878293584121,-3.42660178687264,1.86125377657795,0.0103063226646645
2007,"Small cap","Med BM",0.0970739963823325,0.477233846675434,6.2807075159823,15.3906279933625,0.21652798246102
2007,"Small cap","Low BM",-0.127390184245024,0.0693245484289952,-3.19611266794042,0.807502252012575,0.00612965992337167
2007,"Large cap","High BM",0.621638419867106,0.565557284438854,0.523587748282909,2.51599031528897,0.00525026861834588
2007,"Large cap","Med BM",-17.5164318667041,13.415863332967,-2.46758225528416,2.67914886389755,0.0294621256892665
2007,"Large cap","Low BM",0.00544957150253987,1.4725557360099,0.0124194356229086,2.33476093597498,0.0105996500399085
2008,"Medium cap","High BM",-0.195985099911172,0.648032100434029,-3.35104251992941,10.5810206205404,0.179769825491043
2008,"Medium cap","Med BM",0.147648631741192,0.787706551675512,6.25403146302949,26.4614474140897,0.278994093372694
2008,"Medium cap","Low BM",0.17681261897379,0.346487521971805,4.14212174999394,3.81778508778293,0.0243315778408815
2008,"Small cap","High BM",-0.280001080256537,0.258068667403461,-3.41744404220376,1.68375008191904,0.00873873928804492
2008,"Small cap","Med BM",0.0929573156260676,0.489845418736482,5.71375062875163,13.6522811677709,0.223700208953653
2008,"Small cap","Low BM",-0.0500287633314297,0.210604551754959,-0.599657657776518,1.07989822513543,0.0369810434938355
2008,"Large cap","High BM",-9.97070493426023,12.6433612153753,-0.972865444255972,1.06817211090739,0.0285629450670783
2008,"Large cap","Med BM",-16.2029813680655,12.4072783763959,-2.38271964358209,2.60133059156247,0.0291809147247767
2008,"Large cap","Low BM",0.0767768226867652,1.42573022217006,0.191840005612997,2.45230461115507,0.0111618180501829
2009,"Medium cap","High BM",-0.463055714255423,0.580530609112612,-6.13827175854152,9.32375304309885,0.0815240563152309
2009,"Medium cap","Med BM",0.140755616421241,0.769216739492471,5.41308876850683,25.1846748214436,0.247269302549121
2009,"Medium cap","Low BM",0.171351297004065,0.287592122891571,3.69062920166262,3.11220041507413,0.0173799643030614
2009,"Small cap","High BM",-0.278379708208629,0.356384966034439,-3.58314856004715,2.74068076417973,0.0214584443690155
2009,"Small cap","Med BM",0.0994764111011307,0.481205558520658,6.50813259086291,13.2633901406043,0.261331981669183
2009,"Small cap","Low BM",0.00323321038253291,0.210992899913988,0.0328292803838972,1.07030223586632,0.0214682681656156
2009,"Large cap","High BM",-13.8067534130735,15.4729956838817,-1.33996995720036,1.37769316664309,0.0501207539019154
2009,"Large cap","Med BM",-16.2267171150123,12.2812075376347,-2.38893276156262,2.60594100122568,0.030658878716462
2009,"Large cap","Low BM",0.454823310596754,0.868719404927696,3.54655064823708,7.89048681786308,0.107254383033009
2010,"Medium cap","High BM",-0.460545628995215,0.456188170540837,-6.86510806879545,8.49117129181794,0.0627601328722447
2010,"Medium cap","Med BM",0.175654174747613,0.710712423707135,7.56957709204757,25.2918852464664,0.233226624577202
2010,"Medium cap","Low BM",0.168137826640396,0.217941975107717,3.34178772853396,2.49360204773767,0.0111061018130474
2010,"Small cap","High BM",-0.390422050820736,0.380445446203026,-4.31975598978499,3.17037119985705,0.0236288707132518
2010,"Small cap","Med BM",0.0936658948337546,0.525793662197725,5.35905534243827,11.3345006633626,0.258154796825727
2010,"Small cap","Low BM",-0.00879374006143196,0.176435126262905,-0.100248808330478,1.248226516301,0.0206726022515947
2010,"Large cap","High BM",-4.75818929194562,11.9649785063444,-1.2175349841738,1.37457163055092,0.0367075993580931
2010,"Large cap","Med BM",-13.657597304633,10.8796860408271,-2.28903311747337,2.5314122603994,0.0248395416993354
2010,"Large cap","Low BM",0.425556471214353,0.899393373477983,3.06068109024392,7.82516897828791,0.115622356440627
2011,"Medium cap","High BM",-0.453256665584805,0.402389051664814,-6.96890959372277,7.90643540924958,0.0544249160722996
2011,"Medium cap","Med BM",0.211230068908034,0.675312802522521,9.21708790687044,23.5697098937895,0.216114211774256
2011,"Medium cap","Low BM",0.1751328348527,0.150197013295655,3.295213083867,1.89993826659544,0.00625016124628941
2011,"Small cap","High BM",-0.327186862418598,0.421553626052503,-8.30689459943738,7.53355036898006,0.0860525160257339
2011,"Small cap","Med BM",0.0994968267484865,0.548702572027944,5.14285283690688,9.50735734931995,0.262711768054562
2011,"Small cap","Low BM",-0.000168255535526933,0.172879500940573,-0.00193824260602441,1.49581483044013,0.0254053220458691
2011,"Large cap","High BM",-3.78363401201753,10.8623684065104,-1.17844101956543,1.37679571999169,0.0345843348482464
2011,"Large cap","Med BM",-11.3273079996966,9.65933004749167,-2.13276511506681,2.41059932542782,0.0213348086220843
2011,"Large cap","Low BM",0.586944138869616,0.846198956339443,3.5631628109033,6.67606588478639,0.102814948298574
2012,"Medium cap","High BM",-0.401744613015721,0.370364935712074,-6.41923709940356,7.45733730249785,0.048837947827941
2012,"Medium cap","Med BM",0.227454003933639,0.681007934281573,10.0479779464041,22.7389721671981,0.213388966550353
2012,"Medium cap","Low BM",0.175460708901964,0.180967977699024,5.1520524397087,2.23682677625026,0.0170880146859508
2012,"Small cap","High BM",-0.318578855530979,0.455431856639534,-7.49726926851823,7.8706131466113,0.103073851048447
2012,"Small cap","Med BM",0.0939140146049289,0.538692715067927,4.49591881726232,8.24306465719155,0.243573376032831
2012,"Small cap","Low BM",-0.00287964922379939,0.174087995447024,-0.0305625996514925,1.56085426241104,0.0291551551959565
2012,"Large cap","High BM",-4.3983032753771,9.46128637982376,-1.34811894771979,1.38279243042424,0.0274971681547367
2012,"Large cap","Med BM",-11.428656896716,9.62542009116002,-2.11254840802368,2.39939912324619,0.0229695372042276
2012,"Large cap","Low BM",0.628299799480803,0.881892559127267,3.75705508007962,7.07442274196445,0.120565844596286
2013,"Medium cap","High BM",-0.419445051758001,0.389983429097964,-6.6314711654112,7.77747257637792,0.0503047771646217
2013,"Medium cap","Med BM",0.213714857414139,0.671843609873182,9.37137143548295,23.9958229084579,0.288548988179958
2013,"Medium cap","Low BM",0.169026079722981,0.243063737594605,4.8524998288329,2.76173523793173,0.0248056381279341
2013,"Small cap","High BM",-0.341874827496449,0.433366433412379,-7.46230561061858,8.44960350878621,0.09517462027422
2013,"Small cap","Med BM",0.073459084791637,0.558728027669754,3.25595167092569,7.46119036634688,0.226327008513158
2013,"Small cap","Low BM",-0.0350462334371419,0.161895561451098,-0.34224267263937,1.53336527193285,0.0290506744227397
2013,"Large cap","High BM",-5.859610067849,9.15926851563791,-1.28677667345094,1.37388423536236,0.0244149421653979
2013,"Large cap","Med BM",-10.8356045863036,8.71216589985568,-1.95851466660517,2.25021394910208,0.0208314302032764
2013,"Large cap","Low BM",0.561919739707387,0.92403051929634,3.36282669486273,7.71158275202916,0.143503694972466
2014,"Medium cap","High BM",-0.410012139915978,0.377132911576141,-6.44303327409814,7.64936276127481,0.0456960007091878
2014,"Medium cap","Med BM",0.197196072148957,0.681318023300034,8.14819709285119,20.6859236765421,0.268740305093932
2014,"Medium cap","Low BM",0.144859032354007,0.39146453749633,3.74213530924651,6.08063564932111,0.0582675679577533
2014,"Small cap","High BM",-0.358745137580195,0.415043303934387,-7.42103337823454,7.76157150156793,0.0928394332123388
2014,"Small cap","Med BM",0.0602697834620964,0.659277558218346,2.44248155289172,7.77393140766896,0.253104389450957
2014,"Small cap","Low BM",-0.16491098973615,0.191303636954423,-1.3368431776774,1.66945055281963,0.0350679828821826
2014,"Large cap","High BM",-7.9256446584603,9.37607260034045,-1.30717153550681,1.38711112361914,0.0282104102916761
2014,"Large cap","Med BM",-9.11017659131187,7.18531485944204,-1.70527689441582,2.01526442219193,0.0190029856805989
2014,"Large cap","Low BM",0.513975841026691,0.955689490822717,3.11850580968911,8.51921801985907,0.163873825893673
2015,"Medium cap","High BM",-0.4131372033461,0.381701650425119,-6.52245191938342,7.88609212030393,0.0467039476503625
2015,"Medium cap","Med BM",0.176879788241706,0.676165142725751,7.19776829321515,22.1023291316975,0.274334176601428
2015,"Medium cap","Low BM",0.137547036125065,0.404570528569183,3.304926272064,5.91844575807703,0.0614814444988027
2015,"Small cap","High BM",-0.375730088484111,0.430158762220994,-7.45109795668684,7.64716415642744,0.0920486217862897
2015,"Small cap","Med BM",0.0362658942087022,0.7001192360597,1.24549261296037,7.26051681157157,0.252710888958641
2015,"Small cap","Low BM",-0.308715470543746,0.0235019244178368,-1.89513301870926,0.145800411211987,-0.00130037492988322
2015,"Large cap","High BM",-9.64983265658862,9.58834962223161,-1.32538869475347,1.39755689509093,0.0354917413853267
2015,"Large cap","Med BM",-6.81956290326303,5.56339060852439,-1.43562641557075,1.78027437007539,0.0147406509290986
2015,"Large cap","Low BM",0.499041697147832,0.959111321593032,3.0568742071041,9.24102394669286,0.184780537239955
2016,"Medium cap","High BM",-0.411424172283117,0.298283882008969,-5.76041030129058,5.71142578864044,0.0225695505921268
2016,"Medium cap","Med BM",0.179521533220856,0.651343627340347,6.97127194433589,19.837894514477,0.256697434339056
2016,"Medium cap","Low BM",0.121357251447538,0.340296402094153,2.6431782537094,4.42599973970003,0.0381206908303756
2016,"Small cap","High BM",-0.415799896157359,0.379779244986159,-7.72241178382663,6.99366471310893,0.0715065219479921
2016,"Small cap","Med BM",-0.0306323242550963,0.624493913967772,-0.570523003693455,3.51322497385993,0.119391452063458
2016,"Small cap","Low BM",-0.403187608170754,0.0262443617213019,-2.19727340866335,0.167564837031209,-0.00134091537914127
2016,"Large cap","High BM",-9.56108755269592,9.00761545106129,-1.36139917409107,1.40977239592435,0.0342000423485879
2016,"Large cap","Med BM",-4.22258999882874,3.83227033056275,-1.06796919342103,1.46978078767185,0.0101885619319999
2016,"Large cap","Low BM",0.560268902833463,0.906827127822974,3.82250177733765,11.6344343480672,0.225337338758906
2017,"Medium cap","High BM",-0.414402863241823,0.330872833460217,-5.9174607173734,6.30171335828798,0.0279725769571583
2017,"Medium cap","Med BM",0.171517156144231,0.645868142656527,6.48719430261828,19.0039182207729,0.250873584095497
2017,"Medium cap","Low BM",0.0759248700048775,0.347581939896644,1.64560119665306,4.46543715405162,0.056927851859449
2017,"Small cap","High BM",-0.404113187406296,0.502803942475153,-6.67324214743075,4.6350687508015,0.109191817103972
2017,"Small cap","Med BM",-0.0808678535497276,0.558376049171403,-1.20147081925995,3.59866048611151,0.115716398527316
2017,"Small cap","Low BM",-0.375662209188758,0.0541158596067089,-1.93585713397922,0.347054338148096,0.000972729181797249
2017,"Large cap","High BM",-8.33404359043534,8.35758337860027,-1.34911750092738,1.41514353585619,0.031640266995045
2017,"Large cap","Med BM",-0.225192451281713,1.19546053845234,-0.936685942697522,7.47452801072636,0.174334149400267
2017,"Large cap","Low BM",0.458389399597691,0.96038065226682,4.24219603007541,15.7203298007413,0.338157292236829
2018,"Medium cap","High BM",-0.404644274107763,0.329289860645307,-5.66842671233943,6.34603588805008,0.0263238440824838
2018,"Medium cap","Med BM",0.209779253778887,0.61788631189665,7.95703101663834,17.8989404588838,0.237954290494869
2018,"Medium cap","Low BM",0.0613195981875607,0.338702613576752,1.18565019018963,4.34080814580029,0.0556508978653842
2018,"Small cap","High BM",-0.388864012500631,0.472621435815459,-6.50861830504342,4.84417123543108,0.109503286074703
2018,"Small cap","Med BM",-0.107830795690883,0.485556616902147,-1.30984528821526,2.9931809455962,0.0942770069601274
2018,"Small cap","Low BM",-0.36555741734394,0.0907323605211094,-1.66679372417872,0.387613120073283,0.00261408499176607
2018,"Large cap","High BM",-2.13178725311301,2.69835197223378,-1.07789016706273,1.30101985352173,0.0253602170365712
2018,"Large cap","Med BM",-0.174543140425737,1.2188657832768,-0.730530989662559,7.53759367312243,0.176475470486379
2018,"Large cap","Low BM",0.4358166030174,0.993690905172191,3.91416977037795,15.4767081062776,0.353070358973088
2019,"Medium cap","High BM",-0.16380424617598,0.381887394154476,-2.70973673845906,7.33817214844946,0.0525355103540891
2019,"Medium cap","Med BM",0.274628263941808,0.645462338149869,11.9718993497604,18.5075139839818,0.31098272876599
2019,"Medium cap","Low BM",0.0558435735512431,0.359177835651305,1.04826820301095,4.6716850066258,0.0681565199491637
2019,"Small cap","High BM",-0.436207481766003,0.515783977089854,-6.25587463405236,4.71842821530473,0.105455794194749
2019,"Small cap","Med BM",-0.12464821449113,0.478402602129955,-1.31233883303992,2.67821391330568,0.0833637248667883
2019,"Small cap","Low BM",-0.551151972279988,0.0747337195524054,-3.00409087436055,0.331535239456467,0.00176391245703644
2019,"Large cap","High BM",0.143474222312211,0.679292684368674,0.941551566305877,10.0525134183971,0.235158214219234
2019,"Large cap","Med BM",-0.0538341415488069,1.17799625722082,-0.234630464150996,7.71117766798151,0.186066898320589
2019,"Large cap","Low BM",0.405530615254658,1.07382373102748,3.23687254714091,14.0481124471114,0.341512934494157
2020,"Medium cap","High BM",-0.120737995419703,0.44226855334374,-1.54975715964309,5.27576257131574,0.0472909688375455
2020,"Medium cap","Med BM",0.237211587115144,0.719062833003553,10.3888704371641,17.5821179689565,0.343113873537683
2020,"Medium cap","Low BM",0.0516687481465395,0.439317977071029,1.01168356975551,5.11657627591668,0.0838499279524852
2020,"Small cap","High BM",-0.415765351177015,0.447283596843597,-5.03217402593223,4.02283278899967,0.0923818204886837
2020,"Small cap","Med BM",-0.206338521826161,0.379641007545327,-2.41331431669035,3.06423022237524,0.0672307404102033
2020,"Small cap","Low BM",-0.530646421583826,0.132082137901775,-1.76816610784472,0.36191898474324,0.00563858913895354
2020,"Large cap","High BM",0.00225629847195076,0.705116618888294,0.0114468582597535,9.59429627430117,0.211140978254127
2020,"Large cap","Med BM",-0.060442201991104,1.19925907118604,-0.22821962629769,7.67068331102333,0.180218749377025
2020,"Large cap","Low BM",0.245142268899735,1.14686722625462,1.73210683941465,13.4790202490137,0.332041307979354
2021,"Medium cap","High BM",-0.429017037666408,0.564535898083461,-3.52184088185022,4.55767877669773,0.0386966496954944
2021,"Medium cap","Med BM",0.190952909538032,0.774964541724641,7.83735977841302,16.7725229004119,0.374544293574448
2021,"Medium cap","Low BM",0.0493019323421023,0.494973322895002,0.92663979013932,5.18891488567659,0.0875853302090586
2021,"Small cap","High BM",-0.482379669038648,0.487732446979825,-5.19618876070721,3.84617397078839,0.096278364681187
2021,"Small cap","Med BM",-0.427521608010114,0.443742524471757,-2.67893744707866,2.60358446597163,0.00676146303665537
2021,"Small cap","Low BM",-0.469823517197648,0.196552986885163,-1.02268925436987,0.374811363410478,0.009138418441893
2021,"Large cap","High BM",-0.56563789223282,0.87777291931041,-2.14655046633186,6.18678613149847,0.257173975877761
2021,"Large cap","Med BM",-0.209979660186669,1.2111544215379,-0.740230553429934,7.85292278795404,0.204654077632092
2021,"Large cap","Low BM",0.0878094405124134,1.19675565688683,0.584123113149557,13.397770178202,0.35240361606188
2022,"Medium cap","High BM",-0.369844225012991,0.498646836008818,-2.90257615585936,3.95333974312597,0.0337114233647456
2022,"Medium cap","Med BM",0.232449328738455,0.786489183504734,8.27721100557553,14.0857994978221,0.353042183620711
2022,"Medium cap","Low BM",0.0366123034535905,0.389901349460025,0.643795324163988,4.01536990742514,0.0692311538790658
2022,"Small cap","High BM",-0.521045474724055,0.493343470753443,-4.9633536332097,3.76453930283346,0.0978016523840229
2022,"Small cap","Med BM",-0.444050006708068,0.441454520279387,-2.59887080174143,2.74078442209014,0.00640449359313622
2022,"Small cap","Low BM",-0.582642683467246,0.133288668158622,-1.36668740922264,0.285514340457937,0.0036021312404998
2022,"Large cap","High BM",-0.319757079495707,0.856205278966161,-1.20372824287681,5.75128994325125,0.236688830042349
2022,"Large cap","Med BM",-0.241525814758978,1.31832102083603,-0.749615947427524,7.53927028443003,0.209430397358485
2022,"Large cap","Low BM",0.229972974948817,1.24590498192112,1.31458843567118,11.914999203834,0.303396864297811
2023,"Medium cap","High BM",-0.438994958094601,0.50733800134747,-2.93968881657136,4.08465372252024,0.0313883510641569
2023,"Medium cap","Med BM",0.220753664137249,0.740882151416627,6.29221081529331,8.30851344556655,0.256980433238394
2023,"Medium cap","Low BM",-0.00578443197088905,0.384542584538574,-0.0915996895082632,3.68823970279432,0.0810772183428708
2023,"Small cap","High BM",-0.741380545644718,0.521916988358371,-5.97236094821426,3.61096805163616,0.0879606742438136
2023,"Small cap","Med BM",-0.510298709372277,0.456731031600736,-2.6272424112749,2.90810937995153,0.00822088942896904
2023,"Small cap","Low BM",-0.630733086631736,0.123710978911486,-1.35866490108718,0.257045330376071,0.00244550886046702
2023,"Large cap","High BM",-0.374762330073459,0.835772407274608,-0.918057351855636,3.65566402629355,0.176029174642666
2023,"Large cap","Med BM",-0.11222679250826,1.23137520188913,-0.370111512905485,8.0984005501463,0.228440683761838
2023,"Large cap","Low BM",0.038247516945021,1.3596985650508,0.169413248861884,10.7900749150046,0.290541197644055
