"year","forecast_horizon","intercept","A","D","E","AC","t_intercept","t_A","t_D","t_E","t_AC","adj_r_squared"
1968,1,3.51007965310192,-0.00560598117725094,-0.044720181092907,0.979258546828914,-0.201444857742409,2.15443688618186,-0.866264425842301,-0.0943313378144894,3.23585485840747,-1.90963349046169,0.96387323997137
1969,1,2.78451930647305,-0.00839335600282098,-0.499863729399273,1.34077485096984,-0.13868752028765,1.40710381539619,-0.897806380765476,-1.35086309093359,6.10916888837537,-1.57106571600915,0.966083117488859
1970,1,1.36793087514523,-0.00622998095717128,-0.605495238608439,1.41966934417836,-0.108294792943805,1.20939813913388,-0.786779348785803,-3.21878209335728,9.5766070750776,-1.69479907871502,0.975951428189997
1971,1,-1.5354859775825,0.0059873779825169,-0.864072805283004,1.45136490727058,-0.0364809324338892,-0.985027171951211,0.65618263894482,-2.18897271067222,7.25158647587199,-0.544522800070491,0.943310176353002
1972,1,1.55020300870614,0.00440719374490597,0.289883828069751,0.684021388091974,-0.118886031721197,1.21508211759484,0.516358983994539,0.468858604511196,1.70229313877401,-1.74135320360299,0.922633505993485
1973,1,0.923520993652546,0.00633491389754494,0.17141585133392,0.812996626035102,-0.0574761241168423,0.877680607312254,1.12711149969388,0.26908894959218,2.13253265601573,-1.05021148083659,0.932648270094502
1974,1,0.279311202058085,0.00894468703406726,0.0418282286402729,0.92003385002269,-0.0454266626122124,0.255640075165611,1.88765348764368,0.0755513863020271,2.86261756771596,-1.21941255930981,0.93614894926043
1975,1,-0.388503593034742,0.0140089459316246,-0.27076540400256,1.05178270241265,0.00531745406569106,-0.419319211027627,2.72279137254542,-0.549606638987286,4.00505558474164,0.134238910067943,0.918912253652675
1976,1,-0.0529483782306414,0.0140945822359104,0.190739890547401,0.78486170550721,0.0331564728579169,-0.072168915000468,2.81247113009016,0.574704606736009,4.92137435283201,1.06124225427463,0.914634237439243
1977,1,-0.735565576168265,0.0173197365250515,0.20595220038854,0.79054770384363,0.0509849525699942,-0.926402507137083,2.80472762936239,0.623353381244879,5.51440825829402,1.15146316938226,0.912281083186566
1978,1,-1.07609940713136,0.0141562896021512,0.239235178285994,0.853403772984927,0.0462822176374187,-1.38681151559461,2.01348595141734,0.764561592803097,6.55889002868825,0.920358232123746,0.908466133943331
1979,1,-0.888153601579176,0.0091602850069875,0.44260250364291,0.849281391620503,0.0134388340344918,-1.10727663575147,1.22733621760556,1.51268670530389,7.8640468739739,0.330180120257762,0.904210744321999
1980,1,-0.968011131576402,0.00549847081708808,0.513912398007114,0.903421174368879,-0.0196159293645169,-1.22372216705476,0.748639351691572,1.76444619066541,8.25444245323623,-0.502438540423325,0.893628280477101
1981,1,-1.09363033868617,9.88907957847425e-05,0.562792514733237,0.987546756309674,0.0349555411895918,-1.60173058472668,0.0139660693674397,1.60801542363583,8.58205723902658,0.427652856604887,0.848204580161168
1982,1,-0.461126771281558,-0.00665162607143442,0.702402707183632,1.00238715301144,0.0233940192838223,-0.732331503643409,-0.948282187195583,2.27747388282062,13.0585685695139,0.295108529079159,0.852459109695956
1983,1,-0.280226289898362,-0.0104168779441181,1.16507990633593,0.830901100061955,0.0441618384890614,-0.426903603985202,-1.49778787268299,3.84480108992232,11.6274788447648,0.692138987864453,0.840447441684822
1984,1,-0.946122225896076,-0.00948761841617586,1.15271808904372,0.823639335027172,0.0110063154668412,-1.27904064889425,-1.17927246519435,3.64491324051662,10.7337973166,0.181150177009015,0.831405228869738
1985,1,-1.84015121032958,-0.00797003194221407,0.974706075727516,0.909502850994651,0.0374518448462553,-2.20858567989889,-1.04782260092489,3.52240757956833,12.808848362219,0.630037142840197,0.831994275955546
1986,1,-2.70623824368767,-0.00741082533224606,0.9983674699659,0.896442039938172,0.0428227606064968,-3.12829519736402,-1.07717587433666,4.04985364019765,12.6202178488753,0.772166116357132,0.823967479084724
1987,1,-3.06986735889166,-0.00514979495951985,0.67892754903725,0.972594527620767,0.0356474054829402,-3.42646258307335,-0.805503985696694,2.95204361242865,13.3857714737648,0.761945954864262,0.797756099813756
1988,1,-2.83595555413109,-0.00336518089001088,0.686553221544198,0.937751131125682,0.0410433457348838,-2.498971700766,-0.48830928548651,3.27830792989551,12.5408946301683,0.945988964195558,0.781715594689704
1989,1,-3.3541925187307,0.00339991085256802,0.31369638862763,0.992238286824461,0.0312280790847071,-3.0834109558249,0.547990818853417,1.78813488875953,13.847204305122,0.82234502182746,0.780526919599086
1990,1,-3.12020839020751,0.00484193460284368,0.320556729627068,0.926348304085835,0.044882385507637,-3.2795885038171,1.44956279481448,2.29755200642101,14.8773209556584,1.38434244009799,0.783339939393355
1991,1,-2.20556607312396,0.00116738884582171,0.613640865047244,0.80547540519945,0.0460811976598484,-1.90970981595058,0.60752958459863,4.37929055059548,13.0092379379208,1.49610021967321,0.758845356467372
1992,1,-1.1980689350705,-0.00226414142265529,0.311617087362078,0.970188164633309,0.0349972832628611,-0.923976084738439,-0.837885332694847,2.29573929617047,11.3748736095559,1.26744695739046,0.710155199195987
1993,1,-0.508428690443185,-0.00413436533799826,0.403703117458119,0.990169906340147,0.0427369386443135,-0.401213956027245,-1.71100601829583,2.6644340925708,11.3231145374057,1.50264313448275,0.664690969941772
1994,1,-0.0680219571908136,-0.000986566224615015,0.326163777891898,0.969021966147335,0.0671646058271961,-0.0562890489884552,-0.505237271053476,2.20315086318386,10.1946141509297,2.10433613888475,0.634993223689712
1995,1,-0.961931799516015,-0.000146173104102428,0.307419673181526,0.957253578780661,0.0179848325103665,-0.86806632136277,-0.0900888455054965,2.60074356280387,11.2241930981152,0.553049593738792,0.645206817446602
1996,1,-0.965527464407243,0.000583319178679685,0.21875786357093,0.992979183555585,-0.00704934380823124,-0.906944561902204,0.425470075906145,1.99773059630295,12.40023066048,-0.221701798100417,0.668144959171839
1997,1,-1.85061109264992,0.000793631518549323,0.191696436878852,1.0058204522524,-0.0454938575444068,-1.80649198407967,0.682501177135132,1.78151285833189,13.2570405663706,-1.48468232381177,0.693125636735298
1998,1,-3.63559754074104,0.00203137997880802,0.0964014663545066,1.03527174857102,-0.0571169822040526,-3.47976841682292,1.96186105761675,0.952871048973437,14.7290623656426,-1.84427981483219,0.727765466112023
1999,1,-5.39324506136736,0.00302585716878686,0.0952307184152446,0.990370945445385,-0.0864718202216906,-3.8361129271517,2.72714876026902,0.98561402307186,15.5916619680591,-2.53567269827778,0.6879542952534
2000,1,-6.4812360185358,0.00387758209049327,0.0118048190610203,1.00904515461828,-0.115557030334728,-4.58072902808472,3.50812048660695,0.110930732031784,16.1338920937682,-3.36291593679862,0.705213409907507
2001,1,-10.232162635724,0.00394781948608235,-0.0258459440935609,1.0463437142339,-0.159131400630323,-6.6280132487184,3.61597805725684,-0.251038347443456,19.5854953920849,-4.82370158463389,0.710450408990779
2002,1,-12.6460394957105,0.00129582610089741,0.186518031000309,1.03523470108961,-0.1048647382695,-6.78109855562156,0.950589775893964,1.67712527965692,13.2414034840173,-2.1353291316842,0.45336120757852
2003,1,-12.6278546369943,0.000938653251470412,0.300460445806966,1.09440993724997,-0.00668948071869921,-5.80321792394324,0.578762397932763,2.56527215432082,9.86694226719338,-0.101425489934236,0.440444173481376
2004,1,-14.0459520104979,0.00121978915213285,0.269229544026237,1.06231084071398,-0.081339289989147,-5.84276349479586,0.79236430702479,2.19819958595562,10.6769981721495,-1.59203335548272,0.463869589221213
2005,1,-14.5339406744168,0.0019083240183508,0.365449180785517,1.03921519283849,-0.0575303081229181,-5.27021995045868,1.11093182377955,2.83690709001124,11.2955390556167,-1.13452157907306,0.48400614322161
2006,1,-15.0724826196915,0.00213127710811721,0.495226794811696,1.0467593650662,-0.0129079522421402,-4.67388799173742,1.17279545518499,3.81047396320733,12.0284400354416,-0.266230316887869,0.515789733635424
2007,1,-17.7489361211177,0.00291085873989034,0.605120482411255,1.02796695515212,-0.00677563093686245,-4.85983106487547,2.0604931871148,4.43851976687838,13.3069167664575,-0.132061860764567,0.535266392491881
2008,1,-19.7322201121063,-0.000189189198665963,0.593267113033644,1.06677983914463,-0.0318584386601538,-4.89819049352784,-0.141475977544073,4.06383694484731,14.7364605611654,-0.616607608734042,0.511918488618661
2009,1,-13.8101914232065,-0.00685247363662338,0.353023806516946,1.25952963782434,0.00745139079271221,-1.63633230852855,-2.59111899332669,1.59986187865296,10.3731073747408,0.0961791802891642,0.357480700469332
2010,1,-11.9744499948207,-0.00588137253585714,0.657728915973943,1.079787699655,-0.00598132645569523,-1.20644634822658,-2.2478194952303,2.78439716169513,10.7502456210535,-0.0754846802414069,0.338654061966159
2011,1,-10.7309143894021,-0.0048032679267435,0.762318926194235,0.994258997134347,-0.047736548389287,-0.990530377757153,-1.94727203535773,3.03928018266967,10.854497989911,-0.606664420292204,0.350236441358084
2012,1,-9.7086064103348,-0.00282635818165634,0.627960317362304,1.00707112093915,-0.0548289078007685,-0.896408030605333,-1.79392960691242,2.70232693227702,11.682944758868,-0.635187344518893,0.400780053159802
2013,1,-13.0124515319732,-0.00279452841481742,0.5295893278684,1.02589219964315,-0.069526595191704,-1.23481559458194,-2.19770609845721,2.45061417456733,12.136563688627,-0.758628136026096,0.429318091725327
2014,1,-18.4870548310652,-0.00215202158639548,0.484451923268408,1.05084643964331,-0.0516658544185787,-1.81513637253079,-1.95033528034613,2.43212307768778,13.205563584255,-0.575696446795688,0.456465888834959
2015,1,-19.4235733567566,-0.00198670270538621,0.47190878435842,1.03778992810255,-0.0384418292602632,-2.13944921703695,-1.98742251217301,2.58636674687695,13.683228015499,-0.474183558541772,0.474418977526965
2016,1,-25.1505353910157,-0.00176137687447446,0.393533938768076,1.03601642620451,-0.0392728809856309,-2.68711589464527,-1.78565874449335,2.25954321140591,14.1930111723203,-0.47092345452265,0.468500318286483
2017,1,-26.6678781584683,-0.00177170123690962,0.372617953007392,0.995279124591429,-0.0651927250356778,-2.80679151540698,-1.79216480323116,2.27773377541974,14.7434954318413,-0.8185261812975,0.474969811394474
2018,1,-22.0324610421879,-0.00180570158690415,0.437472247242487,0.975764259209534,-0.0688395984418573,-2.2860197441008,-1.85526188854435,2.66474881780405,14.0812103159962,-0.924627865142888,0.487603205051475
2019,1,-26.1631819347044,0.000274575226717397,0.536438190036391,0.923142304337348,-0.0949367976459611,-3.89646784742679,0.434180877699552,3.76343840105965,15.1774499442011,-2.73305128728501,0.612832065657039
2020,1,-37.3031730215438,-0.000329132287230973,0.43309814303845,0.94368044290722,-0.180222091112801,-4.4009045598028,-0.465819331591404,2.82145177968787,16.4226832353996,-2.69080066434782,0.626232518704523
2021,1,-47.1707433634979,-0.000788807103380247,0.280234283993952,0.985952190456721,-0.180711473502926,-5.29246037251944,-1.10196272772686,1.8170833461183,15.7840019135894,-2.75047280943233,0.593500320094636
2022,1,-49.6439694221246,-0.000338973414449132,0.336571973579414,0.998209100680856,-0.224678260516201,-4.93936233659877,-0.360229148513352,1.84043263740396,11.9049952817514,-3.3723840684017,0.550500334403159
2023,1,-58.6112758675632,-0.000386257770847891,0.475306509931778,0.934639576026477,-0.256344916022679,-5.24747770217435,-0.424197743507334,2.55704557674606,11.1066841365654,-4.12394427676323,0.529192338765963
1968,2,3.3005760130672,-0.00088169005780328,-0.74047432047203,1.37336487928108,-0.226244959967811,2.28201961214811,-0.105679451682394,-2.01987938799567,4.98461509209722,-3.26731170620545,0.96892103505227
1969,2,2.41790015017193,-0.00391496357358906,-1.03665359482277,1.61971518394518,-0.17039053170466,1.93174128427124,-0.62434024239621,-3.61174618473066,8.18639758986435,-2.5231705267408,0.970143589708595
1970,2,1.05884873424871,-0.00552222592618454,-1.66907540755028,1.94231122756514,-0.228054635633673,1.12077573828089,-1.05759344253516,-3.67223969718591,8.48600556778079,-2.89723164024624,0.950209839301833
1971,2,-0.0412802163751232,0.00375260001083939,-1.12808631495832,1.55563117680305,-0.179713906338164,-0.0403283777985999,0.657742664098596,-2.52552486158692,6.88870648606492,-2.38192324659372,0.949177813656432
1972,2,2.97299050161794,0.00703903663005602,0.155089273158011,0.696712898154263,-0.220414213870279,2.36652557768433,1.33687591727459,0.228123543392243,1.66892139110382,-2.65595705672974,0.926442539762038
1973,2,1.4850505469298,0.0134013673766323,-0.11367776646593,0.935470559097162,-0.142710700323555,1.12006055500731,2.57239776811712,-0.15089651162464,2.14236716550312,-1.87429094994827,0.922947307440374
1974,2,0.95781186765826,0.0220096976756861,-0.107048512575775,0.894614857286183,-0.054987990928399,0.692168335068692,3.70405476134374,-0.152176166291905,2.19637129781279,-0.668662452142821,0.889410409407542
1975,2,1.08572855090908,0.0238409257635982,0.0881323980407056,0.737502057472998,0.000136989240990722,1.16670551098913,4.48081294368147,0.167537391517311,2.70056398805777,0.00196112019014844,0.876463765865767
1976,2,1.52000014272604,0.0236902960116871,0.440035600569628,0.546742543014547,-0.0304580789671092,1.83112976021769,4.0126280295909,1.14950836966802,3.06035258832377,-0.433201811491562,0.873824045844287
1977,2,0.320374959768726,0.0290813849237334,0.598800179105491,0.487727944810783,0.0487331455923788,0.336202187392804,3.97937047587051,1.52611530946288,2.818412918916,0.697814234240545,0.871351151593053
1978,2,-0.140451423968138,0.025263631142792,0.634686390951228,0.586046081266515,0.0571670933522515,-0.151593146122902,2.87092200109555,1.64066511640815,3.32196782112181,0.793520318995479,0.867703263570217
1979,2,-0.266940800933851,0.0215312241296156,0.616014203383202,0.68744197553497,-0.021391145745217,-0.277542190717872,2.41831810229919,1.72812172445706,4.85078449694118,-0.395782676573273,0.866625533954929
1980,2,-0.0554662813553213,0.0167288817589002,0.768857219483065,0.712204210171169,-0.0286275109639954,-0.0449169373313229,1.6951310180887,1.4646909748709,3.3380284920396,-0.494333610300848,0.805588811498381
1981,2,-0.540954539154939,0.0130434802515535,0.763856785070351,0.791253695399738,-0.006467571644058,-0.517261509548325,1.47460247464284,1.52786682045149,4.54403809904099,-0.0762686239084113,0.789641175477788
1982,2,0.844822551342398,0.000471506407661249,1.20392709626789,0.706377959215427,-0.0205339060741564,0.820324463583974,0.0533373118099427,2.77572412470846,5.9170920635103,-0.264500018382436,0.782952886435391
1983,2,0.315641966777378,0.00502368210574633,1.54562476103185,0.462879505389493,-0.0244756251250574,0.305202254558214,0.517189086695382,3.72471408824363,3.86545319404524,-0.386329044485774,0.7781759729984
1984,2,-0.423386634267795,0.00678676615384373,1.34907856032347,0.520131193754698,-0.0301039957591688,-0.389354910827902,0.645633199339948,3.06502090916255,4.62857846206914,-0.46907854302975,0.758034003046605
1985,2,-1.01210338112909,0.00213468764529354,1.31938861447607,0.609487831276588,0.00223809106111105,-0.890823319449258,0.20961140633615,3.57272496498978,6.23364802095592,0.0352635994042621,0.752379324427048
1986,2,-1.40648830266523,-0.00157119653251161,1.22055730420696,0.674645192956604,0.00853630747343246,-1.21688677041087,-0.169224057979316,3.82075637372521,6.46292765452025,0.140172624817916,0.728768890238845
1987,2,-1.29930893911362,0.00193135179077506,0.795950424319312,0.771955067202858,-0.00819901295268131,-0.919991294447779,0.200320703451455,2.6310308290883,7.78806380964894,-0.156396375813098,0.694721325965463
1988,2,-1.90341046014267,0.008067405165293,0.619632485081786,0.774825822872958,0.00737790471349327,-1.33873561217399,0.899955594499155,1.9897078794378,7.98277913637112,0.153417684797023,0.695017240174805
1989,2,-2.23272256045111,0.0107248580854143,0.449134004585148,0.781965492302358,0.0068450642688311,-1.719620106176,1.35491857923354,1.74412145825048,8.84136123538356,0.169555874547472,0.702903717760501
1990,2,-0.98238284937373,0.00379603763979405,0.647224454602226,0.748740912413456,0.0391253389537481,-0.73486866505136,1.0150453574632,3.45401785744142,9.31667259060944,0.98293570081469,0.691326686291155
1991,2,1.04785660410939,0.000340828114527746,0.918701413002419,0.589669756402378,0.0682636430571474,0.609734404408488,0.142899774848493,4.8438996632406,6.85649130757471,1.54278110476917,0.610241519642315
1992,2,3.02789640650391,-0.00657211687855394,0.73687440295556,0.762358579936139,0.0428471266956701,1.55591155593233,-2.12582535526633,4.32577889121256,9.3976891752346,1.03767067130612,0.548651491171346
1993,2,3.25339401301883,-0.00356786521324307,0.645081018395496,0.764927068630248,0.0416572254396129,1.68128104751203,-1.08057223682802,3.31050229697749,7.32500273028841,1.10723267488266,0.513337422590447
1994,2,2.51171716542246,0.000226558968459501,0.697372911681657,0.693702964374346,0.0426625674478574,1.34220325313244,0.0856044145430608,3.67403543431088,6.64216037730288,1.09195320110045,0.524602285933806
1995,2,2.04753886439341,0.00120767952873466,0.561833126788531,0.751934514432853,-0.0130860022802106,1.19348800314982,0.56892019099099,3.73685847012051,8.34740052680687,-0.342473173634814,0.550219418221843
1996,2,1.14080434146436,0.00177975309972224,0.462539741768452,0.849448572194678,-0.0397734931853989,0.720215783460049,0.995652987373018,3.42914092723912,10.2528384280767,-1.09946528803517,0.599364646364577
1997,2,-1.21474442580971,0.00252337254607945,0.367946208743821,0.917488556369747,-0.0699132193106167,-0.804829584928717,1.64803060954448,3.03586675513753,11.9059893714942,-2.06494107413633,0.631986261774725
1998,2,-4.23660167941005,0.00454307610312697,0.23529185286584,0.949444102982941,-0.0839235430035711,-2.38568645934338,3.00670111528284,2.10549838692645,13.3159390844802,-2.30432791797898,0.618453392207831
1999,2,-5.99507990330345,0.00527747470650731,0.136682001432723,0.9827545938323,-0.11121193693348,-3.55018638735444,3.71460015287486,1.12709864881749,13.9383527954662,-2.91691030702648,0.638126823728797
2000,2,-9.53253709606947,0.0060538799468388,0.0283197666877086,1.04661045566162,-0.156881237253024,-5.30871886443542,4.38063512386288,0.212525963076666,14.8029285291451,-3.85438533494485,0.644378266323753
2001,2,-13.6038076296037,0.00483785143021285,0.299880152684003,0.95711732811169,-0.137300254285419,-5.58460916296331,3.25229755883628,2.12077727797137,12.0471818581092,-2.99624674347246,0.390870580092739
2002,2,-16.1010623918056,0.00434452514440509,0.674815076299376,0.807023354225067,-0.108748240660241,-6.25425186367678,2.97377819360506,4.1562623177529,10.4334269966031,-2.11222438748811,0.340985561301229
2003,2,-17.3942523491099,0.0053312508015599,0.717074179426998,0.71788725735787,-0.196146210294378,-6.33773798011023,3.9976203446082,4.87937480336654,10.9695943640297,-4.60713837895332,0.368077262484509
2004,2,-17.9279138517968,0.00496600867638853,0.733269365424788,0.7426065894127,-0.211970596738657,-5.88684752965889,3.73306437817814,5.10599662101188,12.4359677558494,-5.56481016866247,0.396577364690016
2005,2,-19.311714665849,0.00513230918946689,0.803922845330207,0.770888678067765,-0.1989873568368,-5.46850725885375,3.34515295807409,5.52932747002728,13.8961846148001,-5.00573533595556,0.424233229298851
2006,2,-19.3803868297736,0.00661731844534019,0.949164637970804,0.784752242446377,-0.121812822721528,-4.79015026098088,4.09011913703681,6.23098225589956,14.9651246175387,-2.71257914866094,0.454700227923422
2007,2,-18.9643214918894,0.0027462820993785,0.923455112517114,0.850889510503409,-0.141598264619214,-4.14461984279596,1.15728081874304,4.2680668944843,9.98594713943993,-2.17634760932183,0.428230021870327
2008,2,-14.3025465049925,-0.0071892519990571,0.850925900028198,0.917076366888569,-0.234268213400677,-2.04734135619275,-1.87106327518704,4.090784833051,10.2744395252742,-2.23092768962686,0.268953313763262
2009,2,-13.1033226790828,-0.00896682689755512,0.732147225108367,0.995528463153523,-0.182010128096759,-1.69389279879341,-2.51517140408009,3.17893836217109,7.82538722587022,-1.84004587510351,0.26483321288063
2010,2,-12.5455646460947,-0.00647986471507276,1.04737531165845,0.78678310426665,-0.223823151723487,-1.51303252892388,-2.12684177756031,5.448610936421,8.08721072085714,-2.60098968632108,0.275880596458768
2011,2,-8.64986164161796,-0.00500238523798613,1.0582474871931,0.756209992930388,-0.25947331081287,-1.02545938997973,-1.94580124079595,5.69954210199103,8.38365440212807,-3.17949719215732,0.32142222598679
2012,2,-6.08504350927519,-0.00273825456062801,0.872713453640377,0.778307391166297,-0.23436618143635,-0.730521746497559,-1.76488400889971,4.66678684304587,8.3145327112331,-2.91606897544729,0.346391507175614
2013,2,-10.879043433002,-0.00260981064486104,0.719874799281109,0.851001552104425,-0.218431992957889,-1.38214085082216,-2.07212245690441,3.88165713767119,8.77340454466019,-2.62393976767284,0.380419012913952
2014,2,-14.9473005589264,-0.00179572476800518,0.63558825714658,0.882228224868522,-0.18288040524978,-1.94261641491795,-1.78671221154853,3.6113937258586,9.15140891319453,-2.33651563067779,0.401973393074102
2015,2,-17.2666743119485,-0.00155436297783099,0.538084965904959,0.886162026334397,-0.144861993117636,-2.28338993738806,-1.6989434769208,3.13286448407345,9.51278832410888,-1.95560841582538,0.399483661690419
2016,2,-21.3451060387266,-0.00144482086932243,0.457157905980917,0.863592756003326,-0.156269379993562,-2.7174180307584,-1.67983417721651,2.75380155598679,9.32870437767842,-2.12616325221267,0.398230406168747
2017,2,-18.6609856719201,-0.00096190663878966,0.468694029525459,0.829535315342381,-0.164443128166285,-2.28142587518554,-1.41803066218434,2.8725596707906,9.38122123466565,-2.4292674446303,0.415669916086056
2018,2,-14.1838422395568,-0.000489103489285974,0.488168146718143,0.905126372056828,-0.150787175136441,-1.74302088266426,-0.805582875949866,3.44128776261479,13.6585794182732,-2.49942969862027,0.567366918858773
2019,2,-21.2324618677078,0.000484418571657086,0.505326843951501,0.923434574720471,-0.172258186334735,-2.94819995928359,0.636509423296204,3.0278413611587,11.9401711540316,-4.63796169441242,0.591156513955857
2020,2,-30.8874986384323,0.000173412041433547,0.351718689403973,0.950746164976137,-0.167862593146482,-3.59735265500316,0.236946258034776,2.04820652583159,11.8406166505765,-3.60203861549932,0.547497651090836
2021,2,-42.3225744036686,6.30442727194794e-05,0.200216932833467,1.06783987086645,-0.193734234741797,-4.3212071107417,0.0771884330938255,1.0048859132732,10.7734462115064,-3.50899653942942,0.531216837061257
2022,2,-45.7577354176372,-5.05253188227658e-05,0.487194192134882,0.948414254290262,-0.270840622460165,-4.0567528943844,-0.0531216374675242,2.24553720793752,8.93818520737553,-4.71996914362567,0.49818607157821
2023,2,-50.9359274670583,0.000231737093103946,0.511047306740985,0.937440349222353,-0.27784722085429,-3.90989977407889,0.237557407339902,2.18220063830851,8.12496276093907,-4.47001016379226,0.489772248002319
1968,3,2.15942346638597,-0.002754858491779,-1.50671751293329,1.96839735614563,-0.15094998805231,1.39741816298209,-0.249390058600779,-3.90096118153392,6.47068981369449,-2.51666595567894,0.956699717627935
1969,3,2.03458347489752,-0.0048615624532173,-1.74443720715797,2.01472357787163,-0.148909232710367,1.35279298224099,-0.632166223978915,-4.0169275651426,7.28398646159118,-2.19233415098572,0.913341374561049
1970,3,0.141166091197069,0.00452543055185491,-1.1878165524726,1.66246537978391,-0.0556614387712059,0.15599527701078,0.592064318078345,-2.62854902181532,6.10922306243451,-0.787505459488185,0.929425695584879
1971,3,-0.328528131635626,0.0097753408256116,-0.907925311037547,1.47013243823324,-0.0861386183758686,-0.225511723832751,1.18619237647748,-2.46066862738459,7.40237818135701,-1.60916573285287,0.932306842121422
1972,3,3.05478552291466,0.0175840842550731,0.52662156745904,0.537304749631971,-0.107327421434836,1.80050163972389,2.10432156776547,0.719813218223333,1.1226598342173,-1.16076980123359,0.90271038791051
1973,3,3.09407916545163,0.0245138204387661,0.296371243859924,0.622768724370354,-0.147192447495698,1.91516486114444,3.51154222044289,0.441168554076556,1.48452316980587,-1.71390006290131,0.881975496814454
1974,3,2.69355640762919,0.0279534335123921,0.407275752164154,0.554478204352149,-0.0535626774667228,1.8352467817131,4.30778932411339,0.652506066393468,1.4516534941644,-0.627482938949097,0.86971694361951
1975,3,2.36876926776106,0.0267318001518811,0.396161966446149,0.630753278314877,-0.00760753939184799,2.18423658698834,4.5918373433709,0.86528464106826,2.48191346911167,-0.105541150809223,0.884555559522603
1976,3,2.80711234958525,0.0266121140458428,0.680498209301078,0.461585376956156,-0.0792388570475989,2.78206725389151,3.97736163410135,2.15127484005669,2.73908082718096,-1.12330500834348,0.875064594679333
1977,3,1.58980809372641,0.0309696967315039,0.831849648086189,0.436675370352443,0.00368839775754292,1.41067178153649,3.97560972148196,2.52638250493536,2.55262683223251,0.0506094640593771,0.870894670495035
1978,3,1.00481549818811,0.0276540046165434,0.730190607015094,0.618956639023895,-0.0125607178667992,0.928471093757862,3.10942093856544,2.12802173094053,3.40201677197401,-0.162175852019038,0.860217160609189
1979,3,0.789496568717055,0.0299573398792786,0.956073129037362,0.516101359417879,-0.0191560746038851,0.497447037689507,2.38531431898726,2.00640200850335,2.09274073181098,-0.206640752046543,0.805488422981643
1980,3,0.78546748488308,0.0255808251351761,1.02053450417881,0.56358867992699,-0.0517494611512948,0.464976513308405,2.02263332989543,1.74662842555396,2.20914244870067,-0.59763481505472,0.778747738214989
1981,3,0.802254212472305,0.0177876521262507,1.38277237650761,0.492903915972735,-0.0170094258560127,0.582965063341352,1.60186263160883,2.73570679486663,2.62561474353223,-0.172370687269937,0.758870016509103
1982,3,1.29994961988901,0.0142189616432832,1.89912114426162,0.267478146490499,-0.0375465511539019,1.05231847111989,1.27619830243967,4.41003170037806,1.74992943056309,-0.415667236040728,0.760518522904845
1983,3,0.6273366178883,0.0214324424171892,2.04302362404967,0.0832818463473092,-0.0017516987579887,0.485223723076916,1.80575834771493,4.93240794240902,0.617757422470685,-0.0235545465795036,0.749514927479867
1984,3,-0.1180503479839,0.0189252212646718,1.77840434054248,0.216852531196642,0.0172775521051911,-0.083495748726271,1.47785060626954,4.01085531477448,1.6018889528935,0.245417642896977,0.716493311263798
1985,3,-0.101513536221884,0.0101370233176227,1.69101850920212,0.334800828035568,0.0179417867325562,-0.0712498856082147,0.788772809616799,4.11009614667923,2.38037065145297,0.250958557217551,0.683212042293315
1986,3,0.000798207667785552,0.00476150323855826,1.41851083815333,0.513957575108852,0.0372282755284543,0.000519551330844823,0.377188531384475,3.81426218160134,2.98399174701572,0.544684617494095,0.663340974042818
1987,3,-0.690745506020081,0.0134461225936269,0.770611120806189,0.643200954818684,0.00274605467087432,-0.45765833409909,1.19273136895522,2.1188852267324,4.19089115073335,0.0473556102471463,0.640931253895166
1988,3,-0.687055351710654,0.014962555595644,0.812495774631014,0.574378093455639,0.00977381959766083,-0.477750252940326,1.44214390998793,2.43824786452848,4.64116880513472,0.187490262415372,0.646837616188904
1989,3,0.654931906063661,0.00624086945079869,0.749562359700828,0.650300817093652,-0.0417071433938729,0.360242563021225,0.742115806213347,2.7933642570175,5.89905177462788,-0.789813783942882,0.646594022819369
1990,3,3.28808782932348,-0.00236244188408036,0.903165042662165,0.600731455682427,-0.016763309103326,1.55681691093788,-0.448699340829177,3.95206366677603,5.72902038148528,-0.294138024772888,0.566363406961411
1991,3,6.47663184788157,-0.00568558524783648,1.1552915734355,0.446676841303749,0.00812013936063006,2.84073878955509,-1.3374585644525,5.06958162567043,4.35731516217251,0.14504871186185,0.483367165677049
1992,3,7.15153694931077,-0.00620321016346247,0.903784053513582,0.547139496167747,-0.0230943982687822,2.97414863473082,-1.6498347326219,4.78688918996899,5.88647280151594,-0.449582551819139,0.435984522959162
1993,3,5.97363927425106,-0.000758976675336491,0.944415195217595,0.463614363636268,-0.0310326241632321,2.51403000408011,-0.193527844959835,5.00821961170458,4.66534603199266,-0.702831367816075,0.446650505210497
1994,3,5.93210131008334,0.00239909536410278,0.914138955359062,0.447438035072555,-0.0428680738252404,2.52086202120636,0.808601625679067,4.8188815716131,4.64737564157917,-0.922365485602526,0.466990810030666
1995,3,4.30606900612898,0.00380530648894389,0.728606586395261,0.57632676824512,-0.0920063663409178,1.99445083303817,1.61024702133218,4.6525722783005,7.00738159555869,-1.96759404340022,0.519364071649344
1996,3,2.12347014033808,0.00419970945043361,0.587735651195718,0.701173603510445,-0.129438528191899,1.0511174310893,2.0834065202545,4.11912841736301,8.98115202992983,-2.89253382795315,0.561114774398555
1997,3,-1.51202199780824,0.0053358857817744,0.441589406575564,0.77769889759672,-0.172631359303069,-0.667704604071988,2.73224939178557,3.37021504765173,10.4735275122253,-3.97784883734196,0.551000000345739
1998,3,-4.29477626116929,0.00693406262461307,0.210220364781927,0.888336921075766,-0.19003691390866,-2.03255474653434,3.87678741826697,1.61929463679131,11.613044508822,-4.30044717024179,0.577771731512785
1999,3,-8.12851893202694,0.00784479253056562,0.126055741654874,0.973883985930517,-0.198093053505456,-3.74981448103669,4.46603745290144,0.853470472810281,11.9038405615283,-4.21153059077758,0.579776267731671
2000,3,-12.6882199011703,0.00802690596498813,0.2530158898605,0.931034903773143,-0.180669474903554,-4.55758594804038,4.41792690727862,1.59347051819948,10.6852860767346,-3.41550413366587,0.35936302018782
2001,3,-15.7683219271514,0.00857685928903744,0.59396472886133,0.816519698316248,-0.116505233024705,-5.40587917908528,4.77831863214018,3.17046235989627,8.6343542156726,-2.0094859594676,0.312777855325994
2002,3,-16.387166019679,0.00814448133487004,0.654425555101243,0.791417710709289,-0.150563205825991,-5.34341762869087,4.71471405438225,3.67608446357878,9.9836158721908,-2.61397120691538,0.346593242708262
2003,3,-16.4750681089475,0.00785487888867493,0.639356648951419,0.791722587753854,-0.205316116406391,-4.98780987355051,4.80843167538068,3.87650539098237,12.1381937625215,-4.07692873332876,0.381127055507646
2004,3,-16.985706419446,0.00651742039693055,0.645750453689306,0.842699613858314,-0.241097468774499,-4.34042413056436,3.84910993210451,3.92682990857089,13.6097178013079,-5.36783777191451,0.407573331252497
2005,3,-17.8938405507218,0.00679772142352808,0.711877267925531,0.873847713091614,-0.228129205631858,-3.94316884321812,3.37038456608628,4.18288959493287,14.5526925633994,-4.80614097093571,0.433058405092696
2006,3,-14.962204272158,0.00388032143498425,0.8500142095316,0.908629171337318,-0.167685458826386,-2.76756757217796,1.80291101489919,4.86049995876803,14.8294908527749,-2.86685200242236,0.401594991830978
2007,3,-1.01352902378276,-0.00654084377565379,1.06968288988456,0.938688003078678,-0.108791798467379,-0.0972395341862718,-1.57191597614075,4.86512741454561,12.6415861814333,-1.53439140384324,0.238559853630693
2008,3,5.15843890226417,-0.00997193451684306,1.26009395329851,0.894942442197908,-0.055493403456525,0.429439517436227,-2.41763023628444,5.027333940664,10.7262129068338,-0.705060256544808,0.224901712180404
2009,3,4.73645742326379,-0.00913450353501263,1.28870965327213,0.873745799736943,-0.0603495198465251,0.392414553983511,-2.48297540166156,5.19685863268538,11.013951694522,-0.802850615094326,0.248952050877459
2010,3,7.2252034819855,-0.00577453296469786,1.54679289959455,0.668082066929381,-0.144963155454824,0.616941216409922,-1.97675946079285,5.56004399303159,8.00460410841493,-2.13484539714167,0.280647515970807
2011,3,9.38175698642382,-0.00456387426198613,1.40531366118576,0.680126313112714,-0.190335145042731,0.831689971535295,-1.97337302914961,5.09609740951766,7.42560728517898,-3.04896355609551,0.313328935806752
2012,3,5.86533810987918,-0.0020970518544771,1.15017197821406,0.710797576776595,-0.190992990391876,0.549585438815026,-1.55419023980319,4.60968467657931,7.2714746697952,-3.11595455965789,0.334993479592002
2013,3,0.665208266124438,-0.0020538442748136,0.925779776273266,0.788179412305454,-0.186695287179618,0.0672497199962241,-1.94110278123617,4.06823773330431,8.23197442128732,-3.24205778685549,0.360963740383055
2014,3,-5.17830048552019,-0.000930967679880882,0.739466204240908,0.820881285517765,-0.136943376004651,-0.519280170989097,-1.0205516180615,3.45190942831891,8.82782187245563,-2.36193798718794,0.358255095240778
2015,3,-9.18041267272056,-0.000848992779374936,0.602026424224544,0.816633954061445,-0.13660973723407,-1.05232718065494,-1.01879525621629,3.09822846208486,9.37913433808205,-2.92695403491324,0.3658922329178
2016,3,-9.00658381249649,-0.000660106394248482,0.542263389225753,0.808026899850944,-0.153636497967996,-1.00226056878302,-0.845155354654883,2.75002124921059,9.27026278936433,-3.22766786796568,0.380491471975506
2017,3,-11.5029116166828,8.05239120776728e-05,0.375767053732882,0.888563737209638,-0.211001230878897,-1.60539676063658,0.118807005186677,2.36782619866278,13.5302302868524,-5.1569985892577,0.537549663880721
2018,3,-12.0438028657475,1.61076859838009e-05,0.291148805371034,0.997191774846703,-0.218520295586758,-1.58241114877549,0.0237256613056304,1.56697763890096,12.1341950440135,-5.63548753912125,0.585264553602002
2019,3,-19.4346014712826,0.000475373334654809,0.196701923712728,1.02216376956841,-0.208231011636714,-2.2160622683589,0.659493764442946,1.02923142936483,11.987299585358,-5.10455536455748,0.541019987061692
2020,3,-35.2882502621127,-0.000117076786853637,0.0626654687271057,1.12881184674296,-0.264429621849059,-3.1261135503122,-0.146938072002769,0.283994855672515,12.1098022267545,-3.45539777365387,0.523273413954716
2021,3,-46.338049014163,-0.000849946103711736,0.150467862347625,1.10027405950824,-0.334049277722442,-3.67176304747239,-0.99454097765031,0.665152456764287,11.2683237331,-4.34363100859731,0.506355277475506
2022,3,-51.9191252320698,-0.00121184589209457,0.170446282496218,1.08105316589321,-0.38261929290046,-3.63624694723928,-1.17272588833819,0.715437117415679,10.3929950151054,-4.62332376170349,0.498183045546737
2023,3,-58.5539987876943,-0.000703772190471182,0.167926647518172,1.06029846413234,-0.407992658786759,-3.67836120673646,-0.65700492849802,0.657192495483267,9.37354355731734,-4.87797004159862,0.492859597227017
1968,4,1.01290955260451,-0.0145447018417585,-3.11325909161164,3.06470344468878,-0.0593286875803868,0.368837963086269,-1.26976665307658,-3.31272006966055,5.0489067578222,-0.396419097795805,0.8377584287611
1969,4,-1.60106339367629,-0.00205395193886408,-2.81786258791739,2.79906818327344,-0.0317152868087757,-0.552153256847204,-0.183816871994706,-3.69983007545837,6.49426688645956,-0.27877648306738,0.898968841190794
1970,4,-2.29179103399546,0.0111556360904876,-1.79353407932225,2.09624255056171,0.0214628565967157,-0.92246121669383,0.871847472282393,-2.59597258304582,5.8027576081961,0.180276501491293,0.914845525367795
1971,4,-2.08908865150485,0.014106299765698,-1.53366061037999,1.9291198488057,-0.0739960657905252,-0.781063945214358,1.07527976022612,-2.37019113537354,6.42969855850459,-0.83412750259575,0.912321267036843
1972,4,1.27736530379637,0.024060594634892,-0.645753106633153,1.3801745442412,-0.00519599822194303,0.69352980490205,1.93361281735156,-1.20003768211757,5.0335067582312,-0.0460852495833217,0.88977780991447
1973,4,1.88272629389511,0.0281612905432425,-0.461775828162564,1.16221026398649,-0.0490459848272876,1.24643083868239,3.00734124922737,-0.983829349288572,4.64799296873944,-0.457918603317,0.877942477300685
1974,4,1.38795799936858,0.0304922651986027,-0.466958885565691,1.20015316233241,-0.0255107134324264,1.02004754148707,3.82024279720022,-1.12958462303612,5.63311392028391,-0.267866949025868,0.888010290542613
1975,4,1.86327865120786,0.0297301329483914,-0.120400399449195,1.00917318079718,-0.0263100920321208,1.5735131279582,3.9606276795298,-0.325699343640659,5.27577652808526,-0.328676060754824,0.890706205116319
1976,4,2.82250100843889,0.0296550681743917,0.348103218516121,0.732703844644536,-0.105136974927932,2.30776027808475,3.62646361871317,1.05560585322588,4.42827281363978,-1.34215044963313,0.876423161926674
1977,4,1.92734826243892,0.0311004217514064,0.349949948995898,0.828936412421117,-0.0704678148826809,1.50873621628966,3.4576491086942,0.986630907773584,4.36519133680314,-0.910003791113766,0.870734484224
1978,4,1.93774178996318,0.0258429270736347,0.184387709051535,0.998762993530845,-0.190305486757394,1.3232129718017,2.89874839236035,0.369788728933013,4.76817012635998,-1.6076779169407,0.816726908074104
1979,4,1.81625140689776,0.0274408625111257,0.589106885387819,0.812530935329602,-0.161423969042357,1.0233284269649,2.24316426028423,0.998754147199023,3.11085969519404,-1.37159940388473,0.791925442356331
1980,4,2.17281555873078,0.0182551986862092,1.03050645076467,0.707899731869228,-0.157629477778133,1.21470167836501,1.4653539244133,1.71637357961393,2.82462041718339,-1.54814223255782,0.768826161969841
1981,4,2.17441843925509,0.00987766589990101,1.32073094209302,0.670462378607217,-0.162080096874514,1.4493801348918,0.883027832748812,2.80073653600876,3.59099720582729,-1.81055784718799,0.775397429666569
1982,4,2.66637073671176,0.0156701144505682,1.97139552529082,0.252886304928843,-0.12158540681574,1.90749529183605,1.35393295068137,4.54114897717339,1.48329038513965,-1.3787857909177,0.757853711965236
1983,4,2.53662515949378,0.0185178375413405,2.32736043674922,0.0205769568984717,-0.033639222512544,1.85538580752502,1.5938790028101,5.4113464574436,0.142187513389144,-0.439196013788847,0.73413604260683
1984,4,1.79629578305814,0.0160242191104328,1.8850494423872,0.195514495006707,-0.0181142024212875,1.19457521431439,1.29485658165745,4.3635514168789,1.26743818253294,-0.236687077777834,0.676183203217758
1985,4,1.44352354945907,0.0127510038859385,1.71564852928979,0.301943586661332,0.0101835906025362,0.870954283661657,1.00440243870681,3.59403526359851,1.82134390543928,0.134569936042858,0.641514537274355
1986,4,0.611884007470541,0.0146523243353893,1.23403156991805,0.474732459020022,0.00189972461071407,0.37457911921164,1.2900787183256,2.48877778924342,2.63521059355623,0.0265477748364951,0.632141997302038
1987,4,0.392719259866719,0.0203150739225603,0.846687061225152,0.501866401065818,-0.0243367418807743,0.252614234190846,1.89928840883001,2.01002207129689,3.45865576802301,-0.408508127984591,0.619837317857866
1988,4,1.09866605644346,0.0149483684789337,1.03719218057348,0.460519299447935,0.00924682734152884,0.698437414852647,1.57055903315969,3.08091448960644,3.78269948823211,0.16467668269506,0.615068171233862
1989,4,5.20382945191729,-0.00226528629104401,1.04794334525878,0.524124123954001,-0.090468729923323,2.03649975018055,-0.249579468610539,3.38894706984169,4.34719582166118,-1.33778234842733,0.539833129654503
1990,4,8.95660491487646,-0.0115458588945905,1.16747459889026,0.502737387404175,-0.0861232266476891,3.20080939737574,-1.68344345013868,4.77088242770994,4.3769465620523,-1.23611677987064,0.459821293977421
1991,4,10.0648713668946,-0.0031436836997193,1.0354053605581,0.368728306859427,-0.0508433353100245,3.67255461768464,-0.629050945149824,4.41182657989514,3.59867337651676,-0.758164214786491,0.402636244327612
1992,4,8.29566766299393,-0.00123693650853895,0.923219097902868,0.435795290679277,-0.0734733072697362,3.25875127385646,-0.293384653456746,4.80018448924129,3.85849172620423,-1.16048530256671,0.42781461385486
1993,4,7.62109067115941,0.00328159817766505,0.851898097047022,0.440538970882953,-0.0837244178132486,3.14793107728746,0.840886616024649,4.72490313002342,4.12605591174799,-1.48295870612326,0.451867792509392
1994,4,6.5587651967595,0.00611715859607832,0.836615578006393,0.468166470008239,-0.10013438047444,2.77574585759832,2.06683292026879,4.76869875171005,4.85725966620589,-1.85886877828347,0.492701551960842
1995,4,3.89909858978938,0.00697460135237239,0.633866097362207,0.613920804091494,-0.154410356866876,1.76974972489328,2.90246750381134,4.05718873475426,6.87081709180003,-2.99241971969772,0.536990602527376
1996,4,0.48017903155797,0.00775047662089605,0.496041562210074,0.727335270986893,-0.185694299452672,0.198110837946899,3.40747986729814,3.16522890052192,8.1631850109539,-3.49347377251493,0.531801848186505
1997,4,-2.55778784351243,0.00856487197681351,0.300342189354837,0.861634409740827,-0.218435464543465,-1.08802535399513,3.81225916756119,1.94230264552221,9.76476459687441,-4.01293029188373,0.549926207109315
1998,4,-7.23738577264441,0.00945784912528913,0.0418389472271413,1.0360102049859,-0.244499705840295,-3.06397395363461,4.45468107666187,0.251870151130199,11.2440268995243,-4.5025606045334,0.562516557883919
1999,4,-12.0328201689082,0.0101449643723586,0.218397856875404,0.976302877023986,-0.181922502642364,-3.9151004328969,4.85664980761803,1.3245125327427,10.4758550149415,-3.37063658132933,0.357477861880238
2000,4,-16.0330157976811,0.0114560968042213,0.43375548511751,0.913034216252537,-0.125816564661758,-4.94858340673543,5.40361255415372,2.36550244449948,10.119760708831,-2.09920816751289,0.316992248926225
2001,4,-17.0059077151951,0.01098288344763,0.452794325965186,0.971343041530399,-0.12040973437724,-5.00198483080745,5.38581907007644,2.54672674037511,12.0284750390235,-1.9527870762967,0.352591844257914
2002,4,-16.1460730293833,0.00948587363309392,0.556012123189986,0.964158785097415,-0.130704834128232,-4.4844606578572,4.90396499750829,3.2861452753908,13.3637118975164,-2.25188436362888,0.384684756837683
2003,4,-15.7417958849276,0.00900220280252127,0.579431052735765,0.934505716396702,-0.212629208907352,-3.75165806255737,4.84700512588317,3.50709410286366,13.8910667867883,-3.82562838883168,0.408647161972613
2004,4,-15.8299854304694,0.00827496024143841,0.574944978285243,0.970948829008625,-0.254784634092313,-3.24176121516362,4.1227108377018,3.45339468686075,15.0727964522507,-5.02590807691405,0.430564301394982
2005,4,-14.5676491649401,0.00474675002439848,0.643452164595058,0.992089989827689,-0.263790766433243,-2.5196903372459,2.06348000829898,3.60850728383407,15.8507258275441,-4.70831708266261,0.39093596863187
2006,4,-0.227523118954662,-0.0100318300979511,1.07724294261965,0.999695889774735,-0.247117175793401,-0.0223232591605259,-2.06498993030858,3.28400911162169,12.5470107572931,-2.63947849183934,0.233306869522426
2007,4,7.13222530469197,-0.0125668396309895,1.3430866195779,0.939318672329744,-0.155865823328874,0.601593800488073,-2.50228678605826,3.87767941686985,11.2807139489029,-1.71107950335033,0.218684084051956
2008,4,10.0954108928094,-0.0113892752943,1.45405699678209,0.893035223045366,-0.101822207824232,0.786609464890812,-2.57197502217827,3.94402639567912,9.69054427641377,-1.09052211899032,0.239372470801244
2009,4,12.9975110880279,-0.00998216965776522,1.41759010507322,0.890247044571642,-0.134526905788621,1.00954964254223,-2.52542880211669,4.0179570001614,9.96763687556943,-1.5056249745429,0.280611922625691
2010,4,17.3507799377062,-0.00694983070718626,1.61393673137358,0.717207363211376,-0.178034784123583,1.38462341725811,-2.24327168958743,4.28553801827216,7.43092392039858,-2.1839913826828,0.29883953793399
2011,4,14.2976815203338,-0.00492503863827685,1.48089659153234,0.699997433475694,-0.225336178846237,1.19777919658109,-1.99636897589329,4.1214413944747,6.67419152214218,-3.02742045737119,0.322336400921582
2012,4,13.2396221426353,-0.00216049312368234,1.21650374694731,0.71235990540118,-0.202583805445385,1.19309632134926,-1.52309567096371,3.80113746368646,6.3956640740988,-2.80353674594423,0.33229082967191
2013,4,6.31190404963845,-0.00165452771348377,0.894063898201367,0.772603896320213,-0.188844743475217,0.618143727857961,-1.43603650352164,3.05266884577421,7.05827043464184,-2.7729511914889,0.32940465470641
2014,4,2.49548502227891,-0.000539405962132706,0.716490613283397,0.796150057214262,-0.135143703694752,0.246889123568854,-0.556166898931253,2.64471141566864,7.64137297038893,-2.02469565428794,0.333894927446334
2015,4,4.20922509307692,-0.000408445150618009,0.642196134018325,0.799320329566668,-0.126833869645291,0.469438262167006,-0.457696572197881,2.51832861259789,7.90698339990856,-2.3206643189977,0.355166224535025
2016,4,2.08723146507471,0.0006322314677066,0.46075656144752,0.873452709163297,-0.168227088517841,0.260714523883715,0.829051561660917,2.49543010511465,11.3846286583798,-4.16243615418456,0.490837251626857
2017,4,-1.14656024584326,0.000766755694222507,0.240555886012547,0.982873044496563,-0.219188581001413,-0.13473021830218,1.01718701568921,1.17884022837516,11.1133756086006,-5.31325261138337,0.545078746329006
2018,4,-2.7576936631222,0.000390729011703338,0.117083258506309,1.0458603083145,-0.207777216784782,-0.298601613532202,0.517614920081188,0.555423155203539,11.1585573676927,-5.00371801707821,0.519782186175944
2019,4,-8.76447006837538,0.00111120954012907,0.174052827253707,1.12615768692566,-0.186598974644135,-0.808521904380758,1.17969246224794,0.692939735115152,9.68904164279881,-3.69886978327576,0.489672258406802
2020,4,-19.299135455177,0.000567967214695943,0.252421311441618,1.17329299221183,-0.162091186886237,-1.53484261434594,0.604205274438178,0.98598953620075,9.92074534322141,-2.75240563712471,0.485025447498263
2021,4,-30.8917472917042,-8.85751345632044e-06,0.212176215968456,1.19211778108881,-0.191691596622493,-2.133610360107,-0.00849866790481904,0.778653454190158,9.41995853790439,-2.91755533009139,0.481205076608889
2022,4,-35.7967346308903,-0.000279205360570351,0.195570533469706,1.17782565632263,-0.246232412072404,-2.17940065106952,-0.216359726776644,0.672675212086915,8.57493694773599,-3.2169148463792,0.47590638390047
2023,4,-37.2943273617875,-0.000298016484734679,0.205024521434162,1.20068198831636,-0.268344553976073,-2.00973731957301,-0.221784786672517,0.652115924058057,8.07858949912491,-3.32380234169314,0.493432870055017
1968,5,4.58663494054513,-0.00286107693021972,-1.97974133642013,1.93758814431884,-0.561943636896781,1.46573342140923,-0.146747485308076,-2.21343070775738,2.72578880352173,-3.85013150170509,0.856949499179144
1969,5,1.72329396013191,0.00172798264791941,-2.41247280977574,2.33270957328717,-0.398408694142092,0.802941631066859,0.146514534311259,-3.64085667183325,5.05437513291632,-2.15065505064016,0.883489730027336
1970,5,-0.827415530357866,0.0128737221227279,-1.93276299199216,2.15945710681022,-0.156248882532463,-0.387663665089654,1.20485487695556,-2.30239624625274,4.96568151452039,-0.921754212233202,0.893568624574407
1971,5,-1.99815096850846,0.0237991330838916,-2.2922640450128,2.26811226794756,-0.169806484948859,-0.8471694454504,1.98476128587691,-3.3945263882671,6.4940400969091,-1.1822686758543,0.89517068345818
1972,5,2.49807857292596,0.0229777638851143,-1.02479566061335,1.49268052873899,-0.179129673462546,1.78877262806307,1.98038909275803,-1.61546300478797,4.26776593437227,-1.39790723016661,0.881759291523051
1973,5,1.59131344580473,0.0337037037358025,-1.05318074906948,1.52644948780652,-0.0877549630552192,1.07135456669589,3.15405554668419,-1.68485324677329,4.78293083518742,-0.759484141420413,0.888143602049323
1974,5,0.818675743186884,0.036222158282128,-1.05526741806357,1.56735103411859,-0.0723469671647083,0.595484598598655,3.93550222911972,-1.9214209544738,5.95850034893073,-0.677751247603207,0.89169281401866
1975,5,1.89471904881142,0.0360733718675227,-0.491789444496455,1.25334028274877,-0.0496704785073653,1.4843168618238,4.25136592790837,-1.06548762319489,5.66964078077265,-0.552049236677358,0.889355981875769
1976,5,2.18913440351833,0.0341620775082187,-0.274980865506984,1.20518666093619,-0.080974719230449,1.71978190371655,3.91832320063238,-0.674236041897472,6.94592148661474,-0.91307725525375,0.878660861036781
1977,5,1.90660311341144,0.0226139054813977,-0.520706525203055,1.56441179473542,-0.160942310813181,1.27144324371299,2.12472538987721,-1.30400228432574,6.89348729494558,-1.43910070941302,0.847999088192061
1978,5,1.55862419053421,0.0210906272859755,-0.665220362691429,1.6491259000667,-0.266625736717754,0.948099087147115,1.8683656046154,-1.38276449545192,7.38722411385858,-2.17256678933515,0.824760618927485
1979,5,2.21101713006632,0.0129795766269943,0.236400834920937,1.31940332136667,-0.166496959363355,1.15368565289357,0.922560707102742,0.409003858808489,4.88900947744339,-1.40389634271043,0.787833802105631
1980,5,3.11920823339051,-0.00307281094677089,0.674496369563705,1.29197217411135,-0.216979774387859,1.72389627965702,-0.211631787133368,1.38415323842393,5.75735871171458,-2.04507046976663,0.779689584020727
1981,5,4.14312422820804,-0.0101938594486558,1.0177801800587,1.16927428109922,-0.195160748883267,2.43596478890335,-0.787474178016515,2.6507313855118,6.16601460883428,-2.05646391877974,0.767766458415135
1982,5,4.74006008690556,0.00139510758687367,2.08844691823835,0.456153611359061,-0.101536492057118,3.01237395094592,0.110715426768769,5.25851040875255,2.45862133770585,-1.08130718799871,0.73629876373524
1983,5,5.06800940116156,0.00636650195027678,2.51980272792687,0.116876208756901,-0.0161860806708556,3.41895838785594,0.521128642259861,6.09642289796596,0.732372872275305,-0.18040779420496,0.693418916424343
1984,5,4.26379979561359,0.0105518194154513,2.00002996100185,0.247080593940771,0.00341230734517194,2.64781814661138,0.810806380441239,4.53259416716904,1.57406636844062,0.0353844000885549,0.633243408037295
1985,5,2.53780750170592,0.0175071479110031,1.71456186661054,0.296822740120865,0.0518799664791974,1.39602668518991,1.29335262023155,3.26737070128856,1.72469641023702,0.556823350592285,0.607757569659969
1986,5,2.33628936423861,0.0185664078155019,1.5986376095708,0.274155401963532,0.0326709639192242,1.37451349844143,1.57553844460846,3.44214471630179,1.78167418413795,0.387801105639908,0.607488176145804
1987,5,1.47424937506921,0.0264927576018992,1.35507561926497,0.229234683792479,0.0839012724686897,0.912958756385201,2.4020416711215,3.27996008594797,1.67864992703285,1.15508397890282,0.578610704663881
1988,5,4.08569300306562,0.0147165530570145,1.49377309916008,0.234774775675245,0.118884626806989,1.96157465417967,1.35367771595943,3.76282938606805,1.77716217846244,1.6038464476827,0.504159271851068
1989,5,8.6727910469652,0.00209043747619242,1.37993042969135,0.302797045214487,0.0223750749353949,3.11038161011009,0.21084389541577,3.89312157375119,2.38186918751308,0.308373343766633,0.436945057516839
1990,5,11.4822365741321,-0.0010698873510487,1.18413292808977,0.330412127704414,-0.0208841817235293,3.72209992627547,-0.164516437674589,4.87107861503076,2.90745616309577,-0.299451345209927,0.387402157888357
1991,5,11.1394283045391,0.00421948484221471,1.0107410700509,0.316621735284132,-0.0310164805598505,3.82539171756301,0.984270807354861,4.12372504076436,3.07203611789978,-0.448056887632438,0.411253327538971
1992,5,10.2696642264427,0.00503885380399081,0.909806992978854,0.412083542506418,-0.0473823986875705,3.75708174388906,1.2408121377025,4.66292723463985,3.47727973738515,-0.711690328753035,0.441263719685259
1993,5,8.88344934511065,0.00878704631685558,0.898341232458693,0.446058526907196,-0.0534356688456229,3.47264775083982,2.41338561905602,4.67045053528561,4.16020238058524,-0.824123802306397,0.480098388413603
1994,5,6.8917867395123,0.0116219672597086,0.912860077435467,0.460864055047746,-0.065999684293603,2.75548829902429,3.79424068079699,4.7526342119652,4.27090696010773,-1.06899546527713,0.508699042346693
1995,5,2.39830681553628,0.0133304557969442,0.611515096866851,0.62618466152,-0.139902370649608,0.919577651346028,4.94262713300975,3.37859125268511,5.8998326446598,-2.31496133364828,0.513738636757203
1996,5,0.00904100666771235,0.013552899675559,0.421239905414208,0.789885630423563,-0.166690520896293,0.00359612987553071,5.14103345353462,2.27746621536176,7.50844298551426,-2.7800299450614,0.530489157378445
1997,5,-4.59070713703495,0.0131280116545273,0.197000262801976,0.967388890395824,-0.242035779321389,-1.77397711211424,4.85534101815659,1.03912038010246,9.17668339799705,-4.15264451492745,0.533293103141262
1998,5,-10.682158592584,0.012820903526595,0.215197176653487,0.974344176149353,-0.233449519236529,-3.2745409928237,5.03041869181598,1.11153662438962,9.34605592450191,-4.11262662171807,0.351110725840124
1999,5,-15.1053227919854,0.0141201573165693,0.363376004861816,0.960570608072967,-0.135011845148012,-4.24501723414371,5.78981084878287,1.77295306598628,9.20138074635027,-2.15490431031839,0.304334212903965
2000,5,-16.6695500156391,0.0135737758224118,0.316045756440776,1.03297668725546,-0.171070372418138,-4.50833454206498,5.69321199812284,1.47683155973759,10.2992834340883,-2.45517954122388,0.341180027291275
2001,5,-16.1142649175108,0.0125622092100824,0.425469141203151,1.0614921285221,-0.149505290071693,-3.96108293167433,5.52396574231377,2.14529686004421,12.0842700206172,-2.11986602997249,0.36641322118318
2002,5,-14.8662659034564,0.0106064601623004,0.541574842734701,1.06727846773178,-0.160999347081418,-3.17040017716898,4.79876916908792,2.83660382244579,13.0490111281362,-2.36558402747792,0.392570650331701
2003,5,-13.8972068502806,0.0104015148336594,0.462085520477843,1.05191940609535,-0.26804103579183,-2.60884999665726,4.74318235569182,2.24277585484646,11.9837097102917,-4.27300361391763,0.416394948129494
2004,5,-9.48462744793553,0.00565576473396032,0.568000725928256,1.10497626682274,-0.253567171297566,-1.42439068668532,2.02470634363024,2.70589280425944,12.3779068082521,-3.77137504029575,0.375320769664855
2005,5,1.39812022600704,-0.00955834709171801,0.988293024874077,1.03636646858337,-0.337312990514558,0.13063804826398,-1.63951529118542,2.59649703359818,8.93474234242692,-2.76023905231887,0.21757693162411
2006,5,9.07894932481588,-0.0138970195325293,1.2832338909725,0.976797420238596,-0.269434871876736,0.756227700086708,-2.43006219073146,3.3325832555255,8.5724574068296,-2.37263943429651,0.202905329654038
2007,5,10.9048947263137,-0.0122365179973929,1.38644702015317,0.956649953571149,-0.212917773272769,0.860358938854854,-2.34371296523024,3.5947671276929,8.76854966587714,-2.11710286224316,0.229719263963228
2008,5,18.2864732714872,-0.0105294651027911,1.47177702392457,0.94114064080364,-0.157374598700092,1.35897043066724,-2.32144149248712,3.70715166739602,8.45883243882092,-1.59808764272889,0.269017425217546
2009,5,21.4975773763366,-0.00920298610480726,1.41155251538425,0.927488635573952,-0.167984730965829,1.6042995328629,-2.37512210935223,3.78848707157126,8.87613174057223,-1.82901671209809,0.293175822921313
2010,5,20.4529668449226,-0.00577766170995239,1.59405260835263,0.744982290849036,-0.219584139192241,1.59446169288708,-1.88466286519301,4.13674525177887,7.00101259517037,-2.66257579897699,0.307159720963358
2011,5,19.0577484390802,-0.00411353365566769,1.4314121331572,0.735385267232472,-0.252516644023453,1.56486455556753,-1.69849757608381,3.92095485313524,6.54928892784424,-3.38750532013465,0.326900896483586
2012,5,15.799245898706,-0.00132107454913157,1.07283187666539,0.727921285239239,-0.232554312431847,1.40220082560966,-0.921054492974861,3.28284472321272,6.16752898062141,-3.22899626667604,0.311962283948592
2013,5,9.6018025941345,-0.00113898331637604,0.773254903280737,0.780916525173188,-0.223479781971301,0.937212356029485,-0.981740760421421,2.64189242696737,6.96804597026519,-3.34164751407854,0.320346726301601
2014,5,7.54804070203433,-0.000301382092792808,0.626121513539765,0.798047745660309,-0.220318931180343,0.740757476065744,-0.301395829880048,2.20788364736702,7.2409762052931,-3.48198376564082,0.338894917288032
2015,5,8.7825580608147,0.000424416513681488,0.367409051909795,0.908313528453376,-0.225871414456697,1.10337373290922,0.52404595445149,1.88849360436524,11.1037624803126,-5.74263429290557,0.475670413030807
2016,5,3.27991246541968,0.000609841194038811,0.153333858082699,1.00379235222549,-0.27548516969887,0.374741640002918,0.771565494795739,0.699786502794535,10.6918994971135,-6.69724653080698,0.519513405336902
2017,5,2.87124290471854,0.000372518755911883,-0.00846638675000665,1.03088508980175,-0.285644778308583,0.294326050447831,0.46965150221106,-0.0387236339519651,10.737798180785,-6.73051530339519,0.490188586714284
2018,5,0.876509167654004,6.02996074249318e-05,-0.00845044627379932,1.13804403709045,-0.300196089026377,0.0783218969067326,0.0702582362233239,-0.0318311618659768,9.44600462396214,-6.3151573331135,0.475765392746224
2019,5,-5.87332361656549,0.000303535512238246,0.275172144191325,1.10000207049177,-0.299508386346925,-0.447687757211627,0.316171517209469,0.976564546383059,8.71390534953313,-5.77826503979974,0.456714310114554
2020,5,-16.0267770053535,-0.000107648054757002,0.271029782720477,1.12692863965501,-0.302867186095146,-1.06131435334188,-0.105332624335398,0.883234796143674,8.02306057627454,-5.19598715992626,0.45283435597145
2021,5,-27.4239301835216,-0.000471494856112978,0.209825609483827,1.12425850126623,-0.355583451411679,-1.57791045285036,-0.407070292715133,0.629944246127275,7.33025082190416,-5.26540028884969,0.449882816228132
2022,5,-28.2165002863205,-0.00111718416424761,0.239066464425493,1.11959915002263,-0.424404424406196,-1.42580708665771,-0.789660810368573,0.668470556265789,6.7194896693584,-5.28081263791688,0.462285799861268
2023,5,-34.5543289454536,-0.000723547841685512,0.282094562293582,1.13612818702946,-0.446765107081815,-1.49589788997394,-0.484300085875297,0.695590627854334,5.99588996048864,-4.85475812043594,0.470050806814958
