"year","Size_category","BM_category","intercept","EPS","NegEPS","NegEPS_EPS","t_intercept","t_EPS","t_NegEPS","t_NegEPS_EPS","adj_r_squared"
1968,"Medium cap","High BM",-0.73200464671308,1.26020902593528,-0.520259798590931,-0.716437556801563,-2.85216814169813,17.23370216938,-0.474234165021138,-1.28838571537472,0.528342000008587
1968,"Medium cap","Med BM",0.600001522986722,0.761540993162617,-0.517844927952556,-0.094658370589841,9.58170131436908,33.4799739677603,-1.07659994508337,-0.810661943547465,0.56422342260517
1968,"Medium cap","Low BM",0.244794533296484,0.856982450002831,-0.579040470368447,-4.72221902713257,2.6740053859998,19.6622475321641,-0.901152694148471,-9.02825401661561,0.59462311889006
1968,"Small cap","High BM",0.247783669957313,0.747141418659967,0.00537776133047631,-0.329910514586707,2.06944961758613,11.1510900942078,0.018638626727693,-2.78610482355767,0.315820245031831
1968,"Small cap","Med BM",0.17780255935107,0.870405629097291,-0.231373546023004,-0.224938458043415,3.39848972285752,25.6630110932586,-1.67994423218917,-4.45380749919526,0.639236960239021
1968,"Small cap","Low BM",0.0522231333571144,0.956769428699981,0.22278354897768,-0.550135571498259,0.873740757470731,15.7632460040247,1.79308422596298,-5.78359378188568,0.587781359093635
1968,"Large cap","High BM",0.751542867115531,0.763044951707621,NA,NA,1.39825113743007,7.91737897513077,NA,NA,0.56755718231864
1968,"Large cap","Med BM",0.50491566055109,0.854462015141626,NA,NA,5.36477211164679,29.7020005212415,NA,NA,0.686188111288495
1968,"Large cap","Low BM",0.345448993580641,0.876661289226508,NA,NA,3.25852906633533,27.2918799196748,NA,NA,0.755291866578778
1969,"Medium cap","High BM",-1.84602236417189,1.6897658545767,0.35445646275872,-1.77187738987291,-6.23720883838769,20.3155607182902,0.285435990204915,-3.11791685085776,0.538637735926848
1969,"Medium cap","Med BM",0.528388801707086,0.772466490927998,-0.411621730166607,-0.107860670165534,10.3153797842022,40.94046919952,-1.08192335789074,-1.00457223675846,0.573425414327278
1969,"Medium cap","Low BM",0.248665186069505,0.828268818422075,-1.4827792965022,-4.89320099862282,4.10642937333264,26.0318352686237,-3.54361138222216,-11.3554508961987,0.559600529330775
1969,"Small cap","High BM",0.181210491924968,0.771661763045215,0.172623627987986,-0.308031900552347,1.71774897612854,13.072011197547,0.690813180771291,-2.81978264327206,0.333910180848216
1969,"Small cap","Med BM",0.194204364290221,0.862197071762693,-0.0248525498908852,-0.219225434880107,3.03099636736666,20.5506379864745,-0.145803458801086,-3.10112371887482,0.436867538393544
1969,"Small cap","Low BM",0.0609978334801586,0.925626537593022,-0.0588867226010601,-0.732460401535655,1.30328507354332,19.2122581263448,-0.61853672135124,-9.66825226870572,0.564142457631169
1969,"Large cap","High BM",1.26015120058969,0.693221165309268,NA,NA,2.80655637840844,7.80961473904911,NA,NA,0.468708834781734
1969,"Large cap","Med BM",0.634843268161776,0.786096207116969,NA,NA,7.50271032188469,30.7522980838724,NA,NA,0.624100840648887
1969,"Large cap","Low BM",0.431172768063768,0.840682595767124,NA,NA,4.50889176124522,28.052543234567,NA,NA,0.706184989782026
1970,"Medium cap","High BM",-2.4551201601584,1.88624944253728,1.42857300344042,-2.01178406614256,-10.8474076335874,30.1061940923568,1.39957725440886,-4.19825248934469,0.640040200492363
1970,"Medium cap","Med BM",0.420486996458135,0.802871687087608,-0.511987660483675,-0.119886892376501,9.17778371526804,46.2928495996651,-1.47255377119694,-1.10626745987893,0.561943758087124
1970,"Medium cap","Low BM",0.238820754357219,0.833805583081688,-0.819486413378594,-3.9268698048239,4.95895721837604,31.3015427036683,-3.43356517443801,-12.1638842906597,0.557629246966143
1970,"Small cap","High BM",0.11725254846643,0.760030943767016,0.066766361560677,-0.190947882656839,1.24473346965549,14.6083202216988,0.294162359803962,-1.81086060745689,0.326063629804767
1970,"Small cap","Med BM",0.121371756918757,0.887032535413487,-0.00268775479636842,-0.188220908712166,2.4806819644059,26.2258946407638,-0.0197146216920196,-2.97049626898434,0.471181893900268
1970,"Small cap","Low BM",0.0754869713257431,0.921513836357904,-0.016465171267804,-0.616007039909183,1.83053670404505,20.9863263058193,-0.192279203908984,-8.88898322206247,0.54512522584444
1970,"Large cap","High BM",1.05320180562072,0.712278238771568,NA,NA,3.20307509593788,10.2911302201232,NA,NA,0.511974584950519
1970,"Large cap","Med BM",0.576738860370696,0.806704870415679,NA,NA,8.18983348760329,37.4708287014547,NA,NA,0.653784628520826
1970,"Large cap","Low BM",0.411730835982531,0.848210173993293,NA,NA,5.03427784977431,31.8916573994635,NA,NA,0.717023301971503
1971,"Medium cap","High BM",-1.76372278463721,1.59491829775532,1.3066655953429,-0.996358573820875,-7.82889668552139,22.2773365240732,1.42912019850277,-2.62385052303486,0.381227029643755
1971,"Medium cap","Med BM",0.361313416327777,0.820052693491812,-0.141671075997304,-0.0786412535829406,8.69928927021135,51.1449391425132,-0.496972804780283,-0.770325482504195,0.569994940710329
1971,"Medium cap","Low BM",0.216326487048203,0.844985253604706,-0.57069736357605,-3.06002983918773,4.90627644510407,33.6152745424762,-2.46253959469883,-10.7744826517552,0.550715797717369
1971,"Small cap","High BM",-0.434017185106542,1.12359043503673,0.533937120203223,-0.41763833238358,-3.21448306536853,14.4437994370173,1.61985584514705,-2.48724157606324,0.181315018691196
1971,"Small cap","Med BM",0.082329798564081,0.890750025184181,0.0328216438511714,-0.225445045392526,2.09522509511542,31.5781899390414,0.308426421112941,-4.3794539316592,0.501386957750273
1971,"Small cap","Low BM",0.0673604760443156,0.91625066331556,-0.0591094752768056,-0.707411987171778,1.65900274992569,20.8107857512216,-0.706817185193478,-10.7657237692018,0.520509758623368
1971,"Large cap","High BM",0.58018775845539,0.770206909940799,NA,NA,2.45972865234944,14.2280354517307,NA,NA,0.557322567472825
1971,"Large cap","Med BM",0.569717042526071,0.804721589994898,NA,NA,8.55269614824952,39.3763040198719,NA,NA,0.64522074930635
1971,"Large cap","Low BM",0.377290024201906,0.858495458137323,NA,NA,5.0106727178929,34.4121279430647,NA,NA,0.722696364876563
1972,"Medium cap","High BM",-2.60128740883311,1.98941847529253,3.77715548336659,-0.719582166544918,-8.4714927100708,19.628274435541,3.77445204970271,-2.97530650545983,0.26964171594996
1972,"Medium cap","Med BM",0.37135738669251,0.810846907272629,-0.0220579961534033,-0.15398529107164,10.0361230192174,55.1820393520577,-0.110242534048388,-2.21553437595677,0.566077366530305
1972,"Medium cap","Low BM",0.192993691788756,0.853481874752589,0.148011681351063,-1.24180264281071,4.66184626581418,35.4506070144046,0.739764501765887,-6.42652498583714,0.521136711586208
1972,"Small cap","High BM",-0.340337595760418,1.07330931055699,0.355398366814374,-0.566860460703435,-3.3324684140927,17.1044385715114,1.58027938791099,-4.55949536981345,0.189779807809389
1972,"Small cap","Med BM",0.0803323196325908,0.892705991250692,0.0600149035311701,-0.339452060568056,2.40047939483118,35.5487470625551,0.736139755652783,-7.45877868245542,0.504558137135778
1972,"Small cap","Low BM",0.0700909494790227,0.908870771951179,-0.099238977244019,-0.659902840973251,1.71019341993273,20.0673536414252,-1.18580831814706,-10.0838663743692,0.494810418879024
1972,"Large cap","High BM",0.478077562755128,0.787746534019034,1.60698100787124,2.32113800680602,2.27046013892414,15.2997561068853,1.02248858481329,1.45373757615659,0.5309050822272
1972,"Large cap","Med BM",0.533219918279042,0.81706732914323,1.49136004876708,1.40937290991774,8.81650330625846,43.4243746428774,1.8942084557266,2.67938053807097,0.651425738094963
1972,"Large cap","Low BM",0.320129714602168,0.871798869454482,NA,NA,4.76703392885212,37.9911072060757,NA,NA,0.726127289454725
1973,"Medium cap","High BM",-3.02349667188572,2.29614560372247,4.93221586061719,-0.556270067380656,-8.34680058979017,18.3522758263672,4.5383518511169,-1.98478659921164,0.203767131733435
1973,"Medium cap","Med BM",0.389169141315595,0.810515326162197,0.143320475694162,-0.135475384683124,11.8081351198818,60.3272376341736,0.879301698241889,-2.41282288060097,0.57089181925782
1973,"Medium cap","Low BM",0.241442382369819,0.834617146330397,0.483336592696133,-0.57815197281796,6.4981066008972,37.5684161519138,2.94706688508584,-5.30622057278352,0.510957822392638
1973,"Small cap","High BM",-0.206033798258054,1.00513819296161,0.295048969009709,-0.558617078607039,-2.57394890991751,19.3888975533493,1.70215059469263,-5.6664117341715,0.18224793157285
1973,"Small cap","Med BM",0.0978330001170374,0.895601743500976,0.0607167545228261,-0.441395028151501,3.4312745465598,40.5093005909714,0.90646881912526,-11.357915421117,0.517227577848184
1973,"Small cap","Low BM",0.0764396633795352,0.913034270459574,-0.0826472443813875,-0.673228367531393,1.92340008537078,20.3518447755921,-1.04705545279126,-10.6494383920848,0.471689533415325
1973,"Large cap","High BM",0.571064957962728,0.796107998033384,1.66644460634169,2.04584641777986,3.51569550770981,18.896080685942,1.19773578886614,1.39554127728693,0.55285857149914
1973,"Large cap","Med BM",0.563541795737736,0.811496043580287,0.90426732994531,1.10486892289504,10.047232378993,46.2415931661425,1.59495751563183,2.48687449854022,0.653734922210755
1973,"Large cap","Low BM",0.320380922997663,0.866607243466885,NA,NA,5.39293106204557,41.2675678669909,NA,NA,0.72210580336964
1974,"Medium cap","High BM",-2.93403343151275,2.33470601839141,4.77191688691915,-0.593761313804844,-7.77805685827972,17.5553835655829,4.06055293918965,-1.94235277474953,0.143964596364773
1974,"Medium cap","Med BM",0.340144769906212,0.849652255022583,-0.0311361121892879,-0.165416285620861,10.5317192633551,63.6672465282625,-0.188968822325145,-2.84139267864775,0.566793215712069
1974,"Medium cap","Low BM",0.267612507461133,0.829765789472616,0.318797257938426,-0.586015777597474,7.72525941626044,39.4281289290487,2.17485769152858,-5.87468124774812,0.513960966550294
1974,"Small cap","High BM",-0.165546746449277,1.03304073077188,0.307930139269687,-0.51774728699332,-2.95438637408222,27.9733758505187,2.43538254024258,-6.92262172919247,0.218386953328648
1974,"Small cap","Med BM",0.109354221651748,0.925820518167011,0.119436082105628,-0.37200450184999,4.23789604517596,45.4491347782113,1.91924075935772,-12.0964883633083,0.515241524152035
1974,"Small cap","Low BM",0.0711580739325627,0.934878819534594,-0.0680293088776877,-0.730692372261174,2.0035215181637,22.55612276807,-0.994037425596664,-12.9102756458149,0.479797429294581
1974,"Large cap","High BM",0.707119418030706,0.8055749569034,1.53808349025411,2.27479641248632,5.03422394797821,21.712517224801,1.15469862950239,1.6187149216279,0.554931767956641
1974,"Large cap","Med BM",0.532911061505377,0.844851585234192,0.0665111994112365,-0.166315236162909,8.61501244831046,43.6777794095139,0.109135679210337,-0.438677301745994,0.60175285939274
1974,"Large cap","Low BM",0.315865889684201,0.876435372822508,NA,NA,5.84556861677473,44.9344833191851,NA,NA,0.728267517271779
1975,"Medium cap","High BM",-3.47896870099129,2.51069459803339,5.49006723583245,-0.701147766761255,-9.78605334842924,20.9513382746182,4.51585839070116,-2.21297791712882,0.150064139998591
1975,"Medium cap","Med BM",0.25780873074139,0.899050526462407,0.0807322322149732,-0.120196559386677,7.40826735135008,62.2332354997602,0.438476096188638,-1.6291093563644,0.544401234595445
1975,"Medium cap","Low BM",0.265279930298566,0.836201585437472,0.188308722209915,-0.472623818778468,8.10125162844799,41.5626142983628,1.37539477205187,-4.93063383954315,0.535425605806502
1975,"Small cap","High BM",-0.122273602955041,0.992136869297823,0.345219928684395,-0.283800319409735,-2.90362456837356,36.9942683535574,3.53211184156399,-7.01260777875567,0.248567303878577
1975,"Small cap","Med BM",0.118100906504169,0.944960977395882,0.104793800562167,-0.381646519821843,4.58772921931525,46.2734652871289,1.63722242629507,-11.6474255626163,0.490020327191408
1975,"Small cap","Low BM",0.0829910172503878,0.9493256157024,-0.0748219772436579,-0.794047408032077,2.36482469105144,22.6283312488634,-1.14140223552708,-14.6313771360377,0.458640075423039
1975,"Large cap","High BM",0.662277494056856,0.855217864427491,1.50094869237729,2.28725989503397,4.47905787998191,22.4634501789374,0.969958820079827,1.39916376071812,0.511576855041312
1975,"Large cap","Med BM",0.365870911379375,0.914022993819685,0.213466616380319,-0.166315236162908,5.42070718928421,44.0057993637702,0.314870923440416,-0.394270208606782,0.602843155192241
1975,"Large cap","Low BM",0.34204861241858,0.873325108953068,NA,NA,6.41473870868533,44.7865297437171,NA,NA,0.722245563210128
1976,"Medium cap","High BM",-2.42902975288359,1.98357553994281,4.25277766293688,-0.484345201853256,-8.96403169398861,23.3392656022044,4.2707716822229,-1.74864092479451,0.151646236517702
1976,"Medium cap","Med BM",0.257845396012805,0.899877911441068,0.0735787784566044,-0.111382700991186,7.65972506526965,65.3091544177488,0.413672669480157,-1.49290463151229,0.554120919681947
1976,"Medium cap","Low BM",0.253828003425193,0.851442637861022,0.211864171573086,-0.130200616177642,8.04316492589353,43.9648990606501,1.65305637257659,-1.82340243280352,0.561891923020052
1976,"Small cap","High BM",-0.192910324388185,1.03993108561113,0.418512961559374,-0.359209740102834,-3.64381807902561,31.4105418835901,3.37175178247307,-6.70691682349502,0.149236795807648
1976,"Small cap","Med BM",0.10599795191957,0.952802694789283,0.0707525966747423,-0.53673858041333,4.319290401992,49.5592121842037,1.15182124363337,-17.2147763077039,0.490973088380605
1976,"Small cap","Low BM",0.380219572673763,0.475257410758351,-0.0785668281218731,0.0176161932323201,11.3877349887626,13.2067421923298,-1.11154554133141,0.806780404849069,0.345251096938862
1976,"Large cap","High BM",1.02080155982241,0.70850713929717,0.515674984825357,2.55404231996961,7.96744287719735,22.7061730656434,0.340229661160231,1.56549051103643,0.472736935138792
1976,"Large cap","Med BM",0.480742450734985,0.869071313531346,0.0777977639438534,-0.166315236162909,7.3809681694474,45.5235781941943,0.107590138636815,-0.369340300035275,0.61005872503229
1976,"Large cap","Low BM",0.332374018707127,0.877337150523253,NA,NA,6.00443694442633,43.1496240787842,NA,NA,0.700929235255733
1977,"Medium cap","High BM",-1.64182372061478,1.69167570694913,3.33979483194983,-0.541648501784165,-6.95446909085751,22.6917356818541,3.93107587873294,-2.22985013824865,0.125549841704991
1977,"Medium cap","Med BM",0.296366379594688,0.884022999494722,0.124481063308034,-0.0677548374397224,8.69661948500207,63.860806000271,0.727742201387818,-0.880948512338994,0.530762853118812
1977,"Medium cap","Low BM",0.296535653988706,0.817688501166328,0.0177597543335576,-0.320378946837716,9.13786214608787,40.6623685572337,0.148561146704374,-4.62605815930262,0.529311498982098
1977,"Small cap","High BM",-0.220989647897614,1.11775061115081,0.533058819184034,-0.39615887387921,-3.79115167457982,30.788678917445,3.98143580175287,-6.91329671510851,0.119367085953536
1977,"Small cap","Med BM",0.127992826036765,0.933984323153634,0.0799960829514257,-0.561734190181345,5.44083300111448,50.0130221828977,1.40745082624408,-19.8067857551374,0.473955644750147
1977,"Small cap","Low BM",0.380822923451179,0.469753544456754,-0.157062607372826,-0.0507881279814726,11.2957781377363,13.1016349964249,-2.25456784669191,-2.21799888992387,0.347985183822361
1977,"Large cap","High BM",1.07868845921127,0.709738670036314,-1.85334286203242,-1.58072289334582,9.31206387382059,24.5338227282213,-2.26374382870156,-3.1462001431066,0.460016780580039
1977,"Large cap","Med BM",0.610196230965435,0.831123679224359,-0.0786417263543607,-0.166315236162907,9.49142006853905,45.8943841471795,-0.101614967703782,-0.344882146410076,0.603233904464065
1977,"Large cap","Low BM",0.151393633331657,0.965362833480617,NA,NA,2.34715811997975,40.963866498693,NA,NA,0.678128728874434
1978,"Medium cap","High BM",-1.63746783419144,1.69237193947235,3.43952800633144,-0.435645541533668,-7.40857184391057,24.286710887774,4.22916927374626,-1.83168919912474,0.125382166246643
1978,"Medium cap","Med BM",0.299788367618764,0.902281731686997,0.151970135019392,-0.0989420243185421,8.69042405002337,64.8065229170775,0.832552732111992,-1.22932091876348,0.528496322557054
1978,"Medium cap","Low BM",0.289187276300615,0.845837605549181,0.220358521200493,-0.135768317107001,8.39550405149314,38.4049725636105,1.92064314852137,-2.10299151058865,0.523479430647206
1978,"Small cap","High BM",-0.188655040604475,1.10023958825159,0.46892282630038,-0.408075727975993,-3.69942478662253,34.6701545499362,4.03517389047539,-7.88291121401593,0.130676610966766
1978,"Small cap","Med BM",0.138814134929777,0.930295872998374,0.0757505005868397,-0.563618715915002,6.02235836404202,50.713194964053,1.36310240209479,-20.2608660244115,0.46441661905283
1978,"Small cap","Low BM",0.400294737607765,0.431720216413682,-0.229206653284633,-0.0473341609432577,12.2766889424083,12.2962811288267,-3.4912271950506,-1.99937874886888,0.359916577682197
1978,"Large cap","High BM",0.91493244961163,0.771554078039817,-1.73696213924107,-1.53841842587519,7.99842022363767,27.0662934381394,-2.02211376795529,-2.91315253044196,0.465573967198881
1978,"Large cap","Med BM",0.50633077341606,0.881367510740918,-0.00493423983336445,-0.166315236162907,8.1618733802185,52.0983475666758,-0.00622061804641188,-0.336377215922965,0.652639153921523
1978,"Large cap","Low BM",0.0497899526937437,1.03219479162569,NA,NA,0.798427182649391,45.2370490277058,NA,NA,0.731701180246657
1979,"Medium cap","High BM",-1.46845788485478,1.63270852515111,3.37959208623388,-0.333100731351102,-7.00775619064579,24.8568303168581,4.3288863471663,-1.43130992548931,0.116485376666828
1979,"Medium cap","Med BM",0.23617836562539,0.946621979561639,0.266521617508162,-0.0730115372780024,6.55983595394103,66.3320557250287,1.36668215736825,-0.828537313544799,0.530415427206883
1979,"Medium cap","Low BM",0.277210623545084,0.877845340879321,0.235739732941321,-0.265886912999524,7.41014153493902,36.1084714782195,2.10063185606869,-4.86248080176331,0.528181893629782
1979,"Small cap","High BM",-0.172499693735525,1.09412563316183,0.438427747721354,-0.420970873607719,-3.72457025796233,38.3016057131063,4.14456558658466,-8.85573919256955,0.141517729674626
1979,"Small cap","Med BM",0.131753119015227,0.938697517147761,0.070502133616089,-0.530394115800998,6.12888929467192,55.8467186909525,1.35708823973219,-20.0457755232601,0.492476314359618
1979,"Small cap","Low BM",0.400883032117853,0.405454521800748,-0.206406042302099,-0.038865499683658,12.6471294931949,11.5021635236221,-3.28124866307382,-1.62998923738514,0.332028306012894
1979,"Large cap","High BM",0.78178861525799,0.81798128619757,-0.272010699483578,-0.599478666877101,7.38712852992319,32.1367569737846,-0.414920577959148,-3.63025798049181,0.499366549557486
1979,"Large cap","Med BM",0.528600181009728,0.894207086938644,-0.0309137827276784,-0.166315236162907,8.68368406153107,55.4557178181664,-0.0387569302522246,-0.334472997194554,0.680644735106409
1979,"Large cap","Low BM",0.132106538904143,0.99714327182919,NA,NA,2.19235957009175,46.3504628777563,NA,NA,0.757350499579188
1980,"Medium cap","High BM",-1.49782920607486,1.64595027327162,3.42065575932597,-0.242841929547968,-7.32250013194675,26.1527866837758,4.42555945209847,-1.10084753949181,0.116443667564073
1980,"Medium cap","Med BM",0.244487700678444,0.95732855617162,0.401119274062378,-0.106190564649373,6.54078379377708,66.3823191854858,2.06872359859256,-1.14495948430535,0.525169291503533
1980,"Medium cap","Low BM",0.27172300669148,0.895538081542585,0.0183921396298878,-0.441418041380446,6.86352083648845,34.6050552740001,0.170665517744618,-7.84293671237357,0.538342087033255
1980,"Small cap","High BM",-0.162765913755815,1.08160240844536,0.42870498759375,-0.39726650767727,-3.81231029545644,41.5891731272158,4.37460191674539,-9.06546618588642,0.151438364304113
1980,"Small cap","Med BM",0.132267519852106,0.945821648886711,0.11107012349311,-0.509777131621722,6.28047255721329,58.0794070896323,2.18300171677697,-19.3810215674272,0.498004166224833
1980,"Small cap","Low BM",0.310463558340395,0.523065183529278,-0.114261498444969,-0.0659209778717759,7.64627732397496,12.070510694246,-1.45744046383722,-2.46696398715988,0.254353482070321
1980,"Large cap","High BM",0.739726452821446,0.858657817881162,-1.58313870953896,-0.433145633128528,6.80193001862818,34.1315433766564,-2.26968963667768,-2.34851665292143,0.495849992750094
1980,"Large cap","Med BM",0.527705076863394,0.924914275405065,0.202462804625735,-1.05160967003744,7.1458065900789,49.3283124028504,0.210952628712938,-1.94571433991565,0.624051324623288
1980,"Large cap","Low BM",0.135287828775667,1.00241349324078,NA,NA,2.12464626857827,44.8338902306175,NA,NA,0.756977726466178
1981,"Medium cap","High BM",-1.61986373765324,1.66553896864037,3.49357669036352,-0.297857707358622,-8.00776668077587,28.0067522203142,4.45427722995009,-1.31598592311199,0.123314383181696
1981,"Medium cap","Med BM",0.250891625894279,0.94881531301525,0.0832330547805014,-0.129434793978888,6.64694151466539,67.0159976614115,0.430894978913566,-1.43720985130094,0.523701490144995
1981,"Medium cap","Low BM",0.336462453357316,0.826902287063009,0.0340952434658431,-0.174060917581559,8.70125576753433,33.0297394609839,0.3593741743358,-3.78434606230675,0.521155131257367
1981,"Small cap","High BM",-0.111211384981187,1.0312717343692,0.354138229218237,-0.380714300424294,-2.80519031972375,43.4417991973272,3.89034124042848,-9.38243966909307,0.158600735412678
1981,"Small cap","Med BM",0.1433660932824,0.923881549836519,0.098927557725947,-0.462392372003378,6.91221896226251,57.7589771354375,2.01629694993324,-18.1834906030426,0.48820143477734
1981,"Small cap","Low BM",0.264297342842219,0.516025508890606,-0.13005287881867,-0.0731912440805153,7.53475366749338,13.3991974394101,-2.01973456501954,-2.94836961386548,0.25054514392057
1981,"Large cap","High BM",1.20918691004314,0.725270582136018,1.61358317042018,1.03856423201781,10.5661160643918,29.3392659526273,2.26869392524686,8.6036645271396,0.426610198162242
1981,"Large cap","Med BM",0.660942826002221,0.888856315418403,-0.0738473122175605,-1.05160967003745,8.87426900449398,49.4149295164262,-0.0734735746292868,-1.85718295272539,0.610629818522233
1981,"Large cap","Low BM",0.21604268093139,0.953105049037948,-1.42908777601755,NA,3.11702184993082,39.8731467396635,-1.46664600149629,NA,0.714949847095832
1982,"Medium cap","High BM",-1.45430781408216,1.58135335073768,2.87043233451764,-0.383848896980749,-7.09403096755828,26.7781188316216,3.52181149684597,-1.52321755482034,0.108411514383065
1982,"Medium cap","Med BM",0.240212832680244,0.944393893452846,0.124824309614988,-0.0618178696834949,6.39619977135136,68.6820163935522,0.618452866218228,-0.523811786911843,0.527438349236293
1982,"Medium cap","Low BM",0.35650364985613,0.808161946230411,-0.144166092842161,-0.254879325598559,9.46841528371037,32.1173347407737,-1.64050341719412,-5.62548061486099,0.483946516898879
1982,"Small cap","High BM",-0.0977485944257687,1.01037885561791,0.330384642219116,-0.323031975063424,-2.54347833937315,44.5251529030112,3.75264398629497,-8.25770171044618,0.163962148110275
1982,"Small cap","Med BM",0.136690882372887,0.919769701772207,0.0758412615730705,-0.457639016544595,6.77292702006407,59.2278986976246,1.62974914631643,-19.0439966449753,0.4933694857419
1982,"Small cap","Low BM",0.232038092481493,0.492182671223456,-0.142851394183721,-0.0679733423825316,7.99696214590232,14.5201902906908,-2.78368681897549,-3.05825579812991,0.235460280579887
1982,"Large cap","High BM",1.1528070795896,0.743047422073168,3.98967396930026,1.21765152433345,10.4941377542656,32.2494594978049,5.75360187461643,12.42334357407,0.465737574264658
1982,"Large cap","Med BM",0.663967302325375,0.892048883771737,-0.913144704211615,-1.80790160588369,7.95912519605473,46.7975358747682,-0.587654176778837,-2.23320880383335,0.571168657598526
1982,"Large cap","Low BM",0.239890348026239,0.948514951389316,-1.30591261229968,0.221253681218742,3.40867915444533,39.9526637590382,-1.29199681089304,3.95995111222084,0.73091714429503
1983,"Medium cap","High BM",-1.13193824790054,1.40625939212946,2.77487726814867,-0.0870770651566499,-6.11460676866027,27.0020767498237,4.2951869492246,-0.785899653603734,0.105105878453598
1983,"Medium cap","Med BM",0.169247076287014,0.94853816328398,0.0862572659337558,0.0545258848522822,4.35319937111848,67.2508511047423,0.402160659469085,0.326460337416959,0.516368960470831
1983,"Medium cap","Low BM",0.267296108940709,0.854036761532033,-0.118855924812898,-0.191967359880564,7.38496378476492,34.5685720824014,-1.45704989100157,-4.16517160715235,0.500778684503515
1983,"Small cap","High BM",-0.120659536493936,1.00088503604934,0.26735926631129,-0.294429545857797,-3.21913475956487,45.6148966244664,3.181969801907,-8.03769882467395,0.17148213397641
1983,"Small cap","Med BM",0.0909401331324224,0.932968295362687,0.0545884714273691,-0.412353130124531,4.55234264990202,60.0832487372071,1.25142952252634,-17.5039278314152,0.496590581971068
1983,"Small cap","Low BM",0.212379337465945,0.464480142075875,-0.169900786945244,-0.0610387002063378,8.2064318401666,14.9519434044482,-3.88038102555791,-2.95609099103984,0.227202129615267
1983,"Large cap","High BM",1.05709917143389,0.724608446142653,4.26433466014813,1.17733807059795,8.64644945085539,29.4050705547582,5.48713381230785,10.545441920451,0.391276174611846
1983,"Large cap","Med BM",0.666123357479842,0.883408331202097,-1.37022699025314,-2.05998373326516,7.89983579726836,46.5294017155023,-0.701797355217557,-2.18997790979635,0.559808495871909
1983,"Large cap","Low BM",0.0700056422720939,1.03275947742026,-0.257618094320685,0.241986128701527,0.814591909801663,37.8292545384461,-0.25835673305458,3.70413404472624,0.728045658676604
1984,"Medium cap","High BM",-0.915302593883982,1.30098612812324,2.54854707494508,-0.112657071650822,-5.29754825943122,27.187233655298,4.62345217934944,-1.2325940057206,0.110828676433338
1984,"Medium cap","Med BM",0.166608336955798,0.925020723503913,0.278237185839807,-0.162227751048877,4.49865583071442,68.3910189517642,2.03380991146139,-3.47453282049427,0.516430488100032
1984,"Medium cap","Low BM",0.323139247151825,0.776793357032176,-0.117637186676212,0.107847611916397,10.205095852296,35.4293847901668,-1.76222098801987,5.23815277896699,0.515357039404328
1984,"Small cap","High BM",-0.130065587833446,0.997128731262354,0.232737443673996,-0.285083075821706,-3.31959171953021,44.0098826295552,2.74698225561453,-7.82179154734319,0.175540397070332
1984,"Small cap","Med BM",0.0738674904867379,0.913689150086441,0.031182726018866,-0.410989701724743,3.82987970400886,59.9433558554975,0.798393788403057,-18.3843658092661,0.49782007618285
1984,"Small cap","Low BM",0.198744779843487,0.465403936176023,-0.193912330406809,-0.0719355379011703,8.34162168073248,16.1225020032608,-5.04197165320128,-3.54808544537954,0.234981716959416
1984,"Large cap","High BM",1.00336194405081,0.72315947998946,1.40907481340989,0.322474268583074,8.19926302432233,29.4370815043025,2.84793156238156,5.65392928995814,0.382345811945982
1984,"Large cap","Med BM",0.427841900635599,0.924644881153428,2.5520962925669,0.127110425475444,4.38472120800095,42.3119543675878,2.7448828183224,0.310366701471441,0.488547187073814
1984,"Large cap","Low BM",0.150580365569912,0.988624528538873,1.8748182078986,0.261766901878655,1.90250216169728,38.6506320693622,4.13110200325644,4.97033782813792,0.71219099810759
1985,"Medium cap","High BM",-0.564121293827025,1.15719572620694,1.8127960588184,-0.117143902455817,-3.70113532383011,27.5038228298756,4.11458373224392,-1.49403462970338,0.121432587214101
1985,"Medium cap","Med BM",0.166472527503469,0.913127928857613,0.182962899245175,-0.176682238642208,4.93534193030394,72.4872025147568,1.6461061815903,-4.23938000352493,0.528609204065279
1985,"Medium cap","Low BM",0.338300406127766,0.738354091117469,-0.15918833339456,0.0633441011527705,11.6231023309683,35.34092876861,-2.66181399849878,3.48053434259161,0.498004868930285
1985,"Small cap","High BM",-0.142738399409038,0.99742562969327,0.189102397848608,-0.309070071530251,-3.37948449920908,40.8035217151355,2.17369022674886,-7.61632463190526,0.172192719759364
1985,"Small cap","Med BM",0.0420789067592459,0.907326140614167,0.0124297498612084,-0.425969920621425,2.38083901966112,62.8081948069983,0.36649587476606,-20.5758741013931,0.507283667453051
1985,"Small cap","Low BM",0.182956698014561,0.455981995147815,-0.20278036693725,-0.077633387118989,8.37044126187856,16.9319375543023,-5.92702279546412,-4.00522132502985,0.229145573765603
1985,"Large cap","High BM",0.647620097501977,0.80166265291213,1.75106957377635,0.152278871474656,4.92729865705468,30.3958766245316,3.60021481242678,2.44463101998847,0.369911483872036
1985,"Large cap","Med BM",0.32036806678753,0.95345626260322,1.31653786483303,-0.826589137932262,3.10565324655366,40.6686612824206,1.97005587688581,-3.20644830937455,0.443837906795144
1985,"Large cap","Low BM",0.127955861240979,0.988554993227001,1.98648497978305,0.242552221089236,1.68870023575436,39.6830381882514,4.88853199428539,4.73453750413617,0.714079779703835
1986,"Medium cap","High BM",-0.731266382403635,1.2128535314238,1.53847506881515,-0.136871662955647,-4.54934002981774,26.8644372968995,3.52611879617622,-1.76971907918842,0.126694795532234
1986,"Medium cap","Med BM",0.109172825863212,0.913157111521737,0.236207106570789,-0.211849791117996,3.42701100212167,74.6429267133661,2.35929534201308,-5.79498819827602,0.52130983917355
1986,"Medium cap","Low BM",0.351677822768362,0.680317512078281,-0.244445357755455,-0.0231941020933201,12.8021522128839,32.9385572613622,-4.46630784036066,-1.40445014208219,0.445048624680839
1986,"Small cap","High BM",-0.116718622516665,0.966513493708366,0.0700263531135175,-0.299549460818554,-3.01552141867611,42.9089642772968,0.922732115156928,-8.45371197041304,0.215205520299814
1986,"Small cap","Med BM",0.0105996056443841,0.909951617746776,0.0254295504295499,-0.372701440002578,0.608825090785579,61.2651007397885,0.792187762149773,-18.1925300220376,0.486900863067416
1986,"Small cap","Low BM",0.136307421029654,0.531717461273552,-0.193071474267589,-0.184307791902747,6.71776655104589,19.5974037980234,-6.33196977547017,-8.3325324256509,0.23042191682709
1986,"Large cap","High BM",0.322266305631986,0.859325354819678,1.90847468433699,0.0744971288964059,2.24872767145382,29.9282458945489,3.69347115486621,1.07888264184325,0.354987890470524
1986,"Large cap","Med BM",-0.0948639529803064,1.04340234986717,2.05049732635413,-0.425052275041138,-0.822018457606835,39.3125057172666,3.15647032706504,-2.12358451440796,0.395854572214427
1986,"Large cap","Low BM",0.15033328358997,0.948083697369703,2.04430204843845,0.251640696471932,2.03778111414057,38.5866640847407,5.26822480089142,4.78975843661969,0.681585309719646
1987,"Medium cap","High BM",-0.921277941823627,1.25023822861172,1.42973166048504,-0.155870765884569,-5.39126171753105,26.1382015231295,3.29827493768991,-2.01737091447314,0.132921720249627
1987,"Medium cap","Med BM",0.0465253608310351,0.916341788036406,0.311599153479514,-0.216727226298885,1.53134718845768,75.7059654387899,3.38538096030083,-6.31702531910496,0.512536059532475
1987,"Medium cap","Low BM",0.545784083945579,0.443342736210642,-0.301016114002917,0.356493382271429,17.1960260365807,18.3715161014524,-4.80114395033387,23.5137030242433,0.428462095194536
1987,"Small cap","High BM",-0.0967134509931991,0.879430456473157,-0.0476761680927531,-0.237636040901246,-3.62239084417596,56.2995118127563,-0.95150369895943,-9.72157261401322,0.368696101135669
1987,"Small cap","Med BM",-0.0261272149366493,0.908619592747613,0.0370823876799063,-0.358795271798538,-1.54258164892316,61.0702276580474,1.22398931482634,-17.2447024302144,0.475307093808407
1987,"Small cap","Low BM",0.115493986171881,0.543536941880093,-0.170520414453153,-0.186317288974384,6.00459862170447,20.4747562215128,-6.0633239975827,-8.632547887964,0.222820605338471
1987,"Large cap","High BM",0.119529027610433,0.882312485828484,1.31091435232706,-0.088906764447126,0.79011639811548,29.6319670984955,2.7047461226611,-1.32255279103577,0.366558177402988
1987,"Large cap","Med BM",-0.441369601568638,1.11910994510432,2.66837436588159,-0.587174340402834,-3.44477767594355,37.1658691806848,4.65169724442824,-4.27029409364474,0.339304884221539
1987,"Large cap","Low BM",0.158608387415498,0.904238419606887,2.02889962555199,0.212244045902365,2.17867888978985,34.2815383124873,5.61973711482759,3.89906683598261,0.577958534829
1988,"Medium cap","High BM",-0.814522358207875,1.18725657020885,1.19321710478903,-0.25615688912421,-4.81889437106387,25.1085181076499,2.98296509179251,-3.46762257250802,0.134433650951907
1988,"Medium cap","Med BM",0.0122146101483522,0.915879295277224,0.293583552801509,-0.317212781283886,0.420303928088431,75.6965262886957,3.6110194208907,-10.0370621807687,0.499145450873425
1988,"Medium cap","Low BM",0.453073300603607,0.501048411980375,-0.316479327458324,0.188884161366714,13.1552453516401,18.7556984027088,-4.758171534856,12.6859934547131,0.317610583459293
1988,"Small cap","High BM",-0.132634956488525,0.864886052765639,-0.0353748004041933,-0.203572129884583,-4.53749994363256,50.5562653242881,-0.674334233178382,-8.16806203981125,0.351099158690841
1988,"Small cap","Med BM",-0.0409902626578049,0.902318172933735,0.0436492113663855,-0.354252679657196,-2.52978557816715,59.7723930363063,1.55129534925312,-17.320833834539,0.457690371974082
1988,"Small cap","Low BM",0.0906264149758429,0.563826204147864,-0.15646999913516,-0.215378545461127,5.08708844768504,21.9984553197032,-6.13605212345494,-10.5084080017474,0.213995222666926
1988,"Large cap","High BM",0.126597126788597,0.843354616261415,1.08189120035721,-0.0881206614126363,0.744840296021348,25.4217058351306,2.09722681801029,-1.19180734653639,0.312693976025784
1988,"Large cap","Med BM",-0.862505439311993,1.25468255336215,2.66565719788607,-0.981326425254797,-5.34347468535988,32.0890390276951,4.30307256176564,-6.57559471200643,0.256444856675516
1988,"Large cap","Low BM",0.234172498608658,0.865361949612904,1.56297377227124,0.0840152998551444,1.93715016089449,19.2446328753926,3.08288547580741,0.857116070622463,0.256054249681557
1989,"Medium cap","High BM",-0.763436681715457,1.13234308126467,0.957715757223598,-0.2924993339142,-4.78329339656598,25.4034447188488,2.64510070098448,-4.185330358757,0.145785679461448
1989,"Medium cap","Med BM",0.0351765524856034,0.883582704898699,0.191458258978443,-0.377454344878024,1.18027941668104,67.7562159513762,2.41841915510059,-12.1309675668784,0.436032951077293
1989,"Medium cap","Low BM",0.526143585377093,0.410302358977991,-0.362503635469988,0.324764150203353,14.2298174859492,14.337996481539,-5.09373717476769,20.4918448453088,0.329752969471399
1989,"Small cap","High BM",-0.19623783998252,0.855501320811151,0.0308013697209315,-0.126989090600686,-6.29576516264573,45.8243902257532,0.579675120799173,-4.8636162182657,0.337651943606072
1989,"Small cap","Med BM",-0.0439242889472283,0.875761204834148,0.031009168837219,-0.338359668260581,-2.80909473411231,55.3830768599245,1.16824237507152,-17.1171046578749,0.416113425808513
1989,"Small cap","Low BM",0.0635105702109285,0.597144061326982,-0.117552432356103,-0.161890834086162,3.37137441433978,21.7494678477576,-4.45099656615541,-7.49278850700738,0.228097688052862
1989,"Large cap","High BM",0.108968740797729,0.830295655662735,1.15511953740743,-0.248508979488298,0.60935594306476,23.7297573565096,2.24622305828072,-3.74363983834753,0.280252646131175
1989,"Large cap","Med BM",-1.3719909697383,1.44599340947012,3.11752574020144,-1.13879523909333,-6.63343917999312,28.1960979981153,4.25151574943598,-6.66749696634136,0.192390614580968
1989,"Large cap","Low BM",0.137158369665701,0.936376528521317,1.2956715589498,-0.0552108413046811,1.21420768468467,22.1428928224811,3.11622866406349,-1.52822565743668,0.279320731792376
1990,"Medium cap","High BM",-0.612938781312926,1.00929706663754,0.635796779515677,-0.220906575133326,-4.18578968085731,24.188884562372,1.97215439572292,-3.41785789633791,0.147278203674504
1990,"Medium cap","Med BM",0.00826240944149882,0.875698079626344,0.20254785741989,-0.349439993371292,0.294620052354116,68.3838983472708,2.81665893725484,-11.7926304495604,0.430772089273253
1990,"Medium cap","Low BM",0.458151050048326,0.482106040257079,-0.322791541513691,0.23105471947561,11.9919289901354,16.4028257950899,-4.41742527747698,14.4829875033326,0.28844847509064
1990,"Small cap","High BM",-0.245970258663254,0.83141496748324,0.0601701736300675,-0.13321539336229,-7.15479072623428,38.6165275101225,1.07781092588562,-4.73373947757461,0.281255253222385
1990,"Small cap","Med BM",-0.0375798336558149,0.832199108177502,0.0119165571842648,-0.308953215733693,-2.44591610340926,50.1051626635109,0.468035197876775,-15.9876776709826,0.375178034937226
1990,"Small cap","Low BM",0.307669799163603,-0.313197365800555,-0.39459415188744,0.645649414602742,16.4405780714456,-13.5608934967719,-15.1972776271176,38.7174745063815,0.373878232668357
1990,"Large cap","High BM",0.00136314893695547,0.789934237102517,1.2784248437007,-0.236389952906794,0.00704819765807183,20.8983040259279,2.39306375821627,-3.36534070878023,0.243027338633974
1990,"Large cap","Med BM",-2.09303691076199,1.6593414188548,3.81484507224433,-1.34412315723801,-8.01682872217488,25.7081414792132,4.02806818330047,-5.99969272046051,0.151315417527133
1990,"Large cap","Low BM",0.187953392410697,0.907885407378857,0.945593766810961,-0.056291266115694,1.80792009602755,23.4873413404869,2.56332973561948,-1.57174079736304,0.277805996532496
1991,"Medium cap","High BM",-0.420950348906169,0.880159090621702,0.310902918877487,-0.18220582961823,-3.31534053537323,22.9688553143422,1.14558909848137,-3.25830842871962,0.150927650891314
1991,"Medium cap","Med BM",-0.0019623157676868,0.872421297792343,0.168516099766483,-0.340080325639601,-0.0714769599995686,66.4502886017672,2.43339405197089,-11.7444009586105,0.411261142146075
1991,"Medium cap","Low BM",0.373946953260808,0.561247422515767,-0.251927450980615,0.242422356515969,9.42344682384919,18.2056966825998,-3.37942416885357,13.5466666506863,0.324510722422405
1991,"Small cap","High BM",-0.255053178684174,0.785846532175846,0.0914249248277113,-0.0389033961616915,-6.99019399996277,31.6585421179926,1.61424461054447,-1.32874190275544,0.249157222602793
1991,"Small cap","Med BM",-0.0525525190460744,0.849015317437042,0.024963250121484,-0.330779890178491,-3.44910533384048,48.8357171808965,1.00269301541256,-16.5819244947898,0.359149623052735
1991,"Small cap","Low BM",0.268393159374795,-0.193622674641342,-0.368682173272957,0.507774318376284,14.0989028598092,-9.68731046881402,-14.1154865874515,40.9514504644666,0.398598150622811
1991,"Large cap","High BM",-0.373356117226267,0.844830255242736,1.55622617664951,-0.330805806039863,-1.87524724020856,21.298099161258,2.9778262188841,-4.58049913849392,0.248414496393919
1991,"Large cap","Med BM",-2.45505615173154,1.79304893452312,4.27440456446399,-1.38608847965072,-8.6367207545746,24.9857164732166,4.21017149933369,-5.96364077289743,0.135706493491216
1991,"Large cap","Low BM",0.113998913343131,0.94989649928521,1.00409358498668,-0.0587763237521654,1.20838422873415,26.5480051952062,3.17379970515975,-1.7170113704331,0.301468408829942
1992,"Medium cap","High BM",-0.247144223892879,0.744766777377776,-0.019728627441253,-0.110617125637615,-3.05419346020161,29.1655789073761,-0.116589162042938,-3.05205067613637,0.250599322562442
1992,"Medium cap","Med BM",-0.0157060595638456,0.867321549359388,0.160891021900542,-0.333621532749142,-0.583562176158735,64.0431726328363,2.44208719043309,-12.2961815252098,0.390715210001258
1992,"Medium cap","Low BM",0.381434048176993,0.529410438606494,-0.242731379835999,0.261827680503586,9.69812303678811,17.0608193929642,-3.3541475529803,14.1355441822019,0.337169392251061
1992,"Small cap","High BM",-0.328104965887522,0.805053437135118,0.0872433142178997,-0.14781818766907,-8.73280639095166,29.3665902010632,1.53193300295285,-4.95245500372353,0.212756951890521
1992,"Small cap","Med BM",-0.0703858977942662,0.848299784915638,0.040991692546863,-0.31775555046622,-3.72931280617624,37.6652027801501,1.34265321234843,-12.4345861665798,0.252350393086345
1992,"Small cap","Low BM",0.26049229274496,-0.223908033408749,-0.359351039798279,0.567983913123976,11.958506847867,-10.783198320175,-12.2882368184096,42.3917453701068,0.417990211353461
1992,"Large cap","High BM",-0.515303363570852,0.816955355512384,1.17898613842405,-0.359735628236798,-2.556684328982,20.1777140413181,2.32703936076431,-4.89973860218542,0.239990176647004
1992,"Large cap","Med BM",-2.83833820226328,1.94206684834838,4.60770667859315,-1.48912558664982,-9.20851942994825,24.1795338802367,4.3358916017557,-6.09181703229186,0.121552830072662
1992,"Large cap","Low BM",0.102359949131621,0.934630599636555,0.81811204401013,-0.0933280737028449,1.14093976294867,26.8559319491549,2.93515729787659,-2.62979618735917,0.289035090105828
1993,"Medium cap","High BM",-0.318008138676415,0.772422730031218,-0.0277864386375434,-0.221108068455172,-4.11337923406216,28.7900583821752,-0.178849125530534,-5.49013009734066,0.255986745070529
1993,"Medium cap","Med BM",-0.0143994461285947,0.877939432689549,0.137480288403085,-0.386169097079792,-0.561354627182328,65.186066287341,2.2540926287009,-15.2296080342499,0.390133434247907
1993,"Medium cap","Low BM",0.435621898368711,0.44563237399426,-0.333495557517677,0.263587966341169,11.5973386577017,14.8067514901821,-4.95240337807356,13.7356338552255,0.329974474204579
1993,"Small cap","High BM",-0.337953468772816,0.84802038779969,0.122079617944137,-0.20792179304014,-8.66150196134733,27.5160171957012,2.10068197011484,-6.59023667459854,0.197868658236104
1993,"Small cap","Med BM",-0.0632221789181076,0.842029418646046,0.0255877171369374,-0.341101586713068,-3.38553624918045,36.5090408648376,0.848701285272041,-13.0845709132048,0.240773585259081
1993,"Small cap","Low BM",0.246593157592577,-0.220622076779686,-0.373757640860137,0.564889935202574,8.46868585487949,-8.07661100225372,-9.62681001746832,31.9070688335436,0.294727319594405
1993,"Large cap","High BM",-0.497366257488629,0.804921426671794,0.723146613739928,-0.454634153086059,-2.25594458647453,17.1206140541775,1.4411619595778,-5.97933971639514,0.211474451814296
1993,"Large cap","Med BM",-3.02597888769505,2.05408223318723,4.88416290991524,-1.45023975184902,-9.89449314100575,25.1458385648737,4.90360145648569,-6.11377053808494,0.120977469655458
1993,"Large cap","Low BM",0.206046238659565,0.883227371766274,0.646246623329451,-0.116485148523697,2.64972742714313,28.3383905761584,2.79301187977914,-3.66392367435761,0.288225024081145
1994,"Medium cap","High BM",-0.287281011893871,0.72681356896997,-0.255441237608352,-0.221575153349234,-3.77625028139849,26.0232266213084,-1.67658267590873,-5.10971155937561,0.232508978733448
1994,"Medium cap","Med BM",-0.0452751417309293,0.904654703296165,0.0850581542885046,-0.481437248283631,-1.83739389040351,66.9417289653059,1.47995654722759,-18.2465385735392,0.394683850350349
1994,"Medium cap","Low BM",0.466572468778153,0.375328624880246,-0.378056056546845,0.306137955743256,12.6553604534495,12.3487998726429,-5.81679510447163,15.5658649814787,0.323097067339123
1994,"Small cap","High BM",-0.318307059940089,0.790274572684594,0.0989533105364631,-0.175891084302555,-8.47274369952766,28.4028423600553,1.70335853971219,-7.63788233453007,0.174669025469558
1994,"Small cap","Med BM",-0.0575590544249884,0.820311383317991,0.0179621297839408,-0.319025241791108,-3.07663239443307,34.5256289162803,0.594228945113207,-11.6707918399523,0.22900081649852
1994,"Small cap","Low BM",0.24499154653542,-0.274245691345259,-0.4046703315454,0.593123197351124,7.18600829521407,-8.75216495892796,-8.99546101855046,28.1175764433753,0.238252772683648
1994,"Large cap","High BM",-0.901289062280733,0.868290259264565,0.752508469826671,-0.614191204365414,-3.91942233034633,18.0983768177725,1.4394049728654,-6.83395086821279,0.237675408347513
1994,"Large cap","Med BM",-3.5973902643912,2.33299984130632,5.28229781320915,-1.73063827892992,-10.0664348495447,23.5969725019426,4.7522230120305,-6.27434142217921,0.101086808355338
1994,"Large cap","Low BM",0.211856199792948,0.880330047717014,0.625869716962971,-0.145038261836514,2.94255284830837,29.5657952638408,3.06259154596285,-4.81911206301809,0.286858456516952
1995,"Medium cap","High BM",-0.244635199657381,0.664771641789727,-0.00776317395898683,-0.0272509821102369,-3.38292791090346,24.1437431343967,-0.053311097967079,-0.859840491335002,0.218403608976553
1995,"Medium cap","Med BM",-0.00820016064024178,0.875466213520316,-0.0218118421590955,-0.512192366541644,-0.342739096364343,64.0759904332512,-0.4031677136308,-21.7515881236864,0.365636155229658
1995,"Medium cap","Low BM",0.444576346182506,0.393912965398129,-0.409063640062676,0.228839222205431,12.5230783960458,13.4036540558685,-6.69364500860663,11.5038933166423,0.299270260848625
1995,"Small cap","High BM",-0.310244494480867,0.785315627524461,0.0956247179790186,-0.186153006912274,-8.4321174559783,28.0237549863026,1.67246700662188,-8.14569356299306,0.167635566065016
1995,"Small cap","Med BM",-0.0562539276438262,0.796588281382809,0.0101263513277716,-0.317732431404283,-2.89035300078734,31.7162503785621,0.323249167912422,-11.2303417591314,0.204291054127457
1995,"Small cap","Low BM",0.201716287752231,-0.11742413202398,-0.368299118590463,0.446859719099671,5.8105933932518,-3.99691094705283,-8.06107833256402,24.113986816961,0.215371509503681
1995,"Large cap","High BM",-0.598858151689548,0.705219985278601,0.442870021257663,-0.475169913477784,-2.51216819894949,13.9557241511051,0.865260641917641,-5.23414375894113,0.178839683981605
1995,"Large cap","Med BM",-3.81020725666286,2.46367103703694,5.63360434220468,-1.78949907958481,-10.8677450638952,24.8076554427821,5.25534778213037,-6.56300029872014,0.10329303890131
1995,"Large cap","Low BM",0.277115482378316,0.850403853605564,0.700968894635744,-0.0668617997153999,4.19620411387362,30.3101812285971,3.90512147035393,-2.37573567088219,0.272906744184376
1996,"Medium cap","High BM",-0.18812310880245,0.655229646765573,0.0866380340134813,-0.0400978410733003,-2.90635127042,25.7011251630574,0.663807083351096,-1.3744586944653,0.225876404897869
1996,"Medium cap","Med BM",-0.00379447494526097,0.883058333027437,-0.079416352115158,-0.546304698266082,-0.160860886944573,62.2286041958291,-1.53162552939629,-26.5260209636389,0.346200948886093
1996,"Medium cap","Low BM",0.440233964746525,0.377104426609798,-0.390478233398187,0.264319466259719,13.2882285169606,13.4963895734426,-6.85471003486035,15.0369935728111,0.296876496573403
1996,"Small cap","High BM",-0.276733920260169,0.7625437932665,0.0841892093133633,-0.171932326489983,-7.75524460304017,27.8232543348511,1.50915617421872,-7.95730663758915,0.163515081404072
1996,"Small cap","Med BM",-0.0598698998952416,0.819761850909155,0.0107716972396749,-0.362555496839868,-3.0959824103661,31.4431897343061,0.348472104049629,-13.0008777364851,0.203591486796587
1996,"Small cap","Low BM",0.196943822915256,-0.12031138555388,-0.367645982656436,0.449969204932171,5.53633587953484,-4.03094026155567,-7.90599444960321,23.7586042929837,0.216363691855253
1996,"Large cap","High BM",-0.186271260697035,0.600546211337861,0.0154682827646512,-0.418925475893545,-0.763446149696701,11.1197309350236,0.0309753882997297,-4.69260178950169,0.141768389614063
1996,"Large cap","Med BM",-4.31068182999869,2.76433333569469,6.28838777111908,-1.94868431882969,-11.7108469169852,25.4932520947914,5.63430680940946,-6.59068664531347,0.102533380758397
1996,"Large cap","Low BM",0.274452784184884,0.852156212644123,0.712860592174655,-0.0920858794454708,4.51951775099693,31.5574794812675,4.39863737894569,-3.71239615765368,0.263709939147038
1997,"Medium cap","High BM",-0.158015769618862,0.679820258761725,0.13654815066982,-0.0634115499788064,-2.64530703359737,28.6756050854756,1.12412034854234,-2.2863419384091,0.242186621342002
1997,"Medium cap","Med BM",-0.018624627205875,0.906823711520939,-0.0870912235843434,-0.574727901767872,-0.799102100683305,62.3872351965269,-1.74925839639549,-28.1907998994786,0.340831653847967
1997,"Medium cap","Low BM",0.290903062275158,0.554274331401339,-0.283460504718519,0.126045619855034,9.65164856169612,20.5835750586982,-5.61415199798575,7.33908278889678,0.286720066864346
1997,"Small cap","High BM",-0.250840337968752,0.763052699412903,0.0708590546159839,-0.177649636841961,-7.22689503949484,28.5446342611004,1.29638125191732,-8.42285114896747,0.170352291450792
1997,"Small cap","Med BM",-0.0557304130732543,0.844257249022742,-0.0023604447718625,-0.380268734290565,-2.84376661553443,31.8670620339904,-0.0749959498754093,-13.7205520267256,0.211613562303009
1997,"Small cap","Low BM",0.195867151441863,-0.136672577920764,-0.382392364651733,0.463617011156705,5.40325646916074,-4.48599248547379,-8.05974665874928,24.1385733675253,0.219443830123477
1997,"Large cap","High BM",-0.0520042249894364,0.584484878881232,-0.0370027284249408,-0.430073084700565,-0.219617768761382,10.9485472604175,-0.0735157993907927,-4.74569306563904,0.135436540633278
1997,"Large cap","Med BM",-6.25591194202209,3.69091445448964,8.70485628614625,-2.43845977406313,-9.29894314457796,18.1502624573,4.32906918762535,-4.4726392546315,0.0517449928686315
1997,"Large cap","Low BM",0.311306622546935,0.832796774998981,0.557516869678162,-0.0463018493521643,5.80561531118295,33.6553559742584,4.20332582182081,-2.0271712077332,0.270432919720608
1998,"Medium cap","High BM",-0.165648518651872,0.697937576686135,0.157233246877855,-0.0386578658639259,-2.85453978316033,30.5419257784696,1.33733519624579,-1.41093040287582,0.257176809491907
1998,"Medium cap","Med BM",-0.0291898842325507,0.907212675510585,-0.0878537931566209,-0.534226048370566,-1.30007871973016,63.5510095544818,-1.85632716400296,-26.4112483484622,0.34125146411262
1998,"Medium cap","Low BM",0.362034777613257,0.451035635810822,-0.346252795445158,0.261677028796081,12.9383687338494,17.6694782632573,-7.45854940095777,15.5362775346229,0.314955572960461
1998,"Small cap","High BM",-0.251607483336177,0.757809922107671,0.0608213178205104,-0.179036383671902,-7.38419485903615,28.5323686136546,1.12840225665552,-8.51906770569261,0.169677451399668
1998,"Small cap","Med BM",-0.0544159727361443,0.828983798027033,-0.0195371272866836,-0.348166915689283,-2.7340464780189,31.0613514692828,-0.608944294773765,-12.5175018542149,0.211170579128156
1998,"Small cap","Low BM",0.186789024656008,-0.105384286486704,-0.385223797225235,0.455976444054924,4.88852617257107,-3.33462965575122,-7.6941479359451,23.3815264723755,0.224485256038253
1998,"Large cap","High BM",0.0351587962409339,0.637193846029863,-0.0637150151215115,-0.470092865898139,0.162518702044855,13.229352726782,-0.136777233556429,-5.82116837929714,0.186598364585124
1998,"Large cap","Med BM",-7.42666843838292,4.25297778113827,10.2258759888649,-2.47924014832543,-9.85837121180675,18.4655049117413,4.52424976961738,-3.81743471467855,0.0509453272835665
1998,"Large cap","Low BM",0.285153866456578,0.823257540290124,0.419436866091419,-0.0685028273053593,6.89800645154008,41.7813707920004,4.2455110720783,-3.7777401320175,0.334398536530803
1999,"Medium cap","High BM",-0.215988997945636,0.715875607062204,0.164388635133261,-0.0235977329602887,-3.75215802508111,31.1476039107398,1.41838753019906,-0.870216688645298,0.267300561006107
1999,"Medium cap","Med BM",-0.0562484924828087,0.920877101372022,-0.104934054523365,-0.510633279448541,-2.66338571789034,66.898299837008,-2.38091533181288,-26.3462147254172,0.360377882950935
1999,"Medium cap","Low BM",0.227949105886921,0.639430121182072,-0.234067432809798,0.0826245915520779,7.78948157134288,23.4015097562882,-4.89277422610597,4.43864750415361,0.260904663823415
1999,"Small cap","High BM",-0.187947466609305,0.615086644744507,-0.054491157299489,-0.133645966973021,-4.82604568717301,19.9247493432487,-0.879035610389197,-5.56763435352745,0.104558020375466
1999,"Small cap","Med BM",-0.0523560686631633,0.804705888718609,-0.0595533776580006,-0.359459670633617,-2.52647623233547,28.7383979556321,-1.78794132977743,-12.1280029023634,0.201961404229943
1999,"Small cap","Low BM",0.209575735363279,-0.181573093429691,-0.438346864953479,0.479462301944911,5.28292261992468,-5.72162874089377,-8.43257902291653,24.111048602211,0.219123144946594
1999,"Large cap","High BM",-0.46603655735459,0.735642867471686,0.249480307474753,-0.429313294808666,-2.20505331199963,16.6138770633985,0.531688037643536,-4.37768505412914,0.270253752560366
1999,"Large cap","Med BM",-6.80822638425232,4.04907202187714,9.275768740223,-2.34660988810854,-9.54315958582622,18.067700704572,4.342160644783,-3.6085032247085,0.0469612570653249
1999,"Large cap","Low BM",-1.94479910679802,2.47276026556679,3.48820770975753,-0.875608446446974,-3.03407843793074,7.85751974209134,2.35289843691865,-2.14583014509212,0.0112737155102568
2000,"Medium cap","High BM",-0.13342086778281,0.696755562176743,0.0358877769296203,-0.0233777651577111,-2.49721320662125,32.2652005087506,0.335321505522816,-0.914700251469144,0.278917879114757
2000,"Medium cap","Med BM",-0.0346416260242873,0.907066529926527,-0.135506520644712,-0.498996594462313,-1.62746409741352,63.3907252782063,-3.10009927032462,-25.7071319694057,0.33953457334365
2000,"Medium cap","Low BM",0.295234153687293,0.518327797464471,-0.328852264766705,0.184168067010861,10.579072716412,19.3005489048138,-7.377610486459,9.59196691052479,0.280034247549877
2000,"Small cap","High BM",-0.129984210158259,0.566608773275107,-0.118680782191043,-0.106772590980057,-3.60597183088747,21.0395720993811,-2.01034771233069,-6.03878930893631,0.11165225331513
2000,"Small cap","Med BM",-0.0584505600937214,0.81571616028993,-0.073947532410616,-0.424310472462698,-2.73963067400622,28.4388272180933,-2.16952513353049,-13.5704723989266,0.200915914191811
2000,"Small cap","Low BM",0.168140647311196,-0.0458513860205321,-0.41584088931563,0.328059309382138,4.04700709923661,-1.32349627189269,-7.61042919974139,14.969830564536,0.145649965961034
2000,"Large cap","High BM",-0.135965418622014,0.676508189040296,-0.241535517413748,-0.407648693860743,-0.727816752156883,18.104363673015,-0.575820005515948,-4.57260196256878,0.297639554810901
2000,"Large cap","Med BM",-7.65752324590039,4.61532582398288,10.1990431184889,-2.72593972844979,-10.4466598425179,19.1696632663649,4.83731938211816,-4.05418170321059,0.0509637353113029
2000,"Large cap","Low BM",-1.43209307764407,2.17741414482991,2.52530720595239,-0.917005235710261,-2.51058986770292,7.48169425864191,2.07764501342074,-2.7525955532727,0.00941137559601235
2001,"Medium cap","High BM",-0.149764872082652,0.739481243590483,-0.198443540870403,-0.0506294057155312,-2.73363987506873,32.2750159667457,-1.82858972563543,-1.88301426893073,0.272940626279871
2001,"Medium cap","Med BM",-0.0413474537017324,0.916510305337429,-0.238194129393368,-0.5152448228947,-1.45231229868321,46.9404732391827,-4.17364557130906,-20.0039028751852,0.231359236677924
2001,"Medium cap","Low BM",0.291475810882935,0.519577947850865,-0.404006394344528,0.0963891263325504,11.1906236668948,20.6374713643772,-9.83403220050705,5.37792520479959,0.263352154369531
2001,"Small cap","High BM",-0.0747576364097074,0.444349179329257,-0.266303147811992,-0.0721279633868971,-1.46500424023221,11.4669352199001,-3.11380146668112,-2.90896262735549,0.0453100983912789
2001,"Small cap","Med BM",-0.0499180057765275,0.80361791014843,-0.0911300772169776,-0.417760167464387,-2.23868164105529,27.120142922083,-2.55217417121927,-12.9774930736801,0.196252713439406
2001,"Small cap","Low BM",0.144731227395565,0.0364799556550857,-0.413071902866581,0.245732148934221,3.18284543949276,0.912332613938045,-6.9036113006446,9.18006135229237,0.102827459519605
2001,"Large cap","High BM",-0.108138112935139,0.751066198699197,-0.619536294239094,-0.470486521870483,-0.422593925729475,13.5602840701164,-1.11351647800935,-3.76813096631169,0.192145911314755
2001,"Large cap","Med BM",-9.85483255062742,5.83258821326115,12.553964753215,-3.55948879306753,-10.8271222561733,18.8535747476312,4.94406834934312,-4.18884530835432,0.047744948274317
2001,"Large cap","Low BM",-1.17395764263811,2.01242061027262,1.71453102755297,-0.845544083729699,-2.3200811492858,7.60112237195015,1.73272401468332,-2.80078488251539,0.00927623658905219
2002,"Medium cap","High BM",-0.222862892154335,0.78504017936277,-0.294481725743906,-0.0493500205393053,-3.66066112649631,30.1854607033118,-2.52550305224922,-1.69079814610899,0.253970602284554
2002,"Medium cap","Med BM",-0.0163500067672691,0.892444857489762,-0.237066789943763,-0.439713874562314,-0.58321887951802,46.4684410727101,-4.28175279760265,-19.9333842718128,0.232771488585004
2002,"Medium cap","Low BM",0.274403268948155,0.563314893647585,-0.484623257444474,-0.0326471083849577,7.32344502496629,19.3271846300701,-7.80043134506675,-2.52213269646144,0.115950255815689
2002,"Small cap","High BM",-0.0424612685642344,0.413443500534817,-0.344293211107411,-0.0619219064938934,-0.815544550987348,10.4291072876546,-3.92820051873367,-2.39666262278515,0.0454091804358402
2002,"Small cap","Med BM",-0.0310380748897164,0.790777700360116,-0.128116230029254,-0.423483790249629,-1.6983307722161,32.7464361653106,-4.38616007625893,-16.1872971911784,0.282925344431868
2002,"Small cap","Low BM",0.142033875364806,0.105299075593826,-0.468793394342349,0.102847895415247,2.91116616744383,2.366243468773,-7.30152818384949,3.46468481593571,0.0571584731969882
2002,"Large cap","High BM",-0.241306012571903,0.778657539162389,4.78113520326586,0.872397314260857,-0.144096451420502,2.10371915843154,1.37838689609235,1.08963640483455,0.00600753563544676
2002,"Large cap","Med BM",-9.33990720457499,5.68780396530141,12.4521796750122,-3.0441657721371,-10.598619352318,18.5172323166096,5.37711595221213,-4.20770340936884,0.0440444456061265
2002,"Large cap","Low BM",-1.12068459218432,1.96378065904923,1.63837608527412,-0.764574178557494,-2.39734393109225,7.9147976070755,1.82360820093559,-2.74085097127681,0.00958756191437671
2003,"Medium cap","High BM",-0.158199035181481,0.747720640935571,-0.499001964007072,-0.116957683057833,-2.55122868939073,28.5171398427788,-4.37966534825581,-4.11007786725392,0.23970805153895
2003,"Medium cap","Med BM",0.0105074135916415,0.879513798468992,-0.181387836958734,-0.347226046911663,0.344043613696093,42.1737081570202,-3.05097658346875,-16.9125286774956,0.20490227025901
2003,"Medium cap","Low BM",0.310653686527962,0.535979248802751,-0.550533974067356,-0.0588545215336922,7.74416241268578,17.8904854737153,-8.37843637299495,-4.60279461775018,0.102758386325223
2003,"Small cap","High BM",0.0538835796455802,0.244069113871559,-0.474095584908165,0.0639137894137831,1.00910040611177,6.25863366971078,-5.28780064533399,2.91817064891905,0.0414073761515088
2003,"Small cap","Med BM",-0.0131284784157265,0.761394316084758,-0.131093993460132,-0.371376078519725,-0.680091293476541,31.2090055580744,-4.2556982896811,-14.7244415773102,0.282104174481216
2003,"Small cap","Low BM",0.164905310642319,0.078482477488747,-0.506555854299263,0.0707446946035178,3.80651372340643,2.07534004523486,-9.00716825387936,2.65246598310579,0.0627819540448292
2003,"Large cap","High BM",-0.111363422357572,0.718010015352219,4.39056645084566,1.19114055797238,-0.0724235811413008,2.15866059162802,1.49709640438498,2.71034599677415,0.0160619904231888
2003,"Large cap","Med BM",-10.9923238482688,6.76913197020948,15.9194423691975,-2.60452432232129,-10.1619487957015,17.4990673963318,6.05817885031341,-3.80117345427409,0.037481670371079
2003,"Large cap","Low BM",-1.07411294720406,1.94138849054503,1.63091988227965,-0.717538302852955,-2.40735102006063,8.14874862396893,1.90126833032995,-2.86649621184612,0.00971055702082546
2004,"Medium cap","High BM",-0.152565192508199,0.747855936608306,-0.396979559330977,-0.0966781353234046,-2.53513451259323,29.4817423973964,-3.68912466770999,-3.6960744685947,0.248759173403154
2004,"Medium cap","Med BM",0.0352940040091175,0.856983772770524,-0.197000261842401,-0.318648627269251,1.15024678704639,41.0512002579448,-3.35765653925352,-15.9487342987,0.203938075642993
2004,"Medium cap","Low BM",0.390489688472274,0.412173243057135,-0.721457355472104,-0.0814258688944236,9.07437233259357,13.4047262444344,-10.4474018591177,-6.01583303677144,0.078840401654629
2004,"Small cap","High BM",0.0827944344549074,0.188150856895164,-0.513170444218844,0.111656670188786,1.50093551971982,4.65498053095302,-5.59030804326642,4.47944104379194,0.0411978559869755
2004,"Small cap","Med BM",-0.0320174105964626,0.798346418034221,-0.148683390909586,-0.470209481868713,-1.57371403038838,31.5463859128509,-4.65670362505205,-17.5643238448549,0.287916294342617
2004,"Small cap","Low BM",0.177652113341867,0.0388550360943378,-0.508792388106004,0.0831814494443223,4.92450772779597,1.283636005725,-10.8945768097746,4.06898122805321,0.0885763870268559
2004,"Large cap","High BM",0.0168927554778752,0.6587458941077,3.60335521311566,0.984428904402478,0.0118938359182906,2.0985245625432,1.37810556493535,2.45562227283124,0.0136975298071762
2004,"Large cap","Med BM",-15.1116478879677,9.19219218451006,21.6373846259092,-3.72485192373829,-9.19180693817112,15.3524047773361,5.53041226125209,-3.69217377789847,0.0276967494461559
2004,"Large cap","Low BM",-1.01699500301915,1.90770230376315,1.70416018774009,-0.667959171018006,-2.36417315625976,8.40333138056943,2.05700302358187,-2.96287516096061,0.00996564941983624
2005,"Medium cap","High BM",-0.188920216197184,0.76173819389816,-0.494602483617517,-0.192562593381387,-3.00399971345992,28.2807178131776,-4.51652642032896,-6.24207247487063,0.235610703804604
2005,"Medium cap","Med BM",0.0156759233863967,0.871449072980895,-0.122147972765899,-0.289392525949723,0.499389474436519,40.631393296375,-2.06546753332894,-14.2168309521994,0.202941818106696
2005,"Medium cap","Low BM",0.381860425440748,0.42225602272921,-0.706078914621711,-0.0752808810809008,8.56662691581692,13.1512299002745,-9.98451729953864,-5.54093200454429,0.077522335484637
2005,"Small cap","High BM",0.0535533560848736,0.177197089103594,-0.500514965679214,0.123816963750788,0.886265267455417,4.03904736846162,-5.02314788590424,4.7227211856686,0.0395735193122401
2005,"Small cap","Med BM",-0.0266425571778539,0.811415970589909,-0.152349160458039,-0.465894091881685,-1.2887281784157,31.2305629568286,-4.72999016204199,-17.1639320249831,0.312369768851045
2005,"Small cap","Low BM",0.142160701866449,0.113263854442669,-0.465173228027426,0.0153767220931408,3.42041042994102,2.31291347340081,-8.70994812376271,0.403111512204754,0.0706486103466459
2005,"Large cap","High BM",0.0807395571954847,0.624353567166132,3.25439050477481,0.92336059173428,0.0571496638519358,2.02877761440588,1.27465126527061,2.34560694257684,0.0133065676186277
2005,"Large cap","Med BM",-18.4712709845517,11.1976179027632,26.8553655842397,-3.89011417805197,-9.86178387758875,16.4363549326603,6.10212858756816,-3.5806091388201,0.030115292748609
2005,"Large cap","Low BM",-1.06391527281341,1.95095071571138,1.7684302931337,-0.68861818268655,-2.60870051764813,9.0895097455503,2.25883875510056,-3.1355589363016,0.0109667531201225
2006,"Medium cap","High BM",-0.20793574906283,0.761240220794485,-0.504151836043979,-0.197333340319636,-3.13083855166773,26.9703790351497,-4.44628647080723,-6.10826834141271,0.225492437858078
2006,"Medium cap","Med BM",0.0175592627612824,0.875002223562723,-0.0971663056007892,-0.25125570012414,0.55392230267764,39.6947198786297,-1.65749821088943,-11.5930537911068,0.204870890568889
2006,"Medium cap","Low BM",0.383225967705014,0.44792980178435,-0.691816280184152,-0.0744576343641605,8.12865099123197,13.4132448876952,-9.40666308314724,-5.3605679403584,0.0786146168853555
2006,"Small cap","High BM",0.0249801411854778,0.158070317974244,-0.50117874914191,0.143288580140817,0.376725060152578,3.33099664164722,-4.63022769067316,5.0670200273856,0.0384625377132148
2006,"Small cap","Med BM",-0.00703927177091676,0.772666748147706,-0.180310782519205,-0.426438144824418,-0.315793878485356,27.0803340376717,-5.22551663294232,-13.9315238886027,0.297412130337029
2006,"Small cap","Low BM",0.151964458620536,0.12612564185221,-0.49494676830242,-0.0163804290192422,3.27161509799945,2.40521996322951,-8.32577639740505,-0.399161543180166,0.0633926595465256
2006,"Large cap","High BM",0.00524205255010215,0.635296444721778,3.10729010521503,0.921302985018837,0.00388992514034993,2.16818181404625,1.28605897265467,2.42225440837251,0.013861218028568
2006,"Large cap","Med BM",-21.0790751704587,12.7896502177691,30.3689725246544,-4.4772893708905,-9.90953099457848,16.6997222045042,6.01721902115445,-3.51985068595422,0.0298360352505267
2006,"Large cap","Low BM",-1.20014095532012,2.07256505423133,2.0757451782243,-0.655168619396629,-3.05924385620182,10.1513322165231,2.74712164236904,-3.05419016429622,0.0130374382639447
2007,"Medium cap","High BM",-0.236742725900587,0.758672415363552,-0.50110771424772,-0.20314667919034,-3.42520468873878,25.2815381350528,-4.31135177450065,-6.1290405069816,0.21349495363944
2007,"Medium cap","Med BM",0.0368713055103849,0.858889804392838,-0.126277549824206,-0.234637861474702,1.15663264272732,38.3498557322864,-2.16618384192669,-10.8376873413508,0.204173374347285
2007,"Medium cap","Low BM",0.428236558090262,0.428335766698737,-0.711187794150435,-0.0743135026368269,7.90637018846669,11.7022406476069,-8.58777237152842,-4.89437926876193,0.066419457101438
2007,"Small cap","High BM",-0.00712421483386769,0.148486239665582,-0.500358912996627,0.149516893969521,-0.0987574558948049,2.91017645494275,-4.29112313516729,4.98435317778884,0.0369329234933232
2007,"Small cap","Med BM",0.000103107907933214,0.777697656665065,-0.180096130689344,-0.437713855343323,0.00398104665103491,22.8594446074043,-4.54854272800852,-11.9360581385122,0.258819427883809
2007,"Small cap","Low BM",0.163673099427418,0.13921698795039,-0.536958812334281,-0.0508613338314681,2.8583926947056,2.30530025124179,-7.45117866860312,-1.06242340862782,0.0534471382981846
2007,"Large cap","High BM",0.30110329969583,0.476242954863025,2.36108706964883,0.848003887642328,0.235731588783471,1.80887905769735,1.03254743143536,2.36287222622911,0.0109275397775006
2007,"Large cap","Med BM",-26.8296909113145,16.012042319205,38.4143303243319,-5.53638029008927,-10.2772059585157,17.3178357442634,6.16916737210129,-3.48141063824115,0.0310469041827474
2007,"Large cap","Low BM",-1.38048213640995,2.18848325647331,2.02464112871744,-0.953701157526615,-3.75849726470431,12.0691838279356,2.75222728489815,-10.0840819793521,0.0222467639142531
2008,"Medium cap","High BM",-0.219569042164519,0.722257198611654,-0.501031495345017,-0.112736420983772,-3.0833343771834,22.6921954132669,-4.207903965176,-3.41948035404519,0.207680843079797
2008,"Medium cap","Med BM",0.0363015889871386,0.856837402761286,-0.138811473907142,-0.228578863452128,1.10039315493157,36.60292505944,-2.32286371510981,-10.3784614468348,0.200687894134743
2008,"Medium cap","Low BM",0.478944980908804,0.36613274637754,-0.79894738523717,-0.0678017181623603,8.15817944005692,9.52770362698089,-9.09940439295686,-4.31075066150436,0.0585619570573213
2008,"Small cap","High BM",-0.00644214766109229,0.112470008930714,-0.534184372276668,0.161578339108776,-0.0812955854839639,2.05973059497408,-4.20164516579134,4.96853678183697,0.0343899045537502
2008,"Small cap","Med BM",0.00643919768035014,0.788664009820723,-0.161999531229031,-0.432345283785963,0.225419686348481,20.7683522513172,-3.73295953510491,-10.7785498026786,0.255663238129993
2008,"Small cap","Low BM",0.143474224028451,0.326117522929843,-0.410641663810165,-0.124572724954007,1.68196193279082,3.8357727153519,-3.91086963738181,-1.78035700465385,0.057564517994016
2008,"Large cap","High BM",-39.1886786697069,17.5118694857297,53.3944424822008,-10.2566503353521,-3.27432975845584,7.1646560768208,2.48628123821068,-3.01154859776755,0.0316700477790236
2008,"Large cap","Med BM",-25.7915847475537,15.1583161275578,36.5813605270544,-5.32476125328631,-10.5428542212349,18.3122724594725,6.1799623795234,-3.44812229135227,0.0337712118837015
2008,"Large cap","Low BM",-1.29972056668577,2.1264226685116,1.86067406887946,-0.97209867837501,-3.63582829548161,12.4725711199022,2.6106633733256,-10.3972452478606,0.0231923585158306
2009,"Medium cap","High BM",-0.523121529405121,0.700466791653457,-0.455040419434388,-0.184529856282987,-5.6855866520712,16.3314523804788,-2.94328427709859,-4.62685288973468,0.105432106621707
2009,"Medium cap","Med BM",0.042032036146754,0.838866957906251,-0.162390011805029,-0.221927657006314,1.1801104686891,33.3406751224268,-2.55644307256768,-9.95097397527201,0.184934575555608
2009,"Medium cap","Low BM",0.570011601218052,0.513475761135526,-0.791063734881235,-0.107811473465642,3.63515064150962,5.3943775454173,-3.47735038419773,-2.67849672510095,0.0142109387013166
2009,"Small cap","High BM",-0.0439914360667763,0.220038451300297,-0.474718596872797,0.12462915693454,-0.566396630447829,4.25491093456455,-3.84153522614027,3.95153032974668,0.0484201802985791
2009,"Small cap","Med BM",0.00570190339513629,0.798638358094796,-0.116414524907349,-0.423309347372053,0.189858399274487,20.3678091749802,-2.58601376248194,-10.3846829507003,0.271592976415635
2009,"Small cap","Low BM",0.163124013459898,0.403856048130256,-0.386751327273351,-0.19093045800723,1.26407962613072,3.39494826558418,-2.44908165412889,-1.97030593471878,0.0325171420650111
2009,"Large cap","High BM",-53.0820549911039,22.0404728256647,70.1695825786764,-13.5714327358356,-5.08303735383732,11.229270862876,3.6226506429409,-4.43645268185658,0.0662512414392314
2009,"Large cap","Med BM",-25.2678101011328,14.7343280383974,35.4040675942315,-5.42356580691164,-10.479206173114,18.3229294842392,6.09520922691083,-3.55238644384691,0.0334424091408099
2009,"Large cap","Low BM",-0.275887607664753,1.28081279532863,0.0251669185717645,-0.781203181462869,-4.35380890871202,43.707725527904,0.202111403070327,-50.7666991469534,0.310126102017869
2010,"Medium cap","High BM",-0.498466437941585,0.576577844343007,-0.487538774262411,-0.176816720790845,-5.53016515146473,13.9922025471393,-3.26360105997352,-5.24360959838085,0.0822439069525589
2010,"Medium cap","Med BM",0.119999886182604,0.752081069557608,-0.212350355356658,-0.155374573372952,3.32962247146981,30.4229124053915,-3.26023629229032,-9.60385773000383,0.171481519456769
2010,"Medium cap","Low BM",0.742280082574802,0.303250711926662,-1.03880935020573,-0.0698733957734789,4.39332108792417,3.2652263180978,-4.32022732624941,-1.70780396670105,0.0101466027521137
2010,"Small cap","High BM",0.00291534255000365,0.0513370315772691,-0.662743060275393,0.279809152229826,0.032237794729437,0.820541245917207,-4.78808334083147,6.09249979599534,0.0514301792583668
2010,"Small cap","Med BM",-0.00979868731292767,0.867248671221523,-0.100123780999465,-0.452907475437413,-0.283923634601484,19.2012422788103,-1.92085668349494,-9.8318838770649,0.267575519044963
2010,"Small cap","Low BM",0.194206398312888,0.37163937640864,-0.373521063015311,-0.116177594282073,1.31387023041014,6.6726040963026,-2.0970520835053,-4.47689199193997,0.0471100200847654
2010,"Large cap","High BM",-49.9506978320071,21.3731460784302,67.5227789498817,-14.1544968086918,-5.59909837526784,12.670357574978,4.16477447428981,-6.20961439640067,0.0720008686988362
2010,"Large cap","Med BM",-23.8419331629898,13.920188655735,33.8648421083435,-5.3832300698947,-9.95136200945015,17.4973617405839,5.96367941247988,-4.0945744811457,0.0303475170733711
2010,"Large cap","Low BM",-0.304664368748371,1.29219167728399,0.164831903712444,-0.70156917619522,-4.42530231374889,41.9212421136777,1.2122188220903,-44.2100936740923,0.286701041329324
2011,"Medium cap","High BM",-0.499394293300258,0.51601976521872,-0.305396560695738,-0.13234471113304,-5.5277770884925,12.6911483381776,-2.09524163421669,-3.96850128730969,0.0706061368497429
2011,"Medium cap","Med BM",0.166707402106235,0.707989921731462,-0.156917437675652,-0.155789123246709,5.98916784590484,37.1745896585917,-3.14122475413871,-12.4294401842559,0.232722448604088
2011,"Medium cap","Low BM",0.813211699444862,0.236051362500066,-1.0973369708137,-0.0650735301313154,4.52081835600883,2.4848930121751,-4.30441554024531,-1.5312341586699,0.00837859608836755
2011,"Small cap","High BM",-0.0315196454769657,0.14447150316779,-0.567078462969535,0.199843616577979,-0.459703452687881,3.26503288604537,-5.65218660708133,5.95001917360366,0.105594447354233
2011,"Small cap","Med BM",-0.0242974391645082,0.952445899484545,-0.0702620682077335,-0.525911842015172,-0.636447598543203,19.1400092267885,-1.23717904005808,-10.5444035784479,0.27717101739514
2011,"Small cap","Low BM",0.179725411403949,0.379243360097204,-0.318924702597991,-0.114646466627659,1.08796949028947,6.61981588624645,-1.61505834653018,-4.14293403721063,0.0495942711944884
2011,"Large cap","High BM",-42.9310773431732,18.4697323608765,61.5424816905181,-10.8187759147729,-5.173841485276,12.2706907299285,4.15778787570606,-5.6715844386417,0.0631610480900124
2011,"Large cap","Med BM",-21.3289301404343,12.684691926859,30.5345893082842,-5.27200320318358,-9.27137467536523,16.6120122877481,5.66379948745828,-4.15760848905035,0.0267151828159679
2011,"Large cap","Low BM",-0.334484043663431,1.32686108659927,0.474317165050111,-0.778841640739175,-4.73288550723572,43.8457990380991,3.26092736570346,-53.9439838192306,0.34152970890336
2012,"Medium cap","High BM",-0.403574226747524,0.449281996798564,-0.268914864477375,-0.108411851151129,-4.67114801007864,11.309472004174,-1.92305560385073,-3.38746785185921,0.0590754548737176
2012,"Medium cap","Med BM",0.181448445309112,0.715277056341163,-0.131593452890298,-0.138956998489092,6.37490200950886,36.1775826866216,-2.5832731254852,-10.564362442452,0.229963677290286
2012,"Medium cap","Low BM",0.623610343578389,0.482904521041826,-0.798057039039353,-0.194749659871961,3.36737025911211,4.19429764077289,-3.09527696571141,-2.77390647568744,0.0107612829401054
2012,"Small cap","High BM",-0.0523806458409764,0.162435102709471,-0.492445703136113,0.199051017338817,-0.693462256797277,3.47117195135096,-4.52284481697571,5.9032327807546,0.111259086424691
2012,"Small cap","Med BM",-0.00365521089500967,0.922199708224111,-0.0763970446855783,-0.475618577263983,-0.0891654110650087,17.1886887592445,-1.24680065103124,-9.09586755497377,0.258677526864117
2012,"Small cap","Low BM",0.192699746443456,0.44269654334447,-0.254940118987169,-0.126714307390808,1.11225286100752,7.29384371075519,-1.2266886397423,-4.54509255992643,0.0632735811474476
2012,"Large cap","High BM",-37.7221700604645,16.1264257566538,53.0793857195131,-9.27383890706327,-4.81503708895932,11.5443982304223,3.72804355649957,-5.06534078294102,0.0536857539629675
2012,"Large cap","Med BM",-20.4986780439949,12.2328028461961,29.3662093079694,-4.89371806127631,-9.19040017255301,16.8726959335216,5.56643442378787,-3.98717673959226,0.0271845528436805
2012,"Large cap","Low BM",-0.291404310184937,1.32381112647046,0.579443613283115,-0.785193731409647,-4.21333322594025,47.0268993135346,4.03896723087152,-55.1757429049926,0.363980160814721
2013,"Medium cap","High BM",-0.415246216132512,0.457757920368638,-0.21463990486105,-0.0858627698155542,-4.82813190174062,11.1886198546742,-1.51049857948127,-2.64883403704941,0.0573930410747836
2013,"Medium cap","Med BM",0.1792126957265,0.697974424345201,-0.14656681667006,-0.130440898969654,7.61348618045253,42.3088507161863,-3.48638884075748,-11.341457682937,0.301256240452754
2013,"Medium cap","Low BM",0.552750640061148,0.527083481097336,-0.677796755925781,-0.189543048531711,2.85432549635318,4.30296251462975,-2.53745515061737,-2.39483561795805,0.0105731483594725
2013,"Small cap","High BM",-0.251338089305321,0.499015761963997,-0.326935765986845,-0.0963423558445188,-2.76300857743197,5.5653498703903,-2.64466681957009,-1.15372158016894,0.107122890943672
2013,"Small cap","Med BM",-0.0822423836260896,1.09342288640013,-0.0619534463255631,-0.70569621434582,-1.78817516844808,16.0016357934902,-0.929124688244868,-9.74342846439336,0.244103372329462
2013,"Small cap","Low BM",0.146103068478625,0.532746502920898,-0.165199996323866,-0.157191438480268,0.770955770139122,7.82499044319914,-0.726705728807334,-5.16920711741545,0.0768237592386559
2013,"Large cap","High BM",-30.9884860852879,14.0703341370296,43.9303105731249,-8.07641363846274,-4.22480890052588,9.96104512032232,3.15181616400326,-4.14810604787681,0.0375844003198454
2013,"Large cap","Med BM",-18.5235538443757,10.8370885319001,25.7403554176947,-4.80296313590835,-8.53486785066175,15.870144687885,4.85767018638977,-3.59188662414704,0.0241247602258791
2013,"Large cap","Low BM",-0.279437811539762,1.29448085457109,0.512820636834043,-0.784791780827272,-4.11032087126851,49.9833012731605,3.65214395964215,-54.9106977537889,0.380358123334518
2014,"Medium cap","High BM",-0.361352265502175,0.422776496794871,-0.331934439927018,-0.0985968904714591,-4.23629103584905,10.2302767746887,-2.32239119904878,-2.99409302069583,0.0500071211029179
2014,"Medium cap","Med BM",0.150965003566277,0.711801046861997,-0.122993663852491,-0.129721600131701,5.9241640324848,40.0221003119471,-2.6939614093231,-10.3684498395382,0.279952111150276
2014,"Medium cap","Low BM",0.423966496537742,0.688172319187005,-0.457843342160563,-0.174744589698135,2.08737644412296,5.43133483420112,-1.64327338482078,-2.19189607297045,0.0141583083668249
2014,"Small cap","High BM",-0.282841628963359,0.547303437517208,-0.321797635769328,-0.132968684100163,-3.22523814249625,8.82942670417793,-2.55103303022387,-2.75212353225439,0.110858722941292
2014,"Small cap","Med BM",-0.108875893924251,1.19205388858849,-0.00174046556626154,-0.696286560101938,-2.03049720175487,13.4719758250086,-0.0230287233761073,-7.09001045603211,0.232371850434167
2014,"Small cap","Low BM",0.226713772960285,0.184898126526118,-0.685268247147371,-0.133746454768794,0.863011082691191,2.20811845760607,-2.21569755875283,-2.55892510741315,0.0134024329495448
2014,"Large cap","High BM",-32.081623450782,13.9405560854852,45.8397587168582,-7.35393162236407,-4.77904300955789,11.5371213301928,3.42755493264637,-3.92301395127226,0.0477315820993378
2014,"Large cap","Med BM",-14.4479524287639,8.49150765998364,20.078512840516,-3.76347053203944,-7.35020636635927,14.1301868313552,4.17067819365013,-3.07803842033929,0.0192477678122812
2014,"Large cap","Low BM",-0.252647377799372,1.27044179889643,0.383380941769545,-0.787530224439362,-3.80065145499927,52.7539908523432,2.81890295222781,-55.1938516502099,0.390736816231807
2015,"Medium cap","High BM",-0.368831717799069,0.432481109930245,-0.338741256588249,-0.103923950548376,-4.36315734260464,10.4399869582013,-2.37498530242311,-3.12097410424637,0.0511534873510481
2015,"Medium cap","Med BM",0.14531827228357,0.699500777477484,-0.159840383472295,-0.122233445347982,5.61886403959933,38.3604337587912,-3.46399849774037,-9.71678051910935,0.283548035527009
2015,"Medium cap","Low BM",0.458839568545687,0.641735051875747,-0.479211859661268,-0.113313965986148,2.08811184255721,4.9487100823544,-1.60991587028927,-1.41601613613661,0.0139908313786778
2015,"Small cap","High BM",-0.280981071586259,0.519328207306927,-0.362396559938561,-0.11226587317102,-3.11392464183073,8.02535790851853,-2.7991081313621,-2.18055504831573,0.106422251996663
2015,"Small cap","Med BM",-0.12796327084675,1.22975238480281,0.055595068871589,-0.602268452205094,-2.09441042136767,11.9496628101493,0.646349183525994,-5.42867551407877,0.233668641078315
2015,"Small cap","Low BM",0.369394727803789,-0.109095714997899,-1.03626296707415,-0.0159013763009475,1.10170326311623,-1.24681299013048,-2.66916379170323,-0.267018311736724,0.0193314285443266
2015,"Large cap","High BM",-29.4602229741881,12.7151017195464,41.9278549283571,-6.56554954824037,-4.64662374700977,11.5553793961605,3.27765377164213,-3.58952837954768,0.0457555303478674
2015,"Large cap","Med BM",-11.5537131348267,6.78515568632721,15.4913438108221,-3.38456821091531,-6.58359559174501,13.2535378283993,3.5717398673337,-2.8481574440599,0.0170129685605039
2015,"Large cap","Low BM",-0.261598742813138,1.25804218284162,0.302128190442464,-0.781969164393516,-4.0000521090669,56.0129274733852,2.31067637264437,-55.6636502753012,0.405174178751173
2016,"Medium cap","High BM",-0.250608061867434,0.306676336684847,-0.621031205473023,-0.0715105917223735,-2.50506497974776,6.11825104938081,-3.65628741530348,-1.77764338564762,0.0263632936074989
2016,"Medium cap","Med BM",0.147601708357107,0.679941592480827,-0.181845957201742,-0.120229281152618,5.2937375946387,35.1232136994256,-3.69076216866373,-9.18367540651331,0.270291648391499
2016,"Medium cap","Low BM",0.526812633145214,0.563824912192385,-0.597170379043901,-0.101198560246923,2.1833362248267,4.11958535714458,-1.8595116765148,-1.21085568063394,0.0115662559903734
2016,"Small cap","High BM",-0.284852330339017,0.47947595499281,-0.482837601369211,-0.148586169821506,-2.99745544732457,7.04629665355486,-3.59588419690065,-2.63729164060031,0.088392483936887
2016,"Small cap","Med BM",0.000328831310676148,0.80099649024267,-0.143891516221365,-0.205607594334023,0.0039859660607921,5.99281196891714,-1.23948496409192,-1.45279707089789,0.131494691708463
2016,"Small cap","Low BM",0.408561060898724,-0.094632272485164,-1.18598410083021,-0.0214311877264489,1.04749122850964,-1.03439803471846,-2.657657763216,-0.338571269688028,0.0183035231212655
2016,"Large cap","High BM",-28.0861421742595,11.8960718320913,39.0596968630915,-6.13683205259928,-4.74326904481608,12.0490875201862,3.24622958282031,-3.49075189106835,0.0469759474625585
2016,"Large cap","Med BM",-7.51798113802286,4.67626712894938,10.2130077222688,-2.32598000656842,-5.0384571211122,10.8410302927667,2.83548856043866,-2.3818298408103,0.0115520015078197
2016,"Large cap","Low BM",-0.159349088606121,1.17773929359006,0.0289061311204062,-0.790912814232937,-2.94659179522989,67.9220218409232,0.274392212818757,-67.9829633600816,0.499891467162932
2017,"Medium cap","High BM",-0.254026656350086,0.329957116014844,-0.59971036123519,-0.0559334101171202,-2.58218293412573,6.73760536202818,-3.59099765677588,-1.46960404722207,0.0311298432019115
2017,"Medium cap","Med BM",0.132546122985336,0.6792526265504,-0.19668611273435,-0.125134414596883,4.35871812109553,33.0610339763232,-3.69877070746988,-9.00385564395478,0.266238296672106
2017,"Medium cap","Low BM",0.79784919066722,0.265935247900698,-1.03136805341757,0.0353863829211979,3.14014424160285,2.60425973411681,-3.10103421771065,0.805185070290525,0.0106498956061579
2017,"Small cap","High BM",-0.114572798211366,0.202646674094304,-0.604124174684257,0.211804141913556,-1.12420070493083,3.9908072661737,-4.11844277219766,6.63203513002509,0.130389639903346
2017,"Small cap","Med BM",-0.00443547824760126,0.639691245609384,-0.275850473794361,-0.184516827382488,-0.053283675598301,4.69894282871039,-2.46777156124463,-1.36491366580818,0.136089097039956
2017,"Small cap","Low BM",0.529596371668266,-0.0399706447203216,-1.29383495329114,-0.0428621204709495,1.249558322934,-0.435210309940217,-2.70002258266032,-0.667430690076563,0.0147857680559531
2017,"Large cap","High BM",-25.3359955921178,11.0383527705643,34.9646365524484,-5.91192228537014,-4.5425630621357,11.5323886141023,3.10851084113302,-3.5850398152218,0.0403174521633861
2017,"Large cap","Med BM",-1.11002925503223,1.43908194261233,1.81300453413522,-0.787397449769818,-10.4313789703132,47.3469052065675,7.23619904515974,-12.2691870455581,0.195685108928745
2017,"Large cap","Low BM",-0.0821203157127769,1.13480397366716,0.317486827871495,-0.459352187743847,-1.49523558331935,68.5320443110445,3.01736313768089,-30.8555924233066,0.412767106859031
2018,"Medium cap","High BM",-0.28642839125253,0.3537209900532,-0.573603034694344,-0.0930133096151095,-2.87170933013113,7.21036479296474,-3.40808200622249,-2.39501874679044,0.0297799817004705
2018,"Medium cap","Med BM",0.166644609099353,0.664241570562323,-0.236020070483852,-0.14103740404628,5.12919836602811,31.1729425189059,-4.20086081381247,-9.90271922517913,0.262948294727203
2018,"Medium cap","Low BM",0.870738816436467,0.232222171575382,-1.14850821229846,0.0389017776019875,3.10145074992802,2.29554334815874,-3.2037796480213,0.834353230673026,0.0103637344087396
2018,"Small cap","High BM",-0.072684403425388,0.194537061208987,-0.68119708048628,0.189805838337829,-0.699247585175887,3.86891108233106,-4.60585064374514,5.92013496281881,0.125886870298487
2018,"Small cap","Med BM",0.0454634063491801,0.440957303906859,-0.406987501577474,-0.0895220630702829,0.575787409628749,6.07018083958556,-3.56686161160245,-2.16852731228453,0.112745185690353
2018,"Small cap","Low BM",0.464028284268331,0.039404465166461,-1.17818094923662,-0.0737003115345687,0.791478825513887,0.330909514380747,-1.79664196180047,-0.875488686397895,0.0032574648478495
2018,"Large cap","High BM",-6.91063841558852,3.41175614825813,8.59737095437393,-1.88693469169917,-3.52804819681744,10.287521407281,2.20098935622024,-3.23907900993354,0.0315842914260462
2018,"Large cap","Med BM",-1.1048238863373,1.47209799653277,1.89634568335722,-0.810162958714009,-10.2046430063522,47.7071727015622,7.54377462752722,-12.9616706566126,0.198597879666161
2018,"Large cap","Low BM",-0.136988958022151,1.16350298239356,0.393365610856841,-0.444087299149288,-2.31144584470812,70.0595473496275,3.52330922660105,-28.1778293181409,0.421556002021036
2019,"Medium cap","High BM",0.00383007065434873,0.362913527886391,-0.670592850975204,-0.0628770514955409,0.0436107917662308,8.53108320328752,-4.58270707772402,-1.80335285475272,0.0521535240320675
2019,"Medium cap","Med BM",0.225073536673058,0.687166925339291,-0.225685785266402,-0.142742856672917,7.578203427033,36.2791648801244,-4.43532986073959,-10.8959198529734,0.333387163028788
2019,"Medium cap","Low BM",0.53133767233241,0.0626309441382281,-0.947831359002375,0.0932659134123703,6.02380556681181,2.01210010712946,-8.53071022240736,6.50227911028849,0.0672652432800944
2019,"Small cap","High BM",-0.0538787060629976,0.240992354445509,-0.785204543815405,0.179130369834398,-0.439833665003536,4.22541062828413,-4.56141495499351,4.97470907126675,0.121222994711494
2019,"Small cap","Med BM",0.0640646792752557,0.435314338967165,-0.454497120849072,-0.0873263854265375,0.734892940995803,5.70703404279096,-3.71049659027769,-2.00918230189371,0.107679580647449
2019,"Small cap","Low BM",0.0554573846851675,0.0365990713637274,-0.874325152054496,-0.0681908546522553,0.100575347429346,0.33675329694084,-1.43230697500489,-0.873579400078084,0.00130435249075012
2019,"Large cap","High BM",-0.283440670547941,0.729474994431009,-0.356739722949181,-0.398189560626995,-1.78226880700014,27.048492072178,-1.14856131966839,-9.18466365267605,0.218121670702193
2019,"Large cap","Med BM",-0.900227566613529,1.39410994570805,1.69516776211129,-0.765011479684121,-8.63678081235775,48.572137493822,7.03521017266482,-12.6907335004593,0.203320482514479
2019,"Large cap","Low BM",-0.286553625803105,1.26380497075435,0.568443702668954,-0.516611932448564,-4.19118196339124,69.6358244389594,4.49496507433502,-26.4126530599535,0.403697300920356
2020,"Medium cap","High BM",-0.262936001664925,0.705041202656373,-0.699643870690238,-0.51443653331127,-2.56231356469679,13.669068855784,-4.16651241132293,-10.2873975721727,0.0705633575102655
2020,"Medium cap","Med BM",0.100216767757457,0.834905212789036,-0.239307053025998,-0.352062989593158,3.0616507618538,38.4244203738305,-4.52288643257128,-12.5697271204025,0.370213082619324
2020,"Medium cap","Low BM",0.386311779709748,0.252871255208813,-0.736062229648626,0.0607644555263284,4.50433554300947,7.74305368966845,-6.76107754791333,4.6218583515589,0.092903972781656
2020,"Small cap","High BM",-0.0437888748433082,0.22054117615489,-0.745776265770002,0.174794270789251,-0.318137702220753,3.60005161163835,-3.88773475636968,4.53050406758233,0.111110400306468
2020,"Small cap","Med BM",0.0476928327918626,0.311881475164216,-0.550782167151325,-0.0567131943716362,0.545817984020001,4.55612211327253,-4.6456601848343,-1.59315008681527,0.097343135732348
2020,"Small cap","Low BM",-1.16922003026308,2.08057515764724,0.520237369642006,-1.97059263680174,-2.00193166579775,5.11423024755235,0.806116474581178,-5.21538807569173,0.0383022879782953
2020,"Large cap","High BM",-0.353854982022069,0.732944160139448,-0.908678619267591,-0.55583551439641,-1.99982245830524,25.2182486997218,-2.59793201147123,-10.8588113870753,0.200515347070274
2020,"Large cap","Med BM",-0.964632637122293,1.42609845444913,1.30602700800842,-1.18810656681189,-8.61778398606469,47.8203229744986,4.9728146107191,-16.119702516049,0.196154905972972
2020,"Large cap","Low BM",-0.477335795691065,1.32117882296337,0.617617691656809,-0.604307106654928,-6.34510847369034,70.9616500202879,4.48221628319154,-26.1005847021462,0.394035887266378
2021,"Medium cap","High BM",0.195205141514881,0.230601618330126,-1.08884886218562,0.312427197019976,1.42885858030517,3.73875442541765,-4.64905921787628,7.17225511384827,0.0583801076794447
2021,"Medium cap","Med BM",0.0867397865193777,0.848259577650534,-0.1555226629484,-0.206432131036847,2.56242572343092,39.8669294984316,-2.80885362221088,-8.97712750709585,0.401793451734523
2021,"Medium cap","Low BM",0.377224332845621,0.282547360958048,-0.715169269402079,0.0682867935264968,4.26836579326197,8.37592010276333,-6.39689762085569,5.19746693557289,0.0990547540879756
2021,"Small cap","High BM",-0.176274763821203,0.306978305720158,-0.733907264433296,0.157086236826208,-1.01312922366395,4.02600645952208,-3.05146286370729,3.2218106590977,0.0997047805886817
2021,"Small cap","Med BM",-0.0598541433113587,0.35630180959497,-0.661751536502389,-0.0880286415685279,-0.199328627708644,1.44744398663977,-1.6881117789426,-0.57411982183153,0.0113815110619401
2021,"Small cap","Low BM",-1.78890895964406,3.50101140688039,1.09484460653379,-3.40615639817835,-3.07574658109067,7.56181037208798,1.71898461501209,-7.76079481365599,0.0814672891455877
2021,"Large cap","High BM",-1.18777562633964,0.943140050459798,-0.455938126326069,-0.785083000575622,-5.72057519874185,30.7520228887635,-1.0530442217771,-11.0822016948418,0.245174625603595
2021,"Large cap","Med BM",-1.07093498787257,1.41226837080018,1.31495761691157,-1.20836875548948,-9.55353691010474,50.4288656542722,4.9189531821413,-16.4806849599141,0.217038579458592
2021,"Large cap","Low BM",-0.546442479262181,1.32963601880456,0.932335887165125,-0.39028099634085,-6.75860923086967,70.0512270624762,6.38810681416082,-12.5956902416954,0.375239310573844
2022,"Medium cap","High BM",0.270712882244235,0.206738855588443,-1.2881043226646,0.240345933946309,1.83042332158442,3.26205093345847,-5.13005649130339,5.44286949774523,0.050821568811405
2022,"Medium cap","Med BM",0.029713124250758,0.923216547878838,-0.148137875889417,-0.340650693220866,0.743480614375928,38.9808769860105,-2.31884170863096,-13.2172333267476,0.377431940289917
2022,"Medium cap","Low BM",0.40850031668952,0.219914991849823,-0.8863797292776,0.00740060232807733,4.86026826639017,7.50717400741394,-8.53950388126821,0.668123754214442,0.0722977402666011
2022,"Small cap","High BM",-0.215929733494063,0.282922037090689,-0.747160781470102,0.162464698564854,-1.07997276685333,3.51206611036268,-2.7801578988966,3.0609863983298,0.0960120146802478
2022,"Small cap","Med BM",-0.0752506255172451,0.376692270074742,-0.657430868370398,-0.118137277185194,-0.228664563987306,1.41681377076159,-1.56774083139938,-0.677575999174517,0.0100332082198172
2022,"Small cap","Low BM",-1.91001326132379,3.61782185019121,1.16712294863231,-3.5521664745438,-3.09406253155978,7.21188283777316,1.7426925457881,-7.40296274734813,0.0753950348480484
2022,"Large cap","High BM",-0.768499115767863,0.851604679782789,0.630778719308978,-0.203120747513272,-3.4421146915219,27.7364725414031,1.39985226240377,-3.57524551609394,0.211761319630948
2022,"Large cap","Med BM",-1.13750366975022,1.48002554668626,3.00779049565026,-0.425737758070085,-8.78912857604377,49.526514504579,10.3811966509224,-11.2381218801575,0.212105226442537
2022,"Large cap","Low BM",-0.781109142387782,1.45307354068103,1.10631980006693,-0.619929225145559,-7.91014618428711,69.5847818227802,6.50778364064012,-21.2436404994886,0.348945633306924
2023,"Medium cap","High BM",0.242108427558018,0.249073174519703,-1.59784854474975,0.222232752253639,1.41852242605491,3.68986309275699,-5.6876314365371,4.59139115295738,0.0511121744063512
2023,"Medium cap","Med BM",0.0787917216505253,0.838540781824717,-0.301183482722654,-0.291907227123694,1.56191688602675,30.5565917266588,-3.82764358332278,-9.45206216683712,0.288908286735954
2023,"Medium cap","Low BM",0.387077269164183,0.216878809702656,-0.95249799266734,0.00116852377701508,4.27722166351049,7.19157405778249,-8.59337778814401,0.100432967519002,0.066781992407838
2023,"Small cap","High BM",-0.386630985277157,0.315333909408837,-1.40028923629191,0.106262747940823,-1.35643747960391,3.10006039432815,-3.79977842476754,1.75436285653052,0.0635685987656441
2023,"Small cap","Med BM",-0.140930327403328,0.424663991080056,-0.747839015371144,-0.172503413314295,-0.397610758736959,1.5310301258836,-1.72474244207379,-0.827331240910889,0.0125575450748423
2023,"Small cap","Low BM",-2.0790820141617,4.13999050376435,1.25733397948934,-4.02808646212613,-3.25116647455511,8.21668935335889,1.82034305924603,-8.42148551980149,0.0937827615468497
2023,"Large cap","High BM",-0.797883399710698,0.849396773168953,0.629935494596755,-0.112538960191893,-2.65404734520134,23.2690272048457,1.0649174966036,-1.67432724198264,0.157361255189752
2023,"Large cap","Med BM",-0.838181039288457,1.32980980010141,2.53536525035569,-0.24684815609208,-6.69545002480418,52.4515565791342,9.28709474572387,-7.01119266264278,0.233967144418663
2023,"Large cap","Low BM",-1.14142459100978,1.57542255779527,1.57676178445196,-0.661139067980059,-9.56389737683472,67.8632736600908,7.75360912705262,-19.3195024898044,0.327241954038972
