"year","Size_category","BM_category","intercept","E","NegE","NegE_E","t_intercept","t_E","t_NegE","t_NegE_E","adj_r_squared"
1968,"Medium cap","High BM",-0.0208853214760757,1.10430183996594,0.0709942911354584,0.0214777654152452,-0.798566012663449,3.91175427487484,1.0862272152072,3.60179052917407,0.663924326964835
1968,"Medium cap","Med BM",0.0245105424246873,0.633790246419242,-0.0181086764551477,-0.0013787940319355,7.33966700601217,13.558512463261,-0.854028968879812,-0.519484794331478,0.303934815134493
1968,"Medium cap","Low BM",0.0106965299310987,0.77011730366798,-0.0084357842028085,-0.0162086176480609,4.21569860999149,12.2950002156577,-0.389201027269457,-4.56652892743022,0.398435072909316
1968,"Small cap","High BM",0.00798408219468605,0.651281687510312,0.055057718256949,-0.00322692972048502,0.355061179886787,2.77629938508095,0.514189764142318,-0.369188022077559,0.0978041506569582
1968,"Small cap","Med BM",-0.0263928596071206,1.13087398916526,-0.00929232440694427,-0.0302860718944788,-0.623541831825138,2.13792811641818,-0.429592904087538,-1.73271331383109,0.309808274587804
1968,"Small cap","Low BM",0.0181696275557154,0.379993415475019,-0.00696895326785248,-0.0325801084187391,2.78746004549641,2.80899947733364,-0.550153309196245,-2.34701978607832,0.130331068956053
1968,"Large cap","High BM",0.0326962131158893,0.600482552385409,NA,NA,1.48080542843761,2.36833176957729,NA,NA,0.32212950551449
1968,"Large cap","Med BM",0.0289775939584924,0.608077580281584,NA,NA,8.02978501065454,10.6616708500301,NA,NA,0.28391999462342
1968,"Large cap","Low BM",0.00780566401977733,0.87589279802357,NA,NA,2.68654179203949,10.9731087908014,NA,NA,0.4180797350867
1969,"Medium cap","High BM",-0.0498159761038764,1.47776671829253,0.0611482031019301,-0.00148110947258344,-1.42123827530698,3.76555352867298,0.835295742355807,-0.0914746431810072,0.65973642801257
1969,"Medium cap","Med BM",0.0288609556821164,0.61619263624214,-0.0141875148884633,-0.00045821055993354,9.06249972529622,13.7757885854984,-0.903004607826739,-1.93528258002611,0.253654088138006
1969,"Medium cap","Low BM",0.0135450794091141,0.829108808810783,-0.0509536404298111,-0.0265163741226494,4.45806481955305,11.8789414678139,-2.06417658177489,-3.36685487547092,0.303136056172135
1969,"Small cap","High BM",0.0044028329681001,0.699329046393028,0.0558488934442666,-0.0037974354409056,0.233322464530891,3.46623744781342,0.673221386583282,-0.471364755740704,0.109892041611719
1969,"Small cap","Med BM",0.00860103479314177,0.778062426356325,-0.0328942753065017,-0.017660588782465,0.406787393420209,2.75506158407895,-2.11902152308482,-1.61256314325155,0.21859906636603
1969,"Small cap","Low BM",0.0249764559284805,0.359604276031281,-0.0195248562158614,-0.0102425347242581,5.61440988142645,3.60279292560746,-1.65517545538956,-1.08616072358131,0.163259592858692
1969,"Large cap","High BM",0.0538654419482597,0.445543630984262,NA,NA,2.26964999763062,1.6922713704592,NA,NA,0.143909299409137
1969,"Large cap","Med BM",0.027336592397055,0.653577801979382,NA,NA,8.11845918147866,12.4631844217305,NA,NA,0.268301011156517
1969,"Large cap","Low BM",0.0120997302984984,0.822568679755104,NA,NA,3.36307334434789,9.19399498293088,NA,NA,0.31199811506757
1970,"Medium cap","High BM",-0.0667490452028126,1.74795042078807,0.1046323550638,-0.0066855920316276,-1.89107864069803,4.57660027919281,1.62945195106,-3.21128536294215,0.665340123167373
1970,"Medium cap","Med BM",0.0261679484686635,0.765206869659163,-0.0232977286788279,-0.000661283566313833,5.13009114962587,10.7422159619222,-1.16903469965772,-2.07679650409728,0.121199790803664
1970,"Medium cap","Low BM",0.0169406396439533,0.922244695680315,-0.00285440918553841,-0.0125556927090663,4.56826357848873,10.6263948112856,-0.0698718467739396,-1.12571592942016,0.150878821892274
1970,"Small cap","High BM",0.0229667447072564,0.464366987858386,-0.043038626525301,0.00680567093817239,1.31418344694051,2.56916364332339,-0.613976050920076,0.532173579079925,0.0872985664742058
1970,"Small cap","Med BM",0.0217257720909578,0.719064080639841,-0.0616759602828165,-0.0116740871973971,1.5728718490771,3.76593368009695,-2.50288476353964,-1.32272843107655,0.199113244971716
1970,"Small cap","Low BM",0.0358595907985359,0.30363144296733,-0.00069563063215034,0.0341481898413864,5.26684514015691,1.87166181969548,-0.0304147487126799,0.818574578739762,0.201653785575245
1970,"Large cap","High BM",0.0647970514947718,0.46526727066137,NA,NA,3.573687812674,2.33560166232701,NA,NA,0.0975382175961398
1970,"Large cap","Med BM",0.0180345094653017,0.884689396750534,NA,NA,3.45840183855198,10.3502659583835,NA,NA,0.230274067974819
1970,"Large cap","Low BM",0.016876067109634,0.768879567541549,NA,NA,4.36376045846678,8.24479481740697,NA,NA,0.186865747639615
1971,"Medium cap","High BM",-0.0475590060367836,1.24626265268184,0.0972508190709191,0.00483768572007597,-1.06803610056977,2.90527408748774,1.30383070995091,0.808488720454529,0.277772264113817
1971,"Medium cap","Med BM",0.0310668573882537,0.650004919692287,-0.0176681633863522,-0.000549242484953636,7.02831095615936,10.9077201046768,-1.22049586993124,-2.03896004657597,0.108161614468989
1971,"Medium cap","Low BM",0.0150759762506236,0.920896110388876,0.00231038396134259,-0.00954667546345743,4.1301163272282,11.0619514864508,0.0584944674835311,-0.941504065919944,0.135663147489723
1971,"Small cap","High BM",-0.0073792251421489,0.608375801619115,-0.00896178533713225,0.00611679268993136,-0.427406315094922,3.65943837523827,-0.182964805517909,0.337619635614789,0.154485030638274
1971,"Small cap","Med BM",0.0182773441802003,0.691544109829596,-0.0501035776053258,-0.0118308792841231,1.02632160197714,2.8171757540991,-2.28093677627964,-1.18507958820446,0.242091850826515
1971,"Small cap","Low BM",0.0455287068819521,0.0155869712404482,-0.0316706688518296,0.0272282362815739,7.54493133862981,0.116988582926601,-2.84914659533859,1.1575025400946,0.155709370866309
1971,"Large cap","High BM",0.0669269220537243,0.289640416676387,NA,NA,5.40052164268783,2.46082436776323,NA,NA,0.0489930050337974
1971,"Large cap","Med BM",0.02781262038882,0.697980643118175,NA,NA,6.51492334312322,10.1728400603831,NA,NA,0.18068817330365
1971,"Large cap","Low BM",0.0149770769656468,0.770966467167872,NA,NA,4.12857535258586,8.89026003484762,NA,NA,0.182386528587683
1972,"Medium cap","High BM",-0.0772334547650804,1.55450646441113,0.117079170617308,-0.00576860525936602,-1.59319418634971,3.21435542147842,1.55623289973777,-2.29614082157194,0.266252052019114
1972,"Medium cap","Med BM",0.027060526991402,0.708038845637861,-0.0228205716300489,-0.000768724067968723,6.67101583139446,13.0863206683708,-0.590495958020837,-1.58812708842714,0.131798887446688
1972,"Medium cap","Low BM",0.0141084449331724,0.940691897338789,0.038969823297929,0.00551654220210285,4.06729046453104,11.4997012295166,1.64323137710762,3.002063648636,0.17027636033112
1972,"Small cap","High BM",-0.00149434824164685,0.555382786105865,-0.0169354100780097,-0.00535706533312341,-0.11116282031813,4.16399617834122,-0.491277175797745,-0.485343471193865,0.127616186815132
1972,"Small cap","Med BM",0.0197200179496221,0.689158536645763,-0.021465433887317,-0.0107759908263494,1.37374578119614,3.40261989681972,-1.17859474902114,-1.18030101488053,0.219479650433038
1972,"Small cap","Low BM",0.0435897847248356,0.0750989928562949,-0.0395791163036513,0.0231686024319143,6.8158355259389,0.519820390783312,-2.54795123025156,1.11460504080121,0.164852741616662
1972,"Large cap","High BM",0.0608782067129677,0.312308573538999,0.0180380656922587,0.00312233642055576,4.81071778500854,2.43275097630528,1.37951805298072,6691256047826368,0.0999046939660487
1972,"Large cap","Med BM",0.0278864582310783,0.702934373498279,-0.00085440712812392,0.00111284117756384,7.93146121286896,12.6424194493022,-0.252681967759226,15.2912519192604,0.219207600837232
1972,"Large cap","Low BM",0.0152422353025289,0.737078624733322,NA,NA,4.1571914985129,8.29350345457398,NA,NA,0.16499373619616
1973,"Medium cap","High BM",-0.0838402738735318,1.76706395826714,0.13704920827964,-0.00463124192694767,-1.71811809616844,3.586085765591,1.74556400573097,-2.46286575896262,0.268899638641464
1973,"Medium cap","Med BM",0.0351280589043942,0.668776976574788,-0.032266307727836,-0.000649027965377368,8.91423625934416,12.6231264129625,-0.916306856097391,-1.49760194017805,0.123369115499858
1973,"Medium cap","Low BM",0.0197184326249054,0.931452689131914,0.0425016319608991,0.00276031456416047,5.50266250843629,10.310159743431,1.92385471587263,1.11220113372324,0.127101752680843
1973,"Small cap","High BM",0.0128964948251736,0.46507590374259,-0.0305142683091434,-0.00388900071388446,0.961781220636024,3.36546309703346,-1.1108695917552,-0.462601840485765,0.0374692287969787
1973,"Small cap","Med BM",0.0313152101888268,0.65018922739956,-0.0210423398814165,-0.0158103297152157,2.37994870433044,3.49895124706915,-1.06957133430604,-1.61628569412133,0.211500656389109
1973,"Small cap","Low BM",0.0476409215840286,0.140409969415208,-0.037358558245174,0.014910368762156,6.15287189192125,0.768930329906889,-2.59558914417411,0.740650101115137,0.12729139399628
1973,"Large cap","High BM",0.0655073356401949,0.335565779039665,0.00136356220700931,0.001442989608747,5.3863028267347,2.69671665347484,0.0968741371203826,1.50489232942134,0.0841343070103888
1973,"Large cap","Med BM",0.0304221991672268,0.697098002492375,0.0291482570075007,0.00263954268495272,8.24721786864033,12.4023200634884,2.20194569972164,3.5029889100124,0.229267367064075
1973,"Large cap","Low BM",0.0171041099378071,0.719553169084166,NA,NA,5.67389845619232,9.60537101255067,NA,NA,0.154469516593695
1974,"Medium cap","High BM",-0.0997607731784624,1.98308396859668,0.171765683674092,-0.00610369803279997,-1.88397279213725,3.99189426924931,2.01622731656737,-3.05687016506476,0.225986615296167
1974,"Medium cap","Med BM",0.0293666794390716,0.813477116335731,-0.0591258723580759,-0.00118380870251565,7.74229451539744,16.01590836813,-1.20804215417551,-1.64439065209778,0.155045140459721
1974,"Medium cap","Low BM",0.0204344010298211,0.969354228948152,0.0282856702630466,0.00267953438829908,5.86956708613607,11.0379138419772,1.18068137513789,1.12915351336627,0.132339820823575
1974,"Small cap","High BM",0.0336986528828097,0.463656475990314,-0.0230934089862256,0.00625401329291911,2.05401797165918,3.52277264090617,-0.741453490512657,0.341916517918492,0.0542057508609222
1974,"Small cap","Med BM",0.0397021502958924,0.641515131791852,-0.0128892469965201,-0.0122666805424663,3.93531706177906,4.73280445127084,-0.730240347783974,-2.88660418726439,0.200795361171055
1974,"Small cap","Low BM",0.0502653746539521,0.173400543603975,-0.0599278401994031,-0.00814243912474564,9.21680416474572,1.49616396695742,-3.83732315366555,-1.13042212075355,0.102311785898017
1974,"Large cap","High BM",0.0447424303246651,0.696677729963175,0.0263467602031873,0.00172920110205428,3.77403310633789,5.58158656349818,1.81006520226596,1.81742220027506,0.147629766453271
1974,"Large cap","Med BM",0.0246198042706059,0.837117831302707,-0.000959236423565125,0.000374523802515082,6.22615174368856,13.8985398095276,-0.0389373517737601,0.279557783154354,0.201526299281155
1974,"Large cap","Low BM",0.0177145791101548,0.738590812908247,NA,NA,6.41653293235857,10.2811533800094,NA,NA,0.156363775358022
1975,"Medium cap","High BM",-0.0578361804725999,1.44923270629075,0.107502855853179,-0.0047506360583242,-1.25674645817421,3.87219903171433,1.38359397354102,-2.88930260924688,0.162740544853726
1975,"Medium cap","Med BM",0.0306442240049264,0.797480284245511,-0.0678101846561446,-0.000974273839844812,8.6288669218034,17.5067248834864,-1.34661100777662,-1.31941996677425,0.15953833124955
1975,"Medium cap","Low BM",0.0214324224213976,0.945710600035484,0.0224051047732387,0.00252544823808661,6.3345213380784,11.2040232173232,0.956970388201434,1.07386978300901,0.13299181545156
1975,"Small cap","High BM",0.0202963436466249,0.519342207902241,-0.0312291160381232,-0.00104925417846239,1.1650903396408,4.4752431130237,-0.971514793127098,-0.08799491003388,0.0761392897898696
1975,"Small cap","Med BM",0.0270758754738397,0.806718793098956,-0.002627355683652,-0.0148388271309914,1.8088459133751,4.19280222410262,-0.121413678070964,-3.29757564790933,0.203199838206558
1975,"Small cap","Low BM",0.0505205601032959,0.201564155124828,-0.0541932159220064,-0.00803418879053964,9.58944362690478,1.85138892704354,-3.33503341935911,-1.84041748650073,0.111977637907099
1975,"Large cap","High BM",0.0645731122997051,0.506510606096773,0.0039281747731154,0.00177087910952509,7.07691056090541,6.12138232457257,0.328957588610259,1.8611070978795,0.137604872994534
1975,"Large cap","Med BM",0.0269898799774062,0.801849046057497,-0.00324999742324685,0.000374523802515081,6.96927059442585,13.9476785974547,-0.132008128543942,0.279557783154353,0.192985670493229
1975,"Large cap","Low BM",0.0173425753822111,0.751805939913402,NA,NA,6.42214986350483,10.7036864693201,NA,NA,0.164741794494934
1976,"Medium cap","High BM",-0.022463826521696,1.10195537624544,0.0634264740741104,-0.00386936749184649,-0.601373728017129,3.8226761925549,0.956079095712017,-3.41910173172614,0.128357620933698
1976,"Medium cap","Med BM",0.0336640903713163,0.761353705107954,-0.0644993423792154,-0.000773404498014588,10.2250694401777,18.8585406635776,-1.43570624588744,-1.09871627172783,0.164939467614794
1976,"Medium cap","Low BM",0.0232199653061536,0.916504896165144,0.0197102132579818,0.00152336352447377,5.95721991283909,9.157645433125,0.850062896549866,0.791718389457594,0.151619291090344
1976,"Small cap","High BM",0.00731101583820059,0.569739866221362,-0.0181801740542084,-0.00608731084226472,0.487300083194416,6.03922433995174,-0.645332952237027,-0.793394312503385,0.109415072813967
1976,"Small cap","Med BM",0.0297787911777583,0.746348026282986,-0.00602832916809865,-0.0225935620084568,2.15015384905557,4.42115626928243,-0.272562332920838,-3.5842280050483,0.226946447214906
1976,"Small cap","Low BM",0.0484137359911937,0.255743144377797,-0.080370673635069,-0.00954047348983732,5.97529472093915,1.44189413136297,-1.90838559602591,-1.74411353841809,0.0896106972179282
1976,"Large cap","High BM",0.0789999032664686,0.34536025033639,0.0127421843463025,0.00338865630916057,10.1535567995953,5.39437019472412,0.636241149242344,2.65489237528739,0.128206553055184
1976,"Large cap","Med BM",0.0317736270118997,0.727917434125296,-0.00800693054066973,0.000374523802515079,8.99005905229736,14.4384704700128,-0.325904391808995,0.279557783154353,0.187754248206876
1976,"Large cap","Low BM",0.0168495291815424,0.777997354249281,NA,NA,6.37593698047294,11.476831505021,NA,NA,0.181625481156605
1977,"Medium cap","High BM",-0.00150472333691073,0.96033224614928,0.0586592385210927,-0.00360850271282821,-0.0491075777040064,4.03699920836832,1.0619570220801,-3.49216458256373,0.103980229211043
1977,"Medium cap","Med BM",0.0386347240871561,0.708504690023107,-0.0581951066444654,-0.000502140808666539,12.232594100888,19.018410460184,-1.46227029303072,-0.717359202963088,0.164106941390492
1977,"Medium cap","Low BM",0.032206778471705,0.711058694742114,0.0292100616603665,0.00753866424102283,5.83216545997569,5.09285075534797,1.08999292222204,1.30299606958972,0.21092389562229
1977,"Small cap","High BM",0.00768742751556183,0.595970613739574,-0.0146187239768829,-0.0119342227266823,0.585393409863392,7.26175160502173,-0.557330380674386,-1.86863780453394,0.12939047954389
1977,"Small cap","Med BM",0.0492828402698085,0.51014784498527,-0.0240615071603007,-0.0159099200440867,4.32710928614346,3.76174645176173,-1.17467357292451,-3.21336190620754,0.144917976259305
1977,"Small cap","Low BM",0.0215849794445384,0.883181119753025,-0.00890844003968422,-0.0536310856513672,0.832691894876536,1.5080819373782,-0.113384412119778,-1.235370786699,0.18913963394015
1977,"Large cap","High BM",0.0754825390273282,0.381807288543039,-0.129451575772663,-0.00172777566794961,10.8830441261595,6.64308167723727,-2.31701278925734,-4.4935991102749,0.139448210885536
1977,"Large cap","Med BM",0.0346947355249745,0.713458448983009,-0.0112193368559598,0.00037452380251508,10.5014331553777,15.7072864596805,-0.457240277105371,0.279557783154353,0.200879893365745
1977,"Large cap","Low BM",0.0145648067964394,0.879262708804034,NA,NA,5.54374833796086,13.204409966108,NA,NA,0.233908912794844
1978,"Medium cap","High BM",0.00372486871137385,0.925134129060034,0.0443067592688541,-0.00343990648638358,0.132642418589278,4.27541983853327,0.850187164560788,-3.61862106560707,0.0922891523366807
1978,"Medium cap","Med BM",0.0421970991554452,0.691617449813511,-0.0645092322343648,-0.00067833340732736,13.9967907451896,20.6036447052052,-1.60861817853857,-0.971855252636611,0.179920455081559
1978,"Medium cap","Low BM",0.0510077281050069,0.30613684166206,0.0663763970361228,0.020769698060989,5.73814716342593,1.38721872423774,2.54765346525378,4.52049644780625,0.580194353226589
1978,"Small cap","High BM",0.012577150485153,0.569283741140785,-0.0261973684798852,-0.0125579518965725,1.01870360871116,7.45610649436596,-1.08188149938992,-2.12170155579845,0.132411270488929
1978,"Small cap","Med BM",0.0594405844831826,0.41338398501589,-0.0428551197679562,-0.0146091953677421,6.36889461518757,3.88181232208542,-2.42322664106636,-3.26197454001029,0.13357890241133
1978,"Small cap","Low BM",0.0325869954197219,0.675233766137727,-0.0154335609081442,-0.0406174084441946,1.52155076465494,1.49767752233119,-0.20218099230325,-1.15916057010084,0.160933256617164
1978,"Large cap","High BM",0.0768898455941484,0.402507489688641,-0.134263878714468,-0.00169467349358283,11.2160392895622,7.20984398455086,-2.33927243214017,-4.24291876708654,0.129922840864003
1978,"Large cap","Med BM",0.0334654798765892,0.770789346212874,-0.0103585527681312,0.000374523802515078,10.7332246080175,19.3954609101819,-0.42256517306013,0.279557783154352,0.252557051728681
1978,"Large cap","Low BM",0.0129090229825532,0.963512721312572,NA,NA,4.74952313533127,14.3176897058084,NA,NA,0.289128829470825
1979,"Medium cap","High BM",0.0113504099894968,0.887287773508507,0.0483739803908191,-0.00289917538117191,0.442858490335109,4.54402885682491,1.00292586798608,-3.61497239800266,0.0858306557417077
1979,"Medium cap","Med BM",0.0428884262734888,0.694493750398419,-0.0563957494523632,-0.000361909553347365,13.9722270653463,21.4651074922514,-1.43685988275686,-0.392708996985802,0.182210057407086
1979,"Medium cap","Low BM",0.0523953395172984,0.355338838036679,0.0163722920059348,0.00908692647006159,3.71147847325124,1.08950185992833,0.705624862136886,1.2582480681273,0.348176499880228
1979,"Small cap","High BM",0.0112056005189994,0.591342082060184,-0.0330802874850644,-0.0145936913860126,0.856835188473226,7.33477315685107,-1.37754987809586,-2.61602531419691,0.122948429225353
1979,"Small cap","Med BM",0.0612854753549096,0.410636549711415,-0.0435942473642892,-0.0133400340787585,6.65833041929852,4.1201264078101,-2.43592509163903,-3.05872893601928,0.137491505424761
1979,"Small cap","Low BM",0.0333477328034676,0.67153638626906,-0.00231299039302905,-0.0406266847769506,1.45522134352532,1.50734493186129,-0.029136936431533,-1.18793100473865,0.159439847648325
1979,"Large cap","High BM",0.0700607316388521,0.469972740909057,-0.0561900537224096,-0.000729978647969683,10.0630115959994,8.47975574113334,-1.3207572878228,-3.54242110385455,0.134496880169416
1979,"Large cap","Med BM",0.0359687584669145,0.753722870918976,-0.0127717309207635,0.00037452380251508,11.756399087287,20.9116604255926,-0.521225523100328,0.279557783154352,0.271169534075693
1979,"Large cap","Low BM",0.0126960260246151,0.970530344715038,NA,NA,4.57449540713321,14.6259911014371,NA,NA,0.30439286215412
1980,"Medium cap","High BM",0.0161591690874522,0.855474299972324,0.054532031745655,-0.00172673972922548,0.694810039457438,4.95628244158543,1.17286879206768,-1.9467835714042,0.082034402903312
1980,"Medium cap","Med BM",0.0393081757223458,0.712813935619613,-0.0308179624640382,-0.000618425885333717,13.6864879763076,24.5018721818972,-0.876630230741654,-0.785306753437347,0.213258039607536
1980,"Medium cap","Low BM",0.0572889794835166,0.193539502037667,0.00503140047966637,0.00936295956371751,3.69464179400925,0.570712604833991,0.228670377179504,1.28578968636811,0.341041105479072
1980,"Small cap","High BM",0.00497222702963843,0.633444352272683,-0.0278257639247662,-0.015936340041861,0.377152780950783,7.88185984657192,-1.11581427093849,-2.88165417326155,0.132011280695437
1980,"Small cap","Med BM",0.0589058840347994,0.439807217119284,-0.0309111641959266,-0.0145830660954874,6.35241905295492,4.56745252129867,-1.71574709062516,-3.37693488319358,0.140584277561812
1980,"Small cap","Low BM",0.0319977026823501,0.549631787528279,-0.0110791855355611,-0.0177602858790824,1.41342332315966,1.32815262462087,-0.139616187249612,-0.450530595804554,0.121857681911962
1980,"Large cap","High BM",0.0630068185490284,0.555038732328415,-0.141641691376661,0.000506984084965998,8.08359547942992,9.19915842149072,-1.04336976044984,0.316942937463978,0.146607861034132
1980,"Large cap","Med BM",0.0353015022812965,0.75714405794299,-0.0259325561786527,-0.000751379805313106,7.64009672848194,15.0442034494418,-1.00109056630542,-1.57863738338068,0.243924285073859
1980,"Large cap","Low BM",0.00910159352111207,1.03615809515015,NA,NA,3.21502847093229,15.3598711159144,NA,NA,0.414534440322938
1981,"Medium cap","High BM",0.0204855216093797,0.818274399576769,0.0367539412406704,-0.000993646439880178,0.892318602482156,4.99373007342717,0.790247054119087,-1.29651462291993,0.0744885909448478
1981,"Medium cap","Med BM",0.0450668828709433,0.653649693272915,-0.0396285005419848,2.25077005074597e-06,15.8424572048645,22.9579400478933,-1.16326629773805,0.00258809833765097,0.201873659165541
1981,"Medium cap","Low BM",0.0623848748833838,0.0675111275198909,-0.0170098793354929,0.0097850494908972,3.61425894655147,0.181868294810423,-0.881050728446995,1.39416342974509,0.332499414043648
1981,"Small cap","High BM",0.0126401397434258,0.58343660888916,-0.0498437238476848,-0.0148012231100157,0.994655949813381,7.68946657353559,-2.0055763531851,-2.79165694602698,0.129699728576127
1981,"Small cap","Med BM",0.0584285437512522,0.444597762080503,-0.0307612943937752,-0.0145601936317692,6.64370570514881,5.02698543403494,-1.78654203339088,-3.43292029999421,0.153021516040894
1981,"Small cap","Low BM",0.0280078747765659,0.504378661033241,-0.0505328326058104,-0.025807697399933,1.35693439851093,1.32834657539117,-0.736579951464012,-0.626617929715425,0.123609879543302
1981,"Large cap","High BM",0.0958588930638609,0.315604933175257,0.160090044540789,0.00303563237352371,7.31578471195186,3.20325455390411,0.795954059702112,4.32146583973666,0.495977706042958
1981,"Large cap","Med BM",0.0400421518000121,0.713906682189177,-0.0334593896142179,-0.000751379805313107,9.03755833999067,15.1247746680463,-1.29485573907981,-1.57863738338068,0.241764131956973
1981,"Large cap","Low BM",0.0142648663514026,0.943546362438869,NA,NA,5.10134386077715,14.3632009927767,NA,NA,0.409990739991568
1982,"Medium cap","High BM",0.0251248192076661,0.781934191267129,0.00483916877418014,0.000728351980168572,1.05097799354353,4.68497301627154,0.0907447161682242,0.563887936633623,0.0779779498358857
1982,"Medium cap","Med BM",0.0491827973062015,0.632279905166195,-0.0345192282653514,0.00099471599935717,15.4231582951859,20.8308683739511,-1.09452924202219,0.836469259610697,0.165152210034645
1982,"Medium cap","Low BM",0.0702551070332356,0.00157187145465727,-0.0531348268709413,0.00928759527558011,3.941860151628,0.00418568759204109,-1.86171806986527,1.31095230515573,0.263635285097204
1982,"Small cap","High BM",0.00919372422106976,0.60174337576752,-0.067532276315075,-0.0133079379380956,0.742067062194302,8.19672473298119,-2.67701471710784,-2.29850570540203,0.142446552790968
1982,"Small cap","Med BM",0.065620057465241,0.354195713474239,-0.074949511479299,-0.0115188979425432,6.6433114762634,3.57709414230458,-3.30902977184752,-2.482964547828,0.105594921495296
1982,"Small cap","Low BM",0.0263053681475649,0.500115270097893,-0.0703575093823016,-0.0204054902492677,1.3255837356004,1.34474844336007,-1.13698581453202,-0.543296192768828,0.114459454132408
1982,"Large cap","High BM",0.0805850083461356,0.463687776880433,-0.205253540322101,0.00116945138492466,4.62143866887009,3.7416274779889,-0.660501114218605,1.2542302875428,0.251222810581543
1982,"Large cap","Med BM",0.0396831692957958,0.781919226311079,-0.0281333259765447,-0.000766820321789341,7.45402155747402,13.5732551999185,-0.552004673608521,-1.41670743214023,0.208749739181905
1982,"Large cap","Low BM",0.020112127125373,0.922365637300334,-0.973165933665475,NA,4.79640837640488,10.4448966136249,-273.892974343693,NA,0.647880834827125
1983,"Medium cap","High BM",0.0516765185445995,0.535171093227926,-0.0308454124029329,0.00333399293652372,2.23397861214451,3.46315072538928,-0.482106898377558,1.83250251001322,0.107104695526468
1983,"Medium cap","Med BM",0.0237111503166746,0.783253405353708,-0.00846994184880029,0.00178880790293011,1.88197674747142,7.91947381817344,-0.256002433637125,1.66745324937318,0.0359807780198164
1983,"Medium cap","Low BM",0.0604590775800104,0.0635984803754614,-0.0585738356117686,0.00881203472143852,3.79119860447567,0.192927521206904,-2.46049160047089,1.33299219450252,0.266875158905594
1983,"Small cap","High BM",0.00886350726786429,0.567619593826155,-0.0831778486490709,-0.0105672948177859,0.701615355649044,7.60724022440611,-3.22763631477224,-1.68269872415797,0.160368658568118
1983,"Small cap","Med BM",0.059038107916492,0.327742232008982,-0.0856614778390014,-0.00600797179964749,6.07949264884132,3.42863213794875,-3.87291447912221,-1.04800015601736,0.116289993575476
1983,"Small cap","Low BM",0.0212391533932775,0.463512669759402,-0.0658708349826162,-0.015362140149728,1.23076047380459,1.42219727881071,-1.22416326712806,-0.509155134255723,0.101595939180925
1983,"Large cap","High BM",0.115170563398151,0.166959415204926,-0.254291500447306,0.000956009596590504,6.27752652076701,1.33033612510695,-0.95225666543575,1.28228713529134,0.194973463922591
1983,"Large cap","Med BM",0.0442168881158461,0.692263967882463,-0.0585373843027889,-0.00147887121620681,8.15141385234274,12.1282522115166,-2.1113928376794,-3.31280250723761,0.165164549142574
1983,"Large cap","Low BM",0.026162461235873,0.789124336116033,0.307217160379697,0.000751338703015094,5.12891272671884,7.93442736075955,68.7230923717428,82402118701847152,0.642282427188238
1984,"Medium cap","High BM",0.0647829328312448,0.400419417286333,-0.0520920203334436,0.00528157757271059,2.64267474108157,2.42963021956781,-0.816770680135632,2.24979865843857,0.121861429661447
1984,"Medium cap","Med BM",0.0131613139477904,0.834648519683135,-0.0094650463671631,0.000267429466961917,1.22384278707698,9.91803327830507,-0.359815423870745,0.149529330869319,0.0545381779523131
1984,"Medium cap","Low BM",0.0308127052617653,0.66071474226815,-0.0441253233429791,0.000938241756813851,2.35286686320197,2.34634974115002,-1.73330138430379,3.25323257345087,0.348992306549146
1984,"Small cap","High BM",0.0162311606851321,0.489138422113629,-0.0912699128057145,0.0154804451698454,1.1359906903392,5.72947319623727,-2.9384537409344,0.941505250476748,0.180542183281098
1984,"Small cap","Med BM",0.0575632539427509,0.26206037695984,-0.0902998028394333,0.00658082092502914,6.03686481813272,2.76631823892795,-4.67086556710287,0.676699184188165,0.140528353530891
1984,"Small cap","Low BM",0.0259067033879299,0.371419809986099,-0.0584120587786415,0.00640630249456229,1.6746528233015,1.20589554834085,-1.0891258955168,0.206634100816323,0.112194003872037
1984,"Large cap","High BM",0.0790680053570284,0.39699321394684,-0.104992308037324,0.000692797910020722,3.06241945355738,2.28579472290189,-1.18133590986505,1.43585713701376,0.186402131273193
1984,"Large cap","Med BM",0.0404778560515906,0.692217911914266,0.0796613849417843,0.000577870878638797,8.02542705350256,12.400916416432,3.07093160788885,2.97917184098397,0.179111601168674
1984,"Large cap","Low BM",0.0282678900819961,0.792179866243725,0.0509845907412991,0.000570325152029674,4.266977879511,6.59571393001955,0.673936913540025,12.9150950287814,0.454893125585594
1985,"Medium cap","High BM",0.0428494722701136,0.491841370934347,-0.0724271756656376,0.0052145263598816,1.81829444802714,3.08353898801819,-1.10143516824018,2.32195005425179,0.143058536244056
1985,"Medium cap","Med BM",-0.00287838646216365,0.979760082498358,-0.012646829175963,0.00349778571869977,-0.242269761923667,9.17508141138264,-0.420815579961854,1.05295498500859,0.0959035581330597
1985,"Medium cap","Low BM",0.0360827724272531,0.514440711915511,-0.0604171192926875,0.000870361269154628,3.57516167919276,2.3392282182933,-2.74588118309764,2.07366603176342,0.326754154730204
1985,"Small cap","High BM",0.00661645112316928,0.531163973232211,-0.103000248738572,0.0145028257912992,0.452296585308598,5.82961683480346,-3.09317236789565,0.966943862192478,0.19227039870537
1985,"Small cap","Med BM",0.0538088062132071,0.23017315323609,-0.105153206240714,0.00872995179347348,6.89239422252554,2.9264736979686,-5.90051708671362,0.98117997982151,0.148245978558463
1985,"Small cap","Low BM",0.0242621056292527,0.353627502039346,-0.075272486938263,0.00621823939758767,1.633763408664,1.17017580337253,-1.66096195210123,0.182165729439847,0.114513369232072
1985,"Large cap","High BM",0.0785498976542669,0.366866774858924,-0.0885765922380328,0.000553043586924439,3.14853812326868,2.12576381655743,-1.26520250297678,1.35415805478659,0.158394751018471
1985,"Large cap","Med BM",0.0392633010372768,0.680569761076545,0.0491935944826403,0.000303156125414321,7.58159140735943,12.102793531027,2.17794554387511,2.45446854182112,0.164853751143073
1985,"Large cap","Low BM",0.0319220717942281,0.710256491256245,0.0982758144779831,0.000490469553735111,2.59512194826558,2.91204838472097,2.2631895017731,7.63783542085868,0.45197740984347
1986,"Medium cap","High BM",-0.0229205893255544,0.89644486295073,-0.138534048170637,0.00168263681935876,-0.685193328378619,3.97929464902584,-1.71673696637913,0.832557095902064,0.144196969194723
1986,"Medium cap","Med BM",-0.0145994672810255,1.05972836501252,-0.0109428578948582,0.000268385288029282,-1.07856747779818,7.95669841468581,-0.488574222017155,0.312560194597467,0.0912965626402211
1986,"Medium cap","Low BM",0.0418730293100296,0.29951929648355,-0.0788564013912565,0.000627031114885304,6.08917876100784,1.99321253851639,-4.63467563941768,1.13832914511809,0.262799048324567
1986,"Small cap","High BM",-0.00355179826491888,0.573195847450072,-0.0842248902413783,0.030710020890866,-0.188735778498637,4.70639641175563,-1.81176751746297,1.9365878261294,0.192834681732341
1986,"Small cap","Med BM",0.0506096567161762,0.204452930713227,-0.112184399621535,0.017984601749907,5.34099184997281,2.05719390554993,-5.15689621234761,1.48320106896804,0.158732764826498
1986,"Small cap","Low BM",0.0190025999023856,0.384600198155404,-0.0848965122915436,-0.00414515714147701,1.49188518210507,1.45998414719477,-1.63621050210901,-0.309376607457887,0.11202559446663
1986,"Large cap","High BM",0.0523495448187722,0.513588993132506,-0.060983396358811,0.000495526059723549,2.12169082870562,2.99012039674723,-0.893691393816549,1.2370745894452,0.179216453027378
1986,"Large cap","Med BM",0.0332655681285349,0.681010873856145,0.0489107638327447,0.000249166670065343,6.0495861772254,11.2902261038611,2.51481361104721,2.24373517988031,0.151627189823561
1986,"Large cap","Low BM",0.0352906454755301,0.571790895168084,0.121068823473213,0.000507873773915736,3.16458906706298,2.59888519600066,3.02446821054579,7.63045061705754,0.418064488846871
1987,"Medium cap","High BM",-0.0578518183680043,1.07275427899007,-0.152498692296473,0.0015223042111003,-1.60996340894698,4.43981250392903,-1.60321066085784,0.777331460021206,0.113061691107818
1987,"Medium cap","Med BM",-0.0370121347998702,1.21225221228455,0.0369243450437897,-0.000282916086857772,-1.69937013041283,6.60395374241075,1.0413009465049,-0.446540824460747,0.0201315688059428
1987,"Medium cap","Low BM",0.0362145999275163,0.409647865701261,-0.061419970855481,0.000723772123986201,4.61427470313563,2.29695845738115,-2.94799700899666,1.59549516760105,0.242102262683995
1987,"Small cap","High BM",0.00237458380221912,0.467660666911942,-0.0969402956371522,0.0609605859290707,0.105944561437976,3.15930927970082,-1.6588781831485,1.62834793827229,0.128803537332768
1987,"Small cap","Med BM",0.0316127325552382,0.339317952064759,-0.086790286486382,0.0153620470414934,3.09504365225811,3.03899539001923,-3.8373349376176,1.32509333445577,0.180701101050267
1987,"Small cap","Low BM",0.0230338757911972,0.256313694456452,-0.107869434870524,-0.00186193337609076,3.5499636389077,2.04903834307196,-3.51027209577102,-0.412068226194523,0.096500051002068
1987,"Large cap","High BM",0.0241763308018636,0.682044806334528,0.0328803182050296,0.000827558072725195,0.787119117850196,3.24504737597602,0.381962331479313,1.42729230513685,0.189286564153251
1987,"Large cap","Med BM",0.0213537048418033,0.766399559263811,0.0510445098759098,-7.07245303671106e-05,4.16289643554281,13.7380117870299,3.86352772733612,-1.3115449608284,0.168863188302982
1987,"Large cap","Low BM",0.0267247581371118,0.644625939062478,0.12964037001991,0.000486772014501139,2.99527219193998,3.58180776670025,3.73121824270529,7.10533529866141,0.258607021685669
1988,"Medium cap","High BM",-0.0644609737303786,1.05164827320339,-0.119944791363413,0.00155107479632771,-1.6727292265901,3.92644151354265,-1.30984692755963,0.791791811904307,0.105266299932208
1988,"Medium cap","Med BM",-0.0307831250418982,1.13589672020033,0.0371510510965477,-0.000556222807917217,-1.66595710924323,7.19153229758948,1.26068126616257,-1.08965932674931,0.020231205252682
1988,"Medium cap","Low BM",0.0225589131251626,0.668405164897196,-0.0324038700822355,-0.000671525682002111,2.5750975367181,3.3174251438751,-1.31278914860866,-2.4772914853285,0.248390077535436
1988,"Small cap","High BM",-0.00982642436426778,0.487495481896669,-0.130923819758838,0.0507533386577921,-0.510472871370044,3.74669685133122,-2.44850357253634,1.97343093031266,0.135219210012256
1988,"Small cap","Med BM",0.0264734390885084,0.348769473648371,-0.0817350107452644,0.0165794219908037,2.95325243403584,3.42580189826866,-3.84247161792832,1.6578801238241,0.204923616746801
1988,"Small cap","Low BM",0.020742112921443,0.251284414930601,-0.108280046019004,-0.00240762465988127,3.28537887662051,2.03089074014161,-4.16515296932842,-0.499104119907042,0.0999749878843467
1988,"Large cap","High BM",-0.0024743498505559,0.779951101958036,0.0640116463310878,0.000770448612990118,-0.0671688198201238,3.37605849833386,0.715926700400421,1.37182733003212,0.106340475464228
1988,"Large cap","Med BM",0.0144165530079721,0.809536618301418,0.0628347711433683,-0.000152168865979439,1.17966323221938,6.71966013377918,3.06891534741476,-2.8561986229208,0.0658421882081202
1988,"Large cap","Low BM",0.0294521866672125,0.534013941851915,0.0516751538129104,0.000270043848557906,1.9985542420634,1.481167280115,1.28308027509143,1.38375945916564,0.0740079209522705
1989,"Medium cap","High BM",-0.182829344930565,1.76273498953081,0.180176661874263,0.00680840995460538,-1.75910746339137,2.51033636195497,0.719476900824128,0.942554955492852,0.0767505237602183
1989,"Medium cap","Med BM",-0.0247161986410056,1.03350288933946,0.0302379784244311,-0.000770050368043003,-1.48162818571104,7.0909642636546,1.14297032898461,-1.68713663459686,0.018502857966331
1989,"Medium cap","Low BM",0.0175430410188493,0.762031316290179,-0.0350904055119071,-0.000915135599257608,2.03151985936788,3.88803046621123,-1.39489524246334,-3.72702957544397,0.263659784129892
1989,"Small cap","High BM",0.0127679186528685,0.204561082103987,0.259736902684662,0.24875534891806,0.248346683048045,0.566851444801805,0.861181226883097,1.51843713054054,0.133528823688798
1989,"Small cap","Med BM",0.0183458771896246,0.364958344025944,-0.0851707272844066,0.02690630468773,1.42280279006018,2.32643842839688,-2.81268481826621,1.76470773758649,0.0832842572117443
1989,"Small cap","Low BM",0.0139048001250188,0.313283875748075,-0.111009246511638,-0.00393102556688342,2.1271307514561,2.42017458455909,-4.30557903947621,-0.797365168398535,0.124027598139059
1989,"Large cap","High BM",-0.0202718687986305,0.875751734927141,0.0477466310598037,0.000305678967689227,-0.486005487360553,3.26801427396894,0.5728960981824,0.829896541468859,0.0891566891385465
1989,"Large cap","Med BM",0.0202207239674819,0.732598707090981,0.063702777716678,-7.57863488768284e-05,1.94584454253073,7.11110253169597,3.37701768899643,-2.37949351807901,0.0490337316390259
1989,"Large cap","Low BM",0.0300354493005699,0.497782374138367,0.0158649685023208,0.000139214904300157,2.51793939865132,1.71422111288277,0.472165716303786,0.853300072353967,0.0476238056041793
1990,"Medium cap","High BM",-0.219777499253938,1.93563616530712,0.251686560647565,0.00648116431892585,-2.0368577125331,2.57419641049932,0.956591715353387,0.914200937278157,0.0857667750518343
1990,"Medium cap","Med BM",-0.0296256883206859,1.01262273527383,0.0362574770080576,-0.000800263873841286,-1.85748709521489,7.07889406973473,1.47963948014339,-1.88808545653716,0.0120703617714761
1990,"Medium cap","Low BM",0.0187081850250142,0.68959612961263,-0.053012772908043,-0.00107717686060919,2.07684808367203,3.60727194094691,-2.09511003758399,-3.77878326247568,0.180029817151705
1990,"Small cap","High BM",-0.0499324807324852,0.483425582189985,0.249231006187299,0.195514126197857,-1.50266282701964,1.98764269198639,0.839376982502686,1.4982307099119,0.116232206988704
1990,"Small cap","Med BM",0.0102917723714109,0.364115916964811,-0.085218969626129,0.0257826608201823,0.901687079963499,2.55576593965115,-3.00773280822524,1.78799895832666,0.0848757707889196
1990,"Small cap","Low BM",0.0117246758639206,0.358202884008461,-0.11480020403276,-0.00440204950198501,1.99112661841129,3.2208767058197,-4.98407669860436,-0.772059746691793,0.164634013068358
1990,"Large cap","High BM",-0.0272131978141475,0.825431145709727,0.0643636381558719,0.000323156597262162,-0.645375598179773,3.01425064900415,0.792138712387038,0.894525124313036,0.0719765848659463
1990,"Large cap","Med BM",-0.00121080509545378,0.92013207813702,0.089071894117529,-9.80257947089243e-05,-0.0591673921255483,4.79838549414649,2.54850821555837,-2.2053401111637,0.0158318407416603
1990,"Large cap","Low BM",0.0165400691885437,0.787622523730044,-0.0139011620375132,3.58544264405285e-05,1.50954003196272,3.06986920574991,-0.365498494246258,0.290762344921396,0.0746431836209891
1991,"Medium cap","High BM",-0.219529184332774,1.90359176810209,0.233104890459506,0.00471400815460089,-2.08792153460515,2.42769501079155,0.84876737619949,0.798469226517204,0.0836829121880812
1991,"Medium cap","Med BM",-0.0436632705253588,1.18053636898805,-0.0263741858043391,-0.00131267016395345,-2.38269659293856,6.04488588360244,-0.521785028009093,-2.38889252616995,0.0154435798969289
1991,"Medium cap","Low BM",0.00543362070575327,0.980357914819412,-0.075159746714545,-0.000462509516417158,0.484656119985306,3.97441013905227,-1.94455490779442,-0.522281080887256,0.113499629651469
1991,"Small cap","High BM",-0.0651316237200546,0.454183479676742,0.138261258891251,0.166217651387802,-2.54819806343315,2.28183223821842,0.532504424646281,1.51869798441432,0.104490845384871
1991,"Small cap","Med BM",-0.00172792237037513,0.393149742395849,-0.0644463595186998,0.0296682927521309,-0.148361961315408,2.68038457834641,-2.01776768698663,2.07925489054805,0.086645590338356
1991,"Small cap","Low BM",0.0176620474155296,0.294229341788979,-0.146355287431536,-0.00122655399899025,3.41350910926563,3.40194124076655,-5.93368386083323,-0.195249276526175,0.120992713782236
1991,"Large cap","High BM",-0.0341414571371909,0.828011019281361,0.0383038031885853,0.000101109556837967,-0.851445883009062,3.08613666763495,0.503204630719434,0.351752009737471,0.0573546460196901
1991,"Large cap","Med BM",-0.0028711245044102,0.891934186844668,0.0858786711001599,-0.000107454158854603,-0.14889063052642,4.94346389660965,2.59722262160947,-2.25446408747293,0.0109158521014098
1991,"Large cap","Low BM",0.0152174946073452,0.806453831338493,-0.00445240312056229,4.11232491700184e-05,1.56643636862829,3.55718068400188,-0.155235244037187,0.341247910555449,0.0817633225402823
1992,"Medium cap","High BM",-0.258949984256219,2.14552747762968,0.247961141678949,0.00130723376819893,-2.42813840639554,2.57695976000506,0.882019379909209,0.321590423410529,0.0884859556073464
1992,"Medium cap","Med BM",-0.071969144353908,1.50969253875391,0.0285368488058465,-4.98100543843385e-05,-2.24611175144049,3.75045894309299,0.42038499521356,-0.030645012485757,0.0204436335660592
1992,"Medium cap","Low BM",0.00246862413378455,0.978742973426724,-0.066701290251378,-0.000661558285321276,0.231461274597155,4.19988539465973,-1.71751220816794,-0.750239166646645,0.130533039222394
1992,"Small cap","High BM",-0.0991458172519483,0.50475534188848,0.0177989552141965,0.104287637117237,-3.40094541937257,2.16263919147403,0.101240834418527,1.3467572727818,0.0751961723370159
1992,"Small cap","Med BM",-0.0116035145907703,0.375315315916793,-0.0538774599262104,0.0312239558211779,-0.807796847787085,2.78491390139514,-1.68029576213154,2.21613796448304,0.0603333768732071
1992,"Small cap","Low BM",-0.002839363168501,0.401858533745653,-0.0894663768982689,-0.00306362471172199,-0.194243176017261,2.69219700394505,-2.09630330329308,-0.364116864379605,0.191207151467273
1992,"Large cap","High BM",-0.0246826663692653,0.646508393545632,0.0235226593908438,6.17314925123176e-05,-0.694167255184979,2.66725182437164,0.314541989222302,0.297130187651014,0.0444073825324958
1992,"Large cap","Med BM",0.000273335839579496,0.794814487037349,0.0716955931270032,-0.000100480256320763,0.0156461110218246,4.7985674972033,2.39689761063236,-2.51843657026877,0.00925276377461048
1992,"Large cap","Low BM",0.0130958771760525,0.791128196425685,-0.0155308948381501,-9.23674383213687e-05,1.57717267439232,4.05428829435103,-0.704005186635985,-2.16195728372856,0.0795874210425456
1993,"Medium cap","High BM",-0.275752650695324,2.49552207602181,0.293569871763302,-0.000903528871534684,-2.79572748852377,2.81779037986349,1.05788771371265,-0.22624205933693,0.0860531624929142
1993,"Medium cap","Med BM",-0.064736832486706,1.47327418424807,0.0320676884729818,-0.000130510136329599,-2.11623262623459,3.69411657263707,0.49581076447128,-0.0890858224659266,0.0202165676041673
1993,"Medium cap","Low BM",0.00504806269917648,0.902472964924526,-0.0627465140230325,-0.00051866527751613,0.530798060865903,4.37258279135244,-1.83074751688613,-0.573240557301505,0.128534784425343
1993,"Small cap","High BM",-0.0963736874266498,0.422063527034341,-0.0403540157354649,0.0920273176066971,-3.62242412038997,1.8923168218297,-0.298853412835622,1.4388263241744,0.071680155875987
1993,"Small cap","Med BM",-0.0114769862365884,0.365294424876382,-0.0514571455758156,0.0308228865960527,-0.829738845169445,2.83952701744472,-1.66840529040604,2.19464242101383,0.0591132347856865
1993,"Small cap","Low BM",0.000214305739852515,0.347405552922805,-0.103497247701269,-0.000922818731702106,0.0149581906187005,2.56240452997476,-2.64695463256454,-0.113049566771866,0.191231705188654
1993,"Large cap","High BM",-0.0376464336785513,0.708332593441071,0.0409082002494896,-9.79306850319293e-06,-0.831432455987607,2.0626102943267,0.513230612346672,-0.205717024292241,0.0376534060632443
1993,"Large cap","Med BM",0.00228126384586246,0.770569397198936,0.0618589284303928,-9.31367430527779e-05,0.150972267182596,5.27231339740042,2.43716167010262,-2.86666696654284,0.00994993548364531
1993,"Large cap","Low BM",0.0100745588700166,0.864214365137712,-0.00947830837412299,-0.000128653470496459,1.3543886637075,4.8858706751779,-0.505859428134845,-2.68002494096367,0.103873833203689
1994,"Medium cap","High BM",-0.265051852156508,2.41960682138634,0.265686974840595,-0.00106487388274007,-2.86934563283851,2.80133801219599,0.972439185800603,-0.267598986090879,0.0806934084234504
1994,"Medium cap","Med BM",-0.0596886745158543,1.41034566636709,0.0321041221876756,-0.000618555803378853,-2.00470942594771,3.56947817913922,0.508497695131195,-0.595141141493463,0.0196309883313867
1994,"Medium cap","Low BM",0.00279547058310594,0.88649262282367,-0.0610534872028204,-0.000435010849229174,0.293465696970844,4.36250164108863,-1.86290473802044,-0.432651024927557,0.125945284438865
1994,"Small cap","High BM",-0.0971387780282695,0.355917048420119,-0.0635766297341954,0.0884226448420963,-3.41016300728082,1.47901843611385,-0.532805607360788,1.36880105151073,0.0665185608405443
1994,"Small cap","Med BM",-0.0135063742255014,0.338104724225824,-0.0459655746831932,0.03362055319207,-0.965717005947185,2.63482394867526,-1.48692206388267,2.33890748578994,0.0595950223625232
1994,"Small cap","Low BM",-0.00379723748126703,0.344118657495031,-0.178799972214939,-0.00274838610018246,-0.261396450519522,2.64002048235821,-2.28155862543634,-0.353684795455436,0.0396635588354903
1994,"Large cap","High BM",-0.051221232298488,0.681798361031761,0.043686858895126,-3.75491710179415e-06,-1.1037550536029,1.92826021215817,0.588764949984072,-0.173679922734209,0.0311981854273594
1994,"Large cap","Med BM",0.00272359121369978,0.773095005005881,0.0414835044408053,-0.000107568217325721,0.197790382003498,5.63982654113385,1.60135735666042,-2.99536054086637,0.0112391957298369
1994,"Large cap","Low BM",0.00456204959838917,0.953481866917733,-0.00526239293487346,-9.6314249711124e-05,0.324665675196601,3.11868610960091,-0.204984299398376,-2.12092532543668,0.134947659715285
1995,"Medium cap","High BM",-0.240075650743251,2.18231262140239,0.216616312852503,-0.0014232359150221,-2.67117364458517,2.50466181990123,0.841723989938566,-0.549561719147608,0.0703291687867417
1995,"Medium cap","Med BM",-0.0478906594786964,1.26984733464194,0.0201160142661413,-0.0005909248660813,-1.71648287032748,3.37160387008235,0.333527196086682,-0.551284340403729,0.0167006200217757
1995,"Medium cap","Low BM",-0.00169605429436072,0.961063791846494,-0.0536693095145229,-0.00095417700965462,-0.1612191209889,4.23664138917837,-1.59122827693107,-1.26169860215869,0.1248800096696
1995,"Small cap","High BM",-0.102263583875674,0.363850529197069,-0.0547860618932968,0.0808884441163126,-3.85703323334123,1.64334631493269,-0.481242940978296,1.36189718107829,0.0621290701422623
1995,"Small cap","Med BM",-0.0155844128697138,0.355259384465524,-0.0426470851379511,0.0268535292231668,-1.11027044831518,2.79522876841806,-1.38118224505513,2.10539709318281,0.0541991123963099
1995,"Small cap","Low BM",-0.00636785735780008,0.366543105795013,-0.164728251595937,-0.00251000410785229,-0.435084526692299,2.85304123260682,-2.12048047429551,-0.321092214612973,0.0480848452821055
1995,"Large cap","High BM",-0.0593674901183131,0.692362058350021,0.0587687873800574,-6.8775724280361e-06,-1.1124835825543,1.60446321297588,0.648681457308668,-0.390345262196816,0.0279426790668517
1995,"Large cap","Med BM",0.00721949492522323,0.709151840221685,0.0445601193149429,-5.31348954532163e-05,0.595129692040397,5.87728017554105,1.94494083432744,-2.31329017919446,0.0104607866524196
1995,"Large cap","Low BM",0.00626168143707557,0.915562758535195,0.00564218296563847,-8.63159148675949e-05,0.512356659999378,3.4096079308423,0.251525846613463,-2.01407194013639,0.131275117910227
1996,"Medium cap","High BM",-0.211989956587925,1.91969031814047,0.231407353609179,0.000955914863494859,-2.71146936081159,2.49201729306351,0.962253241135368,0.22819105730253,0.067735233578984
1996,"Medium cap","Med BM",-0.040399521806949,1.18197373640488,0.00774769091810029,-0.000576748219198507,-1.72741505391611,3.7326178969565,0.136266160596002,-0.362623646277367,0.016655854793031
1996,"Medium cap","Low BM",-0.00697418622399029,1.08830735305018,-0.0253437989885547,-0.000911850662245261,-0.611126372161189,4.29644221357762,-0.726674974762429,-1.19406535493325,0.132226432731574
1996,"Small cap","High BM",-0.0989169167381767,0.35387273563538,-0.0804107486591668,0.0722242405364248,-3.9182710094659,1.67475441314167,-0.782049405776644,1.2980540845391,0.0560032797638109
1996,"Small cap","Med BM",-0.0191044878399274,0.392234085494667,-0.0344680153281424,0.0199982693986041,-1.3130222479067,2.94387975899342,-1.10551766491394,1.64924906854275,0.0467283847664391
1996,"Small cap","Low BM",-0.00582101740020371,0.314863582484342,-0.175417387247587,-0.000721677344893435,-0.386491653116649,2.57511105682387,-2.27618059546251,-0.0864520292974625,0.0461717119079955
1996,"Large cap","High BM",-0.0509419457968263,0.615480944677836,0.0506445000365895,-9.20990600291548e-06,-0.894865006417463,1.31858627256952,0.533163895218432,-0.470344568122712,0.0206707951778067
1996,"Large cap","Med BM",0.00829855506442841,0.712914774152438,0.0426232300172467,-5.44505405384867e-05,0.73836450627399,6.22822580601434,2.04841447372789,-2.32389639962907,0.0108447849844396
1996,"Large cap","Low BM",0.0118951725857653,0.798004813147069,0.00240759450740207,-9.78637511927813e-05,1.14396694821348,3.44139494124655,0.124484155637033,-2.29583681089513,0.117506351720283
1997,"Medium cap","High BM",-0.201854266753404,1.90722953010926,0.235028916596892,0.00177184652182708,-2.41102000086446,2.31648193261971,0.89911113822264,0.375028419041518,0.0663311067480077
1997,"Medium cap","Med BM",-0.0304602114211767,1.10868470281462,-0.0146500585374236,-0.000749411108141092,-1.40260747884599,3.59055066780094,-0.27120523235344,-0.503755038062839,0.0234990678485628
1997,"Medium cap","Low BM",-0.0143416413201133,1.20199619153399,-0.0141264223369259,-0.000861882615234097,-1.14172204229159,4.23834765592964,-0.383597440432179,-1.14612740157567,0.132957824498674
1997,"Small cap","High BM",-0.0987348946909927,0.382913743561855,-0.0795348641732091,0.0637449758579687,-3.89835839943816,1.82365039087784,-0.790599045928009,1.18316917091736,0.0530098724214898
1997,"Small cap","Med BM",-0.0132845480787171,0.33296770242285,-0.0522918937761165,0.0232142789690249,-0.897644860006232,2.50997966633025,-1.65943167546213,1.87345558571061,0.0472768185416813
1997,"Small cap","Low BM",-0.00507742336346753,0.298400960563434,-0.183249442088805,0.00130324529587919,-0.317546666498697,2.18989259808539,-2.32224301498921,0.132390153278859,0.0449154934428254
1997,"Large cap","High BM",0.00586900931912186,0.117656097229714,-0.0527690718444229,-3.69503364681832e-06,0.264457123165536,1.1067596223457,-1.45724313773239,-0.206812118292483,0.00155401793654408
1997,"Large cap","Med BM",0.00631496229104661,0.731086591346224,0.0325732113626018,-5.49668195502789e-05,0.575159946399399,6.37404053842449,1.64943811283602,-2.34203334609039,0.0126312558834807
1997,"Large cap","Low BM",0.013277289045236,0.754323662864846,-0.00273920645999912,-9.79912530331841e-05,1.47543356430145,3.69007126950412,-0.17431713249952,-2.53154812417442,0.126427334515089
1998,"Medium cap","High BM",-0.197870025936343,1.91731170276614,0.2279239289253,0.00196241147184891,-2.41393096965223,2.40686668589537,0.898420247101637,0.389211539490609,0.0669378515089684
1998,"Medium cap","Med BM",-0.0254795417816959,0.958265044926036,-0.0293008942867063,-0.000102440842029803,-1.1635265438634,2.8612231944298,-0.553689368257962,-0.0826519287165356,0.0154489873235426
1998,"Medium cap","Low BM",-0.0127821691371758,1.13354378613687,-0.0147955880996672,0.000440519460857237,-0.752746790589184,2.90418115163286,-0.333359806468366,0.223116090822072,0.123722131775855
1998,"Small cap","High BM",-0.100116595335143,0.394235793155569,-0.0700216645007613,0.0649363647291075,-3.65233396004554,1.71110562856081,-0.645077791751564,1.11938253236999,0.0522020178381764
1998,"Small cap","Med BM",-0.0134030838273344,0.310966608644815,-0.0540535131800282,0.0251548859789347,-0.851349069668721,2.15964605187519,-1.64479382770793,1.74490046510434,0.0456502187102549
1998,"Small cap","Low BM",-0.00752356791601001,0.329885639342617,-0.187233764227783,0.000721822263874541,-0.436515251058315,2.24270163496935,-2.25471378575025,0.0713719524492895,0.0460982050546908
1998,"Large cap","High BM",0.0252083028479743,0.105161692379585,-0.0647094090525886,-8.71985914410054e-07,1.87788931231619,1.13953525708956,-2.32717001387392,-0.0516264187842118,0.00876897314524894
1998,"Large cap","Med BM",0.00488147229274593,0.740759323387907,0.023554306871301,-5.03815892285344e-05,0.497723913365898,7.02550004438275,1.355377316844,-2.56209913792753,0.0148666829333732
1998,"Large cap","Low BM",0.0117409283308937,0.762846699818605,-0.003673568681613,-0.000116165410718161,1.4545782726683,4.13679756212685,-0.266253868762244,-2.63174808627349,0.147430800851493
1999,"Medium cap","High BM",-0.113597409076075,1.12391472942192,-0.0752705413688531,-0.00203292663523787,-2.23099676641339,2.2432914488835,-0.769528519467387,-1.08505555163938,0.067781043542948
1999,"Medium cap","Med BM",-0.0270079201015983,0.960444493393556,-0.0593617365079247,0.000418450164681856,-1.19191948184185,2.75146095667803,-1.11137935833445,0.263972833660025,0.0195245625186297
1999,"Medium cap","Low BM",-0.0165660527914549,1.22591848877791,0.00619836110733433,0.000605764428552382,-0.946447365531915,2.99657813967298,0.131273460154629,0.332501082896283,0.115540116657717
1999,"Small cap","High BM",-0.131970096246893,0.481669663845711,-0.187093812390914,-0.000408872746095966,-5.04323637624495,3.16214115499775,-3.49832087363967,-0.0397120400419272,0.0484732504117958
1999,"Small cap","Med BM",-0.0117791421862238,0.270932264905293,-0.0805918233479732,0.0167483823588639,-0.814857120457966,2.79247038876206,-2.29391551681275,1.73934902641818,0.0397379214915026
1999,"Small cap","Low BM",-0.00420667575477055,0.308680990226898,-0.193857033825443,0.000974085431014851,-0.23028676774821,2.1171532585525,-2.21776769456,0.0916319386417654,0.04491297976791
1999,"Large cap","High BM",-0.00309465096278495,0.26589987845044,-0.0359576579261032,-3.96387025145944e-06,-0.209280329253824,2.49719006746223,-1.17152739822321,-0.240722826007193,0.0158031078443722
1999,"Large cap","Med BM",-0.0108358183960613,0.915424640520974,0.0329209146106457,-5.19000444889054e-05,-0.817480744361333,6.13884710558749,1.51853973452585,-2.3247164609653,0.0150498481512918
1999,"Large cap","Low BM",0.00979258880831753,0.807908309300608,-0.00547626771293455,-0.000106677511269612,1.5752155384178,5.49899995365716,-0.472833867372889,-3.17935261214304,0.150119229831268
2000,"Medium cap","High BM",-0.0777925000465961,0.789666106331076,-0.175323431389746,-0.00149460595769193,-1.66597030842023,1.71805412721972,-1.97424791609861,-0.848643955024431,0.0503684536404381
2000,"Medium cap","Med BM",-0.0156416722944634,0.902408256622283,-0.0713259586921198,0.000525824770631991,-0.671908799722463,2.54275939521247,-1.31820832146047,0.400733663450923,0.022953607489823
2000,"Medium cap","Low BM",-0.00653315572445964,1.01954447065934,-0.00766672031145894,0.00157710620361615,-0.394664078955388,2.57295097869927,-0.179566380087119,0.72507751660346,0.122526819628531
2000,"Small cap","High BM",-0.112547464456903,0.392788373359136,-0.182579991017299,0.00317240401797524,-4.32692991706063,2.56029277796461,-3.58618810623585,0.303317047950765,0.0422881769986984
2000,"Small cap","Med BM",-0.00555821846317741,0.20741114386579,-0.0865109315573237,0.0165688930595369,-0.376744435895432,2.40342939872438,-2.49007118844681,1.81189996181249,0.034040431794098
2000,"Small cap","Low BM",-0.0116259798209022,0.364217863724514,-0.171557447830841,-0.00343348273359568,-0.578133721835166,2.19401660220323,-1.83877079755863,-0.322628133775343,0.0401258237080377
2000,"Large cap","High BM",0.0115598962738099,0.210466388973229,-0.0730561865058756,-6.53186547016705e-06,0.805568929232538,1.80046251342545,-2.26790250652526,-0.370993519767068,0.0245253827750729
2000,"Large cap","Med BM",0.00166705730693291,0.795084093415184,-0.0109631414134802,-6.84498111990595e-05,0.154613990025792,5.79695536565013,-0.425909311819808,-1.99415884105693,0.0197111653857478
2000,"Large cap","Low BM",0.0167475111322029,0.661430017445133,-0.0163853002428556,-7.24139486095679e-05,2.95710450432166,4.76326373530833,-1.33125779586173,-2.98074077019677,0.123659713905772
2001,"Medium cap","High BM",-0.104715176215205,1.06040727575326,-0.137182312538793,-0.00118415330516248,-2.13403545710938,2.31185898530537,-1.31843640509883,-0.672752636330441,0.0683216506982728
2001,"Medium cap","Med BM",0.00434307089423088,0.575546846853595,-0.0497423819183334,0.0044895357366192,0.160602390030002,1.42127796776047,-0.984407131265876,1.17563876824702,0.0339252772203594
2001,"Medium cap","Low BM",-0.00530405572609925,0.958176044526514,-0.0517745317374877,-0.00142494664569757,-0.389558520164123,2.96155609723816,-1.38717335974635,-1.79018799447539,0.126861638840558
2001,"Small cap","High BM",-0.122988558093457,0.286693855625947,-0.112527824977521,0.0205807668058129,-3.66976015971105,1.3882642399643,-1.92671716997545,0.977782723332646,0.0447227643969789
2001,"Small cap","Med BM",0.00478164557960606,0.184599239127491,-0.128848927145688,0.00906542034232952,0.323372615956867,2.22299330488928,-3.85835709953014,1.35726764533372,0.0292041930124114
2001,"Small cap","Low BM",-0.0187285756037532,0.415553342624128,-0.166622913141797,-0.00604562414367711,-0.808617408434656,1.94918530357717,-1.64303788077765,-0.467349617165299,0.0379869427107562
2001,"Large cap","High BM",0.0282117595634103,0.00258107757290202,-0.170926389412078,1.29601748438796e-05,1.871837419724,0.0182706362234837,-2.97626750744622,0.808021053268066,0.0264537593232341
2001,"Large cap","Med BM",0.00268225693193451,0.771649245006887,-0.0216808174277083,-6.76695243009591e-05,0.254091260184329,5.6876746612327,-0.872606095052682,-2.13223808524793,0.0249123100965886
2001,"Large cap","Low BM",0.0168802320288277,0.601002196823505,-0.0945564185435733,-4.1060078626069e-05,2.44389127508317,3.34358247957991,-4.10184406118981,-1.17031092627125,0.0565628343671718
2002,"Medium cap","High BM",-0.102886398989608,0.877630276656999,-0.197452058321008,0.00182143424143313,-2.70797680292962,2.55131708694941,-1.70858748706654,2.23353827311027,0.0743124336537344
2002,"Medium cap","Med BM",0.0113896150129541,0.437644294573794,-0.156228618193713,0.00223768763447064,0.887689638177296,2.227141152383,-3.38064350316758,1.0104554531739,0.0278038640007369
2002,"Medium cap","Low BM",0.00231471010959968,0.718544614816455,-0.0912426175964569,-0.000396563600646241,0.218125514192695,2.94718195511268,-2.79636548701991,-1.92932144529463,0.0866833420451797
2002,"Small cap","High BM",-0.276079524953694,1.54965688445175,0.363614720048185,-0.0196042579384818,-1.81006611188914,1.17353119208188,0.754192156668522,-0.409560504103791,0.0451014331974999
2002,"Small cap","Med BM",0.0168851427105386,0.161075527922185,-0.152368296828732,0.00967119836376062,2.5472889334522,2.35624255255882,-5.05565169078169,1.52653640008541,0.0595186847977741
2002,"Small cap","Low BM",0.00669738919165911,0.0193228253323525,-0.302099329788857,0.0123350086571963,0.305211047950645,0.0924876696457134,-2.73340958027025,0.99324445708102,0.0067163228121172
2002,"Large cap","High BM",-0.511229979953679,4.88584464240042,0.70911442381785,-0.000334874082932217,-2.02783927319061,2.1013914304488,1.32602953180457,-0.473253171898316,0.0524918041654967
2002,"Large cap","Med BM",-0.0065194596705023,0.832395405421804,-0.0455188236097117,-3.05676972681875e-05,-0.491705038897566,4.93974520400098,-1.57150171590566,-0.8210329186051,0.0259870610413513
2002,"Large cap","Low BM",-0.00559843188956936,1.10830940745479,-0.058853436587722,0.000264088623075464,-0.366952607851421,2.82192625872524,-1.25233702622504,1.03218910074785,0.0635080700566425
2003,"Medium cap","High BM",-0.0919879066745204,0.791863595348118,-0.218637957447038,5.8052333706053e-05,-3.1784480473819,3.1146327222016,-2.14338602713601,0.100668089369714,0.0725690735407234
2003,"Medium cap","Med BM",-0.00839716956716696,0.743463102567087,-0.130993780728113,0.000337548552168977,-0.572552490071864,3.47048692070741,-2.62556107976411,0.73728952657307,0.0319302893451749
2003,"Medium cap","Low BM",0.00750731836563637,0.585767987727468,-0.11716320001535,-0.000717645604984519,0.782971676671265,2.72907783047234,-3.9754712227384,-1.68811747444253,0.0709516775759809
2003,"Small cap","High BM",-0.263638931569217,1.33868262205337,0.27751210572667,-0.0226535630275779,-1.84844066635601,1.11414706191272,0.567300552189063,-0.57147525343002,0.0493104526464236
2003,"Small cap","Med BM",0.00885086731654755,0.253286325171882,-0.151830743670349,0.00143169081303774,1.24800669822615,3.79411022379313,-4.77552398905835,0.65413083855987,0.0570010651651073
2003,"Small cap","Low BM",0.00246941305730692,0.0624441252224339,-0.336667784622319,0.00541196602190629,0.101433986144862,0.296814163290101,-2.74380162985164,0.401864486133427,0.00434139469711636
2003,"Large cap","High BM",-0.195443697362224,1.92376105781453,-0.0181562552724266,-0.000284404647364682,-1.8839301244349,2.04357507163349,-0.0456319859577669,-1.24033858830315,0.0293762673096447
2003,"Large cap","Med BM",0.00120520578754087,0.701794169539062,-0.0523046094429923,2.99168694235783e-05,0.106597722971039,4.8656236722232,-2.06003574052722,3.66069458423635,0.0298076912688635
2003,"Large cap","Low BM",-0.00900558032870769,1.2084434968651,-0.0638620155379673,6.50635625232233e-05,-0.499875713880177,2.59751948195322,-1.52789342873988,0.658057671378833,0.0590437054547991
2004,"Medium cap","High BM",-0.081908410498124,0.697855052515564,-0.212436243883333,-3.87735333008675e-05,-2.93486957723436,2.86505850390942,-2.19269323239895,-0.0660114075241462,0.0675339342136376
2004,"Medium cap","Med BM",-0.00261045550131591,0.653236492279918,-0.137647578320477,0.000298109473375089,-0.18752186173483,3.25350180992647,-2.86877591441573,0.731407812122123,0.0303613391106742
2004,"Medium cap","Low BM",0.0121939750236985,0.409735553660794,-0.136042731119957,-0.00066661021035664,1.38659265864335,2.18878594923711,-5.19595530670325,-1.61633694066568,0.0540541974230185
2004,"Small cap","High BM",-0.274651257927255,1.39093891589669,0.329483480494583,-0.0240251540076148,-1.82042436779791,1.10780838190219,0.621743529996272,-0.591853994578012,0.0500176295339471
2004,"Small cap","Med BM",0.0126432325707858,0.217904500072122,-0.166486056504195,0.000498241702263155,2.07835288067718,3.8942379191809,-5.38010248710413,0.362228915459262,0.054064589125546
2004,"Small cap","Low BM",-0.00180015925530458,0.0915007020972785,-0.240318807979687,-0.00229911838783809,-0.0639480315852224,0.394354314667317,-3.54364954898495,-0.121070696656614,0.00969337462133046
2004,"Large cap","High BM",-0.149381749707072,1.52833515628156,-0.0357386089654237,-0.000242177147070627,-1.77510309526734,1.97741985737296,-0.10696550940448,-1.09953219838185,0.0236260293910647
2004,"Large cap","Med BM",0.00964755528146072,0.557535725329694,-0.0603636502501667,1.64106358574795e-05,1.07509864052412,5.02992109311412,-2.55546732916627,1.17556897808174,0.0277941367855528
2004,"Large cap","Low BM",0.00461533595506021,0.851661703388318,-0.0810407664500053,-6.55126714925301e-06,0.235374018071852,1.68471590662507,-2.10516396449866,-0.41790533365342,0.0356323328459949
2005,"Medium cap","High BM",-0.0894551548591785,0.728228421139414,-0.201612654429128,-5.79059313065733e-05,-3.2001353973456,2.98300593264349,-2.07490109539453,-0.0988192051163864,0.0693705725058475
2005,"Medium cap","Med BM",-0.00351522565167246,0.643820459664527,-0.129892336135931,0.000286394245757815,-0.259724765594973,3.27656503815378,-2.79180138500968,0.722075996660886,0.0295176232600156
2005,"Medium cap","Low BM",0.0162317389563714,0.317296782933208,-0.156790293981287,-0.000565938473463964,2.50182158929288,2.49679622518899,-8.47369755425871,-1.51819980563859,0.0508139234864662
2005,"Small cap","High BM",-0.285782034931014,1.37929556972571,0.308953212258899,-0.025996505575197,-1.77819973413465,1.06653333956836,0.581996651845516,-0.598112437480223,0.0478641843069909
2005,"Small cap","Med BM",0.0146227498657945,0.199824874812351,-0.176858278120663,0.000875046351408706,2.30508155434855,3.50099780901595,-5.44634240599878,0.57223025784998,0.0526923458544027
2005,"Small cap","Low BM",-0.00689154903222901,0.0149503526889382,-0.29796521841907,-0.00533430413471609,-0.211172904079639,0.0633485765954641,-5.398687242331,-0.269709063982404,0.00573843323850398
2005,"Large cap","High BM",-0.149571187131774,1.49515451755504,-0.030952296435941,-0.000232766067609045,-1.87617708236743,2.03883983474228,-0.0981412819563476,-1.09739884545475,0.0236134581562528
2005,"Large cap","Med BM",0.00855165962733223,0.584914504517916,-0.0573618998147051,1.67277675571937e-05,1.02120278493944,5.50191413517834,-2.66172186826015,1.19977083731372,0.0298595191915013
2005,"Large cap","Low BM",-0.00555208450977193,1.12722713775978,-0.0607727981787268,-1.45620898291404e-05,-0.275565228176816,2.14827632717339,-1.55948672348319,-0.866879456704696,0.0406546496647368
2006,"Medium cap","High BM",-0.0852791936029056,0.686418336118094,-0.212938388267619,-5.93380618090867e-05,-3.03741927197667,2.80312942878137,-2.17894707107925,-0.0999802854788499,0.0671282438096332
2006,"Medium cap","Med BM",-0.00746352610758037,0.704456766009696,-0.12270168803767,0.000208663383430897,-0.566174389996325,3.6188925396315,-2.71854163370383,0.556901360820944,0.0315657607715008
2006,"Medium cap","Low BM",0.0161295369250789,0.324305713260297,-0.158033642312504,-0.000478237864855028,2.4616251256015,2.5831736523405,-8.27610429579923,-1.54131530042232,0.0498197284116295
2006,"Small cap","High BM",-0.308371939691408,1.44314571563382,0.367889704791081,-0.0269333250778593,-1.80571084805574,1.07225908799017,0.647211827478067,-0.610042515327043,0.0496765224671341
2006,"Small cap","Med BM",0.012181519512783,0.233963133049128,-0.18059018433658,0.000800471636050492,1.80638874017573,3.78646070216399,-5.13141324145443,0.494082042812315,0.0564169926385423
2006,"Small cap","Low BM",-0.00983887093375094,0.0256581309081588,-0.319481488195683,-0.00729778084870278,-0.259136669135722,0.0898080082279198,-5.05238698032414,-0.324303634934293,0.0063182903244301
2006,"Large cap","High BM",-0.142046039832128,1.40317492345166,-0.0104236126504731,-0.000156793174041226,-2.04092406516969,2.1777153057199,-0.0363243188893241,-1.05030652705117,0.0229473294115469
2006,"Large cap","Med BM",0.0078115215311264,0.584067837302298,-0.0550485260196028,1.66883050235628e-05,0.992258426652333,5.78886466144136,-2.70579297749073,1.19766034711177,0.0294862300974792
2006,"Large cap","Low BM",-0.00378923386262759,1.09313297241486,-0.0598131861425042,-1.23072848245899e-05,-0.205572941542448,2.28192713674907,-1.63653209389512,-0.706811849432301,0.042452619092155
2007,"Medium cap","High BM",-0.0923275361769382,0.698369688774286,-0.209904465068163,-0.000118606180880354,-3.29695050976539,2.87353311890315,-2.17838931788491,-0.200577028876338,0.0658656756899043
2007,"Medium cap","Med BM",-0.0103678375556488,0.756663544598207,-0.116663385144095,0.000115569768110918,-0.79293012717895,3.8682552351274,-2.61108219056581,0.326739745692617,0.0330100418028331
2007,"Medium cap","Low BM",0.0183386835323653,0.287819069031283,-0.162728741775724,-0.00045624099956847,2.88703838831687,2.52886208031132,-8.6912575890373,-1.49960830076378,0.0474333053207348
2007,"Small cap","High BM",-0.328095436931079,1.46117006734893,0.394218455615152,-0.0268876301740852,-1.82843369181532,1.05947386140075,0.670624494960761,-0.601482948242537,0.0498460676680147
2007,"Small cap","Med BM",0.0109180338628785,0.226111805437145,-0.176179922303329,0.000338803993048033,1.5786901665624,3.86220455913772,-4.80225645485591,0.265701837125249,0.0520063828278193
2007,"Small cap","Low BM",-0.0202590543703982,0.00064295827610917,-0.334423779277,-0.00610716937942133,-0.452041748646438,0.00228492780695737,-4.6519618229996,-0.281853850714111,0.00574649775553449
2007,"Large cap","High BM",-0.151088379063052,1.4285572652732,0.0174612399512379,-0.00015117519856301,-2.15162884177942,2.22163210797985,0.0650784354708987,-1.10406053634001,0.0229611430592128
2007,"Large cap","Med BM",0.0116536077023864,0.514490795398512,-0.0557515949253215,1.6295652644358e-05,1.61254602299977,5.53315045078302,-2.90815006570251,1.17454439279198,0.0248778420732798
2007,"Large cap","Low BM",-0.00927723800883108,1.2480717060526,-0.0555533379089323,-0.000116120890257482,-0.506653453853486,2.64456372077218,-1.50616953634905,-1.73048365409118,0.050189760940871
2008,"Medium cap","High BM",-0.10764453715582,0.716110329661721,-0.323946549872707,-0.000202102774449971,-3.76340724093583,2.90185554678702,-2.82509052896972,-0.341244578079749,0.0508198727300594
2008,"Medium cap","Med BM",-0.00716362281980952,0.800253723308192,-0.126385092832494,-2.55275796587794e-05,-0.554996669148869,4.14826493606945,-2.79549007711105,-0.0797597936556214,0.0497579965359072
2008,"Medium cap","Low BM",0.0180153749037961,0.339044330109281,-0.169289993150887,-0.00051400975926628,2.69686667789481,2.83214737662587,-8.74823357208108,-1.63358579064874,0.0512047507219369
2008,"Small cap","High BM",-0.348683446326044,1.32279432243566,0.37193940058404,-0.0234894551653961,-2.03608147071323,1.03986792602331,0.689941341936468,-0.551924904966834,0.0447668360040387
2008,"Small cap","Med BM",0.00697475839650625,0.20401545426169,-0.185612161752879,0.00161341763632828,0.827333225546682,3.46316665059556,-4.44104010406576,0.698415339180968,0.0479835564156337
2008,"Small cap","Low BM",-0.035192894130587,0.0694603178435385,-0.352360033317069,-0.0112796742719421,-0.668893289938615,0.234176610231381,-4.27347226664159,-0.49803381522964,0.00655535653701078
2008,"Large cap","High BM",-0.228978221094391,1.48556791602998,0.0739876420412484,-0.000157179114117664,-3.01574970581886,2.22243111380174,0.283031863692515,-1.13090168981142,0.0211962749577207
2008,"Large cap","Med BM",0.00739749799546742,0.514899846213055,-0.060443301542638,1.57142994651361e-05,0.992031598370987,5.0054873094896,-3.17187525108907,1.12592515553463,0.0162292447902213
2008,"Large cap","Low BM",-0.00682202172438666,1.17698164638797,-0.0637303948085631,-0.000100504750040267,-0.388504553796381,2.6409003672527,-1.75916868940724,-1.60018744421265,0.0421689929235659
2009,"Medium cap","High BM",-0.264709359183332,0.791879528361692,-0.241579286069222,0.000426167773803752,-6.21520898718811,2.77502458661264,-2.04761472960815,0.392261351224861,0.0442207390344965
2009,"Medium cap","Med BM",-0.00832125268175729,0.80747241879338,-0.155708383532196,0.000364913921585693,-0.576718779574818,3.73901641951915,-2.34851979817887,0.597184669312166,0.0242320228118866
2009,"Medium cap","Low BM",0.0192530717984197,0.289510061870223,-0.191486859932572,-0.000477952369129369,2.80013743466886,2.76393481374947,-10.1104904207487,-1.64768119047833,0.0487023028144119
2009,"Small cap","High BM",-0.301376790105262,1.09001750413592,0.171955111600608,-0.012748027820058,-2.1746968058191,1.08972778805816,0.431367257670883,-0.354040294073262,0.0457378876413366
2009,"Small cap","Med BM",-0.00576910135426937,0.309675988706044,-0.156065610843634,0.000758284212600809,-0.592437811091409,4.28522545848189,-4.46136566171259,0.302113790702205,0.0865055629478568
2009,"Small cap","Low BM",-0.0381956520404805,0.0289058211105171,-0.373727030597845,-0.00498118578382827,-0.651753757555799,0.108687356878769,-4.02225255379622,-0.241995113481723,0.00243273768011965
2009,"Large cap","High BM",-0.192515958569978,0.0710860259578769,-0.526278258333261,0.000493649066265189,-1.58370116973288,0.068160975974707,-1.0769554910578,0.976446201862465,0.0124247959478401
2009,"Large cap","Med BM",0.0147337815506081,0.392772546304,-0.0925602333534282,1.31247249307563e-05,1.80427224006266,3.8136116978798,-4.04208837788819,1.00782555295735,0.0138062843689135
2009,"Large cap","Low BM",-0.00194149272537292,1.05536153961134,-0.077278577223046,-5.10488837210361e-05,-0.113937833091167,2.50563172076796,-2.12012583810023,-1.38662485968853,0.0423574452753905
2010,"Medium cap","High BM",-0.256107383734464,0.524765774549869,-0.289944614592437,0.000244716855588446,-6.94168650051442,2.65891870202741,-3.05489160140935,0.254922669085029,0.0389313101867887
2010,"Medium cap","Med BM",-0.0113316012111074,0.753845228665234,-0.154700887707296,0.000329255672943766,-0.82593147433003,3.5706197175909,-2.23433684116678,0.523013118733815,0.0254302695045348
2010,"Medium cap","Low BM",0.0468458870835972,-0.336631087924168,-0.272992225273737,0.00155892200276375,5.9116875061456,-2.82127304778376,-9.93880153474786,20.8429975636144,0.732236439592052
2010,"Small cap","High BM",-0.315767647906524,0.879063191984571,-0.0264561278014925,-0.0156658275360026,-2.90399559256082,1.17725417887042,-0.0841433248307132,-0.624933874525791,0.0364682038170656
2010,"Small cap","Med BM",-0.00529880396940518,0.287042027587406,-0.183078809536203,0.000666061171312793,-0.523867412838396,4.25515726656583,-4.77786442165788,0.270983841999624,0.0892772980810803
2010,"Small cap","Low BM",-0.0464019619539796,0.00874999777521203,-0.350140824226078,2.66441230746171e-05,-0.722419818287106,0.117962868084924,-2.94513070143676,0.022512855554856,0.00113731329675781
2010,"Large cap","High BM",-0.202413824776321,0.373195022114018,-0.452185574084366,3.04044248836973e-05,-3.79894608923565,0.988990323381139,-1.15651652875113,0.731166540591219,0.00464613581175044
2010,"Large cap","Med BM",0.0167429966611136,0.318349258511969,-0.0843380620303318,1.25403230442988e-05,2.19958715014528,3.55844104429262,-4.29857183358168,0.990120142287709,0.012464787003681
2010,"Large cap","Low BM",0.244340833935171,-4.85274388706706,-0.415117653046181,0.00164840183451731,1.80668658099921,-1.50695922803731,-2.17778766721105,1.69863595465435,0.468394608780815
2011,"Medium cap","High BM",-0.256135400367539,0.406529653485368,-0.245164364269894,0.000519995672156314,-7.15436248498375,2.75333416792582,-3.1423425191105,0.563132583978773,0.0333576844494506
2011,"Medium cap","Med BM",-0.000655459544523782,0.638729229331211,-0.161106691570957,0.000177672102102879,-0.0589916967329718,3.62573150738016,-2.53362894765702,0.33026725524569,0.0214901105575922
2011,"Medium cap","Low BM",0.04858886987235,-0.336481883737906,-0.264412895719063,0.00157279570504525,6.25980573287433,-3.16499972909782,-9.57751212012606,22.7361417381595,0.741209268978998
2011,"Small cap","High BM",-0.281508104140018,0.833180879872896,-0.0875652596117215,-0.0179264068735171,-3.26029257681274,1.34892404555411,-0.323586779496564,-0.910269884577685,0.0370230596930499
2011,"Small cap","Med BM",-0.00560681656771468,0.282351864192993,-0.160695275204993,0.000618171972882246,-0.523479820109334,4.44734868485288,-4.76289243531332,0.242738416620689,0.103727140505773
2011,"Small cap","Low BM",-0.0708815644176284,0.00795598381283996,-0.293022920014684,0.000145293036442064,-0.987150459050605,0.106380242834994,-2.29523065378013,0.119009452068401,-0.000452455492350401
2011,"Large cap","High BM",-0.192132007810344,0.450396901605167,-0.33579706794508,2.79500868324185e-05,-3.87371138542846,1.25843239661159,-0.997561710119124,0.70214935620634,0.00429280524984532
2011,"Large cap","Med BM",0.0205799272033116,0.287373447317739,-0.0757197320602894,1.25512337851708e-05,3.00266702097581,3.68374825416427,-4.20877297268035,0.993060190323438,0.0119040319661141
2011,"Large cap","Low BM",0.284599198938648,-5.57077020508746,-0.476079230808826,0.00163172950110699,1.95255218132411,-1.65662596182744,-2.0684775892994,1.66156770093399,0.426813778434211
2012,"Medium cap","High BM",-0.24395761020423,0.347524761836303,-0.198612524880351,0.000540559419127983,-6.79720177915678,2.48868781342598,-3.0004543431324,0.553452345316588,0.0282066190021911
2012,"Medium cap","Med BM",0.00014944301983122,0.684519819460958,-0.104491162181867,0.000297675410624865,0.0138332307495349,3.91051316184476,-1.7997719129069,0.495669877354469,0.0221575559960098
2012,"Medium cap","Low BM",0.0494378447423661,-0.258055301050775,-0.244278715899874,0.0015851853522857,6.85616563125083,-2.38698603313671,-8.80092574430856,33.0309318611306,0.661716690810913
2012,"Small cap","High BM",-0.18051621059773,0.235878925412021,-0.316713174846321,0.000845322940616712,-5.07195529434962,2.79593538915739,-4.40665942328691,0.222680860182233,0.0592580710136039
2012,"Small cap","Med BM",-0.00587502434342561,0.295754636689819,-0.14298430886906,0.000336787208114283,-0.523109452582482,4.24710507750976,-4.28302896848205,0.150344189761369,0.105813492739551
2012,"Small cap","Low BM",-0.00158953244166722,0.0599914196267393,-0.219215600257776,-0.000668708938164453,-0.0592648837666856,2.37203989165738,-2.47556895184746,-1.20111292511092,0.00772036192734782
2012,"Large cap","High BM",-0.123687399803655,-0.0464218042768758,-0.452564726586656,5.00327342267772e-05,-3.22696561539567,-0.196090440361727,-1.53753100855034,1.20994803123268,0.00353565260594357
2012,"Large cap","Med BM",0.0251417159176861,0.29469230057564,-0.0567055468022388,1.29066700144122e-05,4.19811193102153,4.11974140446766,-3.94586811170684,1.02523016473443,0.0112163598946382
2012,"Large cap","Low BM",0.312814980483881,-6.07246623579246,-0.502503613787911,0.00164021344207387,2.12236249496477,-1.80560000290009,-2.18070906525469,1.67559528588339,0.434870137946715
2013,"Medium cap","High BM",-0.249786274198698,0.459429303488496,-0.139057863050386,0.00120767177116149,-6.31231099106819,1.93040332701125,-1.76841269307605,0.768003596933833,0.0388546025005633
2013,"Medium cap","Med BM",0.0179419325846933,0.363833555475466,-0.129462574029164,0.00209672583543525,1.2029440088184,1.50785073189311,-2.07846905943813,1.13061420880298,0.0195960604655363
2013,"Medium cap","Low BM",0.044507194112655,-0.141142404702865,-0.221156407031242,0.0015843208431026,6.57560989840675,-1.47243701680114,-9.95772586707472,47.4943992666118,0.690396222477369
2013,"Small cap","High BM",-0.199688614402956,0.36535165969024,-0.267082247346333,-0.00357982462579242,-5.0909710803377,3.08589008403072,-3.34725913816816,-0.921533341211265,0.0634418649731328
2013,"Small cap","Med BM",-4.32174467882187e-05,0.229760255315835,-0.152771363343647,0.0071347672790298,-0.0038621296880708,2.33860711700278,-4.25284989673009,1.15470712207513,0.122804342068922
2013,"Small cap","Low BM",-0.00586513509946966,0.0459136126954565,-0.218218956784364,-0.00045592657232644,-0.198395184513492,1.62625370447629,-2.22306244759887,-0.836978823577625,0.00339181551695933
2013,"Large cap","High BM",-0.0961762496384634,-0.132630844856061,-0.478223324534184,5.2346294489529e-05,-2.76236997095322,-0.552199777405049,-1.64067513046025,1.26250875382574,0.00359946925180277
2013,"Large cap","Med BM",0.0209447377037874,0.370299970356592,-0.047241557229048,-8.02782647530174e-06,3.53418423527114,5.32611058088817,-3.20252741976312,-2.86207889707693,0.0100516539453462
2013,"Large cap","Low BM",0.311432395361675,-5.91076575959799,-0.491116129518067,0.00163481838588741,2.11963569676558,-1.80390609518075,-2.18499493229003,1.672881356838,0.435035932591345
2014,"Medium cap","High BM",-0.252506177522776,0.51657484904662,-0.146318975060242,0.00110338076308844,-6.27858205517816,2.09305304609625,-1.77863836786795,0.690142179766221,0.0422438678119549
2014,"Medium cap","Med BM",0.0166009405361076,0.383974580810222,-0.130624882437613,0.00243524341612573,0.98858284960729,1.41150207839808,-1.97374374503065,1.12040723430711,0.0210122389310845
2014,"Medium cap","Low BM",0.0420644609218932,-0.0883673061492628,-0.217279665316614,0.00157726900433682,5.53479314385004,-0.857445314492216,-8.95270676751614,43.7482188734303,0.688764511401576
2014,"Small cap","High BM",-0.216736711710776,0.366962314367741,-0.282785186256374,-0.00420673178835973,-5.00716614227512,3.04798086160424,-3.4546433874379,-1.09465677793848,0.0630730248694599
2014,"Small cap","Med BM",0.00366822190418177,0.210495189241832,-0.166193750945398,0.00860581146357262,0.302050636749458,2.03850781723765,-4.30310363767748,1.38855393361226,0.125568832528888
2014,"Small cap","Low BM",-0.0175952070824981,0.0758839891424832,-0.283170791887592,0.000213578560417852,-0.531233850593032,1.68928218449636,-3.25269485728907,0.158213268690722,0.0461913096630971
2014,"Large cap","High BM",-0.0986856957421742,0.011407682307822,-0.49234045866268,4.82167405279872e-05,-2.87668075325936,0.0444432559668276,-1.6632270825299,1.19759691718964,0.00461608232474275
2014,"Large cap","Med BM",0.0213711783330142,0.353514207840582,-0.0575305166726332,-1.060035416111e-05,3.32851547207088,4.42851094277678,-3.06181979335252,-1.69233923897372,0.00938068411436677
2014,"Large cap","Low BM",0.285845289994636,-5.32358416931696,-0.415284513360915,0.00170872059874479,2.18252761792693,-1.82963402682225,-2.27136978263198,1.71496279826526,0.458417866057253
2015,"Medium cap","High BM",-0.23808465493885,0.470495809110401,-0.185802570605811,0.00134347770003005,-6.0464316652296,1.96790681589385,-2.25710160788928,0.847781411285645,0.0432543024430269
2015,"Medium cap","Med BM",0.0137353210054913,0.436582325300314,-0.141542198846582,0.00207483771328676,0.818540496724934,1.63386614606799,-2.0311566556533,1.0015402982905,0.0215926122514313
2015,"Medium cap","Low BM",0.0351391343437232,0.00985509001861444,-0.193677483087987,0.00156977095219438,3.32878719180218,0.0606072419542217,-5.2593336950092,42.4293867926857,0.642967861614535
2015,"Small cap","High BM",-0.227647355174417,0.415617312177783,-0.267679383705045,-0.00532585745560513,-5.07122687528846,3.18693836841857,-3.11840562689244,-1.30526178274137,0.0692696907196485
2015,"Small cap","Med BM",-0.00928853352975919,0.29294915067253,-0.175737933918326,0.00489771660164606,-0.658077426195248,2.44903479724659,-4.02252115473783,0.725736280694222,0.129867436373371
2015,"Small cap","Low BM",0.0249476900405077,0.0509966141956324,-0.320889147182038,0.000574115530128453,0.596261380633086,1.18353572795093,-3.41341736503504,0.427711557282645,0.0330300239133026
2015,"Large cap","High BM",-0.113640089082655,0.192522640244242,-0.484954558238405,4.30569186334545e-05,-3.00872068197128,0.62011063276992,-1.67216045968745,1.09997376465905,0.00583691732724179
2015,"Large cap","Med BM",0.0175496632690603,0.408485980541189,-0.0550548516238684,-1.21731711638263e-05,2.52669801853444,4.53254159595283,-2.9522917304021,-1.87150838277716,0.0107422853857139
2015,"Large cap","Low BM",0.298836778149391,-5.60924130267455,-0.434559108264183,0.00171260358075011,2.23341183286258,-1.8857131155103,-2.35795438679707,1.72026357813338,0.461891296088142
2016,"Medium cap","High BM",-0.219657217839384,0.301885166324897,-0.405910900232402,0.0018772153671464,-5.68673200870401,1.26973932892758,-2.53453175848932,1.20715312491869,0.0193387653418137
2016,"Medium cap","Med BM",0.0126787780055805,0.445550135224708,-0.148266787801586,0.0020257620704501,0.719891246000175,1.61610370658146,-2.01572192422609,0.943416179551641,0.0219619901271819
2016,"Medium cap","Low BM",0.030481025936394,-0.0517553714051443,-0.219619159418204,0.0015834748032906,2.38847528201379,-0.312284743995699,-5.57619832697025,50.5077189186525,0.629221541692365
2016,"Small cap","High BM",-0.239309274103178,0.401988266189471,-0.315092275776204,-0.00513485381038019,-5.11608895397872,3.12208525525075,-3.55890584314587,-1.25357359513548,0.0666535810737617
2016,"Small cap","Med BM",-0.0230124268089971,0.211145884729086,-0.211688247785502,0.00847211919945168,-1.11077891440708,1.62259800980228,-3.88658110434869,1.2061652783312,0.0957064243384073
2016,"Small cap","Low BM",0.0344914951008789,0.0568035645069453,-0.415088395633456,0.000413443496385983,0.774522223822304,1.24325311574353,-3.92126314712028,0.306817572719487,0.0314592000638032
2016,"Large cap","High BM",-0.121863457758631,0.0511543393315332,-0.526700441829612,4.67511452487145e-05,-3.28974145773,0.151648869331416,-1.89083580818521,1.14328089193975,0.00555238557721183
2016,"Large cap","Med BM",0.0156945210611637,0.413172320434989,-0.0561502896202279,-1.30829493962581e-05,2.21624822679693,4.62764131418947,-3.01598439277858,-1.95754772159269,0.0110287135538796
2016,"Large cap","Low BM",0.306131363795271,-5.79864552574703,-0.447740149689954,0.00171665718661562,2.25933564342059,-1.91900830870416,-2.44535032003497,1.72166127703502,0.461263643051273
2017,"Medium cap","High BM",-0.211612130359562,0.267704965569261,-0.398832781588183,0.00173837652745266,-5.76675671227975,1.27713806595579,-2.68153804986857,1.16666229313033,0.0188587124639414
2017,"Medium cap","Med BM",0.0144783940712367,0.390825899222877,-0.159725601135733,0.00210327697600613,0.811091490118081,1.43894844671507,-2.08534059691778,0.999256281717821,0.0216546855689721
2017,"Medium cap","Low BM",0.0149323547952253,0.172460353184099,-0.176111483792263,0.0015493621134916,0.823180454060448,0.701527595682682,-2.73383303488867,31.483770414751,0.551197592315279
2017,"Small cap","High BM",-0.227213640105627,0.207116314271909,-0.384721231921664,0.00593517109270348,-4.86402689985361,2.06362642391586,-4.0337602059134,2.62631712973013,0.101497671437399
2017,"Small cap","Med BM",-0.027705834035572,0.170827060046351,-0.255414395391788,0.00821380380302617,-1.14246202895761,1.43742757750068,-4.39709760176447,1.32188849495445,0.0968464584583826
2017,"Small cap","Low BM",0.0629144461250624,0.0926158793351446,-0.461592931855652,-0.000272597123143427,1.20578043366313,1.50874301532611,-4.08445527046495,-0.186554133147145,0.0445886226665881
2017,"Large cap","High BM",-0.111737268237426,0.0396387979180872,-0.503510398879267,4.68727836239594e-05,-3.20437874730425,0.125587359157008,-1.92604816480083,1.16198871266654,0.00545528219417135
2017,"Large cap","Med BM",0.0149617901260291,0.415815949393741,-0.0555227670523582,-1.1206480047072e-05,2.16227845003333,4.86083716700548,-3.03631782535033,-2.1734955904368,0.0122417624850136
2017,"Large cap","Low BM",0.307145826917259,-5.83543400446606,-0.44431841181594,0.00168404562863509,2.22128605397636,-1.89297008700498,-2.42101326156208,1.72116417398449,0.45571386824686
2018,"Medium cap","High BM",-0.204179040855645,0.270063532678775,-0.317021158318719,0.00190807404041484,-5.55848137179906,1.30327275761729,-2.2364713271021,1.29348150173057,0.0196485366014383
2018,"Medium cap","Med BM",0.0117459105150556,0.391990870767517,-0.145872938698235,0.00217628675154812,0.631895448117822,1.41590485739932,-1.81636486853859,1.02840199743797,0.020496348935328
2018,"Medium cap","Low BM",0.00840064248760335,0.151564814771865,-0.156651798838754,0.00155172320748626,0.410022867970284,0.626666495135456,-2.27167135429809,30.9908761549239,0.561192643385551
2018,"Small cap","High BM",-0.170885288567096,0.147897221564689,-0.485814490837467,0.00643855103802825,-5.9800434402085,1.82323594522353,-5.62751202820477,3.20922168644818,0.106788271953065
2018,"Small cap","Med BM",-0.0301829270854464,0.304221300040047,-0.256576211678071,0.000268879146314606,-1.26595508105848,2.3741834649201,-4.78897351482221,0.0427711937486633,0.116365420055922
2018,"Small cap","Low BM",0.0712783049693563,0.0503193877830462,-0.46540337434278,0.00140312069790269,1.2042677752499,0.8543251301027,-4.04566466685296,0.631764948788828,0.053278223649928
2018,"Large cap","High BM",-0.0903699900012487,0.142517237999576,-0.463284190226376,4.48959674635554e-05,-2.70601103489497,0.450553430435233,-1.88395692053486,1.13138801352321,0.00581359074142751
2018,"Large cap","Med BM",0.0210508429567602,0.392112369386309,-0.0529520722866548,-1.06174517227791e-05,3.35548868811537,5.0859119654681,-3.00474110335909,-2.14443017271074,0.0184801537362884
2018,"Large cap","Low BM",0.296464818754032,-5.60484239864878,-0.400872765536737,0.0016933463897634,2.22492599220431,-1.87937779184998,-2.3821726131085,1.72381719224874,0.46094978631496
2019,"Medium cap","High BM",-0.0765994241199228,0.381599818073826,-0.339423747908037,0.00102027412646579,-3.51640741208792,2.022161726267,-2.23834561019872,1.12496880415524,0.0194380692920199
2019,"Medium cap","Med BM",0.00135969989108886,0.639748405422984,-0.0798733692175673,7.33963875438864e-05,0.178768404364531,5.9525114044026,-2.22447395022486,0.0494216359835397,0.0826420619098507
2019,"Medium cap","Low BM",0.000475244141303505,0.264837129606685,-0.117646777577695,0.00153465344722996,0.0225142798518855,1.05089747934105,-1.64408127762467,29.5040840947406,0.564222019604649
2019,"Small cap","High BM",-0.15193903964855,0.156104837716617,-0.559468276058933,0.00632458617844233,-5.13777363281103,1.66297208601806,-4.77361122890591,2.80823241891756,0.0510925208798487
2019,"Small cap","Med BM",-0.0277998059088496,0.291915605727986,-0.222786338686125,0.000716473967352871,-1.06953717885401,2.21748708495252,-4.74600123325942,0.111173256469399,0.124387476481488
2019,"Small cap","Low BM",-0.0624608404544171,0.0621369642952556,-0.265735575948494,0.00117813981937619,-0.636972831279637,0.873415948884151,-2.26035377385916,0.533476730130349,0.0835096243515413
2019,"Large cap","High BM",-0.0528231278869856,0.427252513803039,-0.132546336526365,2.10332675142687e-06,-2.54159666930008,1.90079091994323,-2.19366294921071,0.186952654508113,0.019395128341558
2019,"Large cap","Med BM",0.0209429548743038,0.435852201908783,-0.0383982052346959,-1.50400364060765e-05,4.74039043062416,6.4748213121382,-2.92469536155137,-3.10708322671613,0.0504189882746536
2019,"Large cap","Low BM",0.35151442804785,-6.99119660508893,-0.416804237494999,0.00233654598866812,3.53883587319916,-3.07510893260115,-2.89724050983104,3.07613475331409,0.639530383787943
2020,"Medium cap","High BM",-0.0890462092059278,0.66157850248128,-0.33350895237129,0.00026346963400072,-2.97832650851539,2.44398174796032,-1.78185047984736,0.239087813391175,0.0186811448887054
2020,"Medium cap","Med BM",-0.00060484100466534,0.725071554872775,-0.103221638559681,-0.000864859405804841,-0.085179303863098,7.11562073017502,-3.35141029621643,-1.38945547321591,0.0863251618344022
2020,"Medium cap","Low BM",-0.035100902054958,0.744856124966558,-0.0557611434637679,-0.000368029758387472,-1.09901233137024,1.75315001555844,-0.643005882459631,-0.255867108478268,0.0839019253669956
2020,"Small cap","High BM",-0.121581842584454,0.193663798239161,-0.495434160557242,0.00720157398314743,-4.18821402979681,1.92159760285621,-4.05666087053531,4.90105466196618,0.0574229468672123
2020,"Small cap","Med BM",-0.0424904952722213,0.33235379162875,-0.209153733237997,-0.000469900393009363,-1.50182393187887,2.24125634298611,-4.28916457226276,-0.0682893299274445,0.120224801204298
2020,"Small cap","Low BM",-0.0588283370809912,-0.0400354788320256,-0.234796830737147,0.0114218837502832,-0.524491665039016,-0.264845460293221,-1.65969799985745,2.14769391650483,0.24114874118738
2020,"Large cap","High BM",-0.0946692649138461,0.815625055486986,-0.124697247928673,-5.53924037933208e-05,-2.93913794324874,2.17413346949436,-1.60054606830301,-1.30564360559572,0.0294437962866754
2020,"Large cap","Med BM",0.0187651269009545,0.507393057639649,-0.0358199674409976,-1.58744898893101e-05,4.06361605053393,7.04272754723792,-2.70633660878222,-3.17092876924649,0.0554801989276823
2020,"Large cap","Low BM",0.0321087232905581,0.316283530106781,-0.096152825462204,-0.000263490292917227,1.77740721771365,0.750726741198888,-1.64627425054323,-0.965463962762831,0.0310341397152183
2021,"Medium cap","High BM",-0.079599280727415,0.444148098953983,-0.454139450516343,0.000273512298345196,-2.60288244616433,1.68083154198201,-2.26335272213803,0.253758503681719,0.0145922513226914
2021,"Medium cap","Med BM",0.00167331566845129,0.67995268654111,-0.11650435413209,-0.000706782792581511,0.225218856082221,6.40846446600027,-3.4880584754667,-1.0834182555147,0.087135771570359
2021,"Medium cap","Low BM",-0.0469165200471415,0.957337345553128,-0.0287892646351341,-0.000909268079328821,-1.40041760517045,2.02554084135352,-0.304236424280176,-0.637615259208571,0.101393317807259
2021,"Small cap","High BM",-0.142036453746492,0.144852472877527,-0.464245253412066,0.00861846568844184,-4.26974900245333,1.57378889391026,-4.07818749690326,11.0417560350205,0.0563847943368895
2021,"Small cap","Med BM",-0.0512655456721341,0.321766997378978,-0.195989425593902,0.001693886075909,-1.6491002218393,2.10013891407301,-3.82312471051193,0.233849094161653,0.120337313688629
2021,"Small cap","Low BM",-0.0359454660868691,-0.0565945285883072,-0.261233611480219,0.0129118264572896,-0.303163193123909,-0.378927380610011,-1.76760167123076,2.40370462593046,0.256906021619425
2021,"Large cap","High BM",-0.0906389866657852,0.669068607821974,-0.168087412127438,-3.90124601457202e-05,-2.71951130935192,1.81027598798765,-2.07177300059372,-1.04081594762171,0.0260997217088429
2021,"Large cap","Med BM",0.0138716490296508,0.555400734669184,-0.0359438161274941,-1.39436702172962e-05,2.61130765725611,6.64619572832667,-2.53350354590764,-2.85257583271235,0.0553226644257406
2021,"Large cap","Low BM",0.0175494136348532,0.623965024424426,-0.0369168002274797,-1.82224626594536e-05,1.75540434434814,2.64383597884554,-1.87059683875516,-0.988628027456641,0.0812370376293908
2022,"Medium cap","High BM",-0.0756309833968965,0.48350394091774,-0.475600924974895,8.4929569810757e-05,-2.46048791253926,1.80081157583712,-2.24602924121664,0.0802441819883669,0.0151346285956299
2022,"Medium cap","Med BM",-0.00508917846210095,0.812237981253496,-0.13203734910392,-0.00205659333494338,-0.642393393043257,6.85642825494546,-3.83655610268165,-3.47393312541371,0.0901076539194277
2022,"Medium cap","Low BM",-0.0485050078051237,0.904587464411942,-0.00663496547917549,-0.000429228601480676,-1.38340655178905,1.79041376341478,-0.0637540311937032,-0.300557320625283,0.129737636003177
2022,"Small cap","High BM",-0.1496904229237,0.131608959154434,-0.519744027962698,0.00864660429373523,-4.05963500718887,1.36324959685214,-4.05390786127504,10.7117368616109,0.0536925217780077
2022,"Small cap","Med BM",-0.0565945784359693,0.314253290809742,-0.189783746590986,0.00265284713687777,-1.55249835951698,2.05223487285152,-3.34546033949705,0.360392796653368,0.112571502842225
2022,"Small cap","Low BM",-0.080676190066493,-0.0613609651105618,-0.248887683183719,0.0130474060587816,-0.586541180726522,-0.274999829940366,-1.37883922772348,1.76659871991826,0.254066259982451
2022,"Large cap","High BM",-0.0836391719399582,0.653859763817586,-0.113206042134565,-3.53418463174854e-05,-2.67006224532598,1.88558652754153,-1.56521139321124,-1.01501294098968,0.025901651657204
2022,"Large cap","Med BM",0.014233974294782,0.578018696808136,-0.0290804172248305,-1.38949828213362e-05,2.32261853539345,5.84555608352128,-1.95232355890637,-3.02625859078348,0.0548125100612497
2022,"Large cap","Low BM",0.01905820669136,0.59938686104741,-0.0488277739483301,-2.74114831338815e-05,2.43187111957434,3.12298257562418,-3.0163397082594,-2.30919859820144,0.087849866277997
2023,"Medium cap","High BM",-0.0711934946212343,0.321134901728114,-0.6091517629259,0.000359520435536869,-2.64748412899865,1.53492113766237,-2.71954348589683,0.343662101215716,0.0133888680051665
2023,"Medium cap","Med BM",-0.0157144371998793,0.90443882516249,-0.133420602561624,-0.00256693353430371,-1.73668564487245,6.67395616329645,-3.66052588687322,-3.83973997810404,0.0905088895454387
2023,"Medium cap","Low BM",-0.0833558083510371,1.07759425007748,0.0335210098564641,-0.000716816822559452,-1.86893705144044,1.80180596750149,0.272332481882828,-0.435957422253398,0.141196819065275
2023,"Small cap","High BM",-0.174631902531047,0.128330658044339,-0.634755498200728,0.00851174865242295,-4.04815595153757,1.37615658330411,-4.26358647767618,10.2328101305599,0.052900180811135
2023,"Small cap","Med BM",-0.0734022867795313,0.248754992058695,0.0517619681454549,0.0427624141330534,-1.61099091408575,0.965203854163132,0.243249069770276,1.11452721773762,0.164753667801975
2023,"Small cap","Low BM",-0.13911517413898,-0.0288664700232795,-0.186729851813186,0.0116171276803031,-0.87886281095691,-0.115848031170754,-0.898301312283398,1.49548936562472,0.231211630611002
2023,"Large cap","High BM",-0.0820169722308059,0.665771187801763,-0.120149996853209,-3.87265754556328e-05,-2.53324511839725,2.02216872803154,-1.69654520273821,-1.11452870580661,0.0283039762262499
2023,"Large cap","Med BM",0.0148819876227564,0.60154405023226,-0.0300671946490119,-1.57055763023897e-05,2.53361659647031,6.44743319581437,-2.02348742902496,-3.27581041899303,0.0633291132283414
2023,"Large cap","Low BM",0.021883138642444,0.536694627969486,-0.0547665721456554,-2.56366552759724e-05,2.86054563792063,2.86514393849983,-3.51591066061249,-2.20267602829141,0.0776296216550683
