"year","forecast_horizon","intercept","A","D","DD","E","NegE","AC","t_intercept","t_A","t_D","t_DD","t_E","t_NegE","t_AC","adj_r_squared"
1968,1,0.8187868554102,-0.00176260113910468,-0.0236375582087486,2.75375020122218,0.924587428915757,0.0542709512620237,-0.152064564615577,0.702758381290964,-0.381413287362816,-0.0553086493082983,2.65209094303741,3.23928808080814,0.0184263438537246,-2.13480699993012,0.977328304606172
1969,1,-0.122738753508187,-0.00521460872425555,-0.423289556301143,2.79560128935516,1.26798614519398,2.50254109621625,-0.108732534344418,-0.14823268005976,-1.0451928792404,-1.11025999655908,2.48598699430373,5.19300477633568,1.07410153657561,-1.68369950766929,0.978322981229042
1970,1,-0.425826969602758,-0.00328805898571066,-0.42885678676751,1.89561480586605,1.28187677078301,2.48178857670119,-0.076675086981151,-0.868915299279936,-0.678414333583851,-1.93893379720508,2.12723130751991,11.0489242055583,1.97299574159498,-2.00449916513134,0.98323698042317
1971,1,-0.940148755458649,0.0023507361502333,-0.631163487901902,0.372314683389968,1.33521113637405,3.52467831425689,-0.0135735169273955,-1.52383093127962,0.376996119721388,-1.92384607328413,0.417149696931147,9.8133539938147,2.55293845734557,-0.30173787718168,0.954743169621747
1972,1,0.63626692720506,0.00436660345632568,0.241349499030784,1.47859315797232,0.696636141756082,-0.974472622296039,-0.115706708210497,0.754584697862346,0.78581314089525,0.637658182560355,2.35196372769605,2.78589946247932,-0.346976027010474,-2.17171232236644,0.941247143196442
1973,1,0.206385424772198,0.00621883349295401,0.247879436884787,1.15832457631979,0.764812437420514,0.797731540672286,-0.0332437000342085,0.232470282701357,1.35921230036694,0.53262288604158,2.17534585461714,2.81798149278741,0.289899187696223,-0.656747478929572,0.946317961670911
1974,1,-0.405095473301648,0.00640727149635452,-0.00668346434835191,1.40350057270774,0.956827796968672,1.96221618864224,-0.0467655371083892,-0.498911093923454,1.65624111413598,-0.0164244380311604,2.22817789559305,4.18048694588242,0.81685111957916,-1.03646201235618,0.945670967408591
1975,1,-0.72314188612352,0.0102766726633957,-0.276282730324859,1.31056304593921,1.06126797507762,2.96355293430035,-0.017760344061959,-1.1035545043449,2.03711540267692,-0.809418580739054,1.93078019755275,5.97864428041974,1.47932228278728,-0.378837610462094,0.924022437028171
1976,1,-0.173987614905187,0.00945436375656736,0.00546418520277192,1.71590707114708,0.861087591068227,1.15409304421861,-0.0246598965543168,-0.392252062508163,1.8731825820876,0.0215561914543296,2.93277626432342,7.80865297920738,0.93862296582402,-0.641683906698482,0.919654115916378
1977,1,-0.108464098122486,0.0116907376416371,0.142999608208559,1.34303201432437,0.801678244877234,1.29620545005302,0.0103237592319221,-0.242789923982215,2.01769865129046,0.504017540129545,2.15980460082546,7.68821386040757,1.20079704298252,0.246174062213734,0.918611546125218
1978,1,-0.0460428267268271,0.00996792956067981,0.19701710323599,1.08313443697647,0.818335217160872,1.5250607824215,0.0195187124862403,-0.107993214767305,1.73964311442646,0.743987627700401,1.86642916172321,9.27440052900808,1.66584894694692,0.524051239324582,0.929487869975949
1979,1,-0.0273097773682529,0.00822807024341241,0.226636852889906,1.22976650916055,0.835779225659516,1.81856047815533,0.00798739129282472,-0.0802530316255642,1.9692143347731,1.03888216445637,2.45063299583508,11.0999814810111,2.27519879952753,0.269621817406639,0.939384606402734
1980,1,-0.129397566292342,0.00977932325150298,0.116995282470489,1.23211495474005,0.884109255499056,1.80718254426862,0.00889877648259321,-0.368297833398718,2.53682721659808,0.550286277788926,2.18330319790697,11.3707378619584,2.02278894472178,0.301062376398184,0.933309948714951
1981,1,-0.293496919646974,0.0113553163754662,0.307394262334906,0.510315097985466,0.829076017252186,2.53562200955699,0.121895325833979,-0.723205699840475,2.05702330207192,1.12028007511199,0.790093776685938,6.00928419318145,2.35401535369778,1.61145496401182,0.906821994897038
1982,1,-0.263058153802379,0.0135363336223827,0.320674998224606,0.799645693966131,0.771155500729373,1.96001167334436,0.107480288104357,-0.825185468183381,2.89583602923004,1.52605119552001,1.46908288738552,7.90104568512286,2.42149243674641,1.74874779523638,0.918802446237619
1983,1,0.102194673597056,0.00958509549323474,0.463888080525916,1.13529331285707,0.719468542286936,0.507108769748998,0.0911932121666036,0.296441062785327,2.05907207308022,2.47729557070059,1.85925933651436,9.39398856206367,0.578228149445008,1.88025964518412,0.907327714568676
1984,1,0.151688145438989,0.0103121126654717,0.284865172397397,1.1917166107803,0.757333453488861,0.945440560315497,0.0535928199812382,0.39520889580541,1.8044796073976,1.28918763549494,1.14703139682589,9.20465710775539,0.932609746605618,1.12953014503322,0.894776015691585
1985,1,-1.46337219276407,0.0101257819487378,-0.244961523406063,2.71128994196585,0.982469647615933,4.71003776506234,0.0177801055531707,-1.61962748445674,1.7995257436802,-0.561884319158871,1.9420386473708,5.9431438593747,2.1261686835308,0.336129202495935,0.876534206998901
1986,1,-1.57772586375096,0.00732399897071675,-0.157964063748907,3.05424673921305,0.967919491915067,4.62309333528848,0.0142310254031418,-1.70291634560737,1.60288429412538,-0.399989964302677,2.07951587697946,6.94095271166121,2.20272193811025,0.398157067328935,0.875676166289034
1987,1,-2.00879884741621,0.005242812383354,-0.0635859092009597,3.81911017736081,0.931301216019732,5.29964511422357,0.0156314602534451,-2.03481003075332,1.19944393268745,-0.188398330165812,2.16302090767051,7.72767693225704,2.31179783024822,0.552523791628425,0.858502229176927
1988,1,-2.22685018082164,0.00669923010595445,0.0914916282598042,5.14131368200998,0.826826410737593,5.88724124710692,0.0228371858135727,-2.41459143297438,1.48272353033492,0.350434136523927,2.31603412806287,7.75545857399927,2.62691961268197,0.883190715952554,0.824037169277291
1989,1,-1.90463390385051,0.0136972345597162,0.0163422927037372,4.0596657438139,0.757771437246779,4.2006153340858,0.0242483992168774,-2.14657300934423,2.50011643451569,0.0872761605804809,1.64182354009734,6.99655929160706,1.74370834466785,1.03272560273135,0.80157145398133
1990,1,-1.89188222278061,0.00681080831452044,0.143260123032039,6.247977495699,0.74738645822834,4.68139112959135,0.00567103504250611,-2.3955129598852,2.36954182749495,1.13383191567271,2.97387169828763,8.89734334306504,2.50332312857689,0.269312839398602,0.787447016722283
1991,1,-1.52295336993533,0.000701436195092743,0.265765944845576,7.80270947535145,0.750655027528269,4.46558095072792,-0.00773125263080739,-1.8001213314689,0.239393716393273,1.91700945613343,3.10053646044541,9.59985811247767,2.42809492110079,-0.410853519257522,0.76462393139584
1992,1,-1.67822299377556,-0.00155411624165004,0.211308783169678,9.36215901340709,0.780236228088488,4.94961116132842,-0.00634778293978769,-1.66571330674146,-0.625655615567297,1.6725624310333,3.69352903843121,9.31625438254791,2.20744910806964,-0.313770056502124,0.717870179058373
1993,1,-1.80475213115687,-0.000891525965721706,0.167986926926631,11.1686054370725,0.794695612279548,5.35400540924968,0.0040521125082998,-1.75341368802706,-0.510772900884479,1.25210351493137,4.25703091300037,10.0542273705552,2.3797548331783,0.186804650539435,0.685892013975841
1994,1,-1.8287784784489,0.00194241112906318,0.103022857064948,10.4040615149789,0.76911952550942,5.25317136249256,-0.00207651922203944,-1.73190710617877,1.29340074026352,0.810522479567786,3.95081079446464,10.2478754886194,2.23321377766111,-0.0953968674851946,0.668211034818174
1995,1,-0.626733897671382,0.0026681592481395,0.19774046975196,7.97860949559068,0.688278630270385,2.45793574906357,-0.049525954707168,-0.405890484014965,2.0578360318794,1.45743224325759,3.3679530095946,7.10084957238162,0.695308806765614,-1.92501816066337,0.655847534110424
1996,1,-0.440249840224927,0.00285222416520879,0.198842744031001,8.73611347605694,0.698339920682308,2.60444721695327,-0.0526604861285098,-0.284766177263257,2.587015994837,1.55534404343589,3.74347619276043,7.4123819935121,0.74067135745409,-2.07386079061792,0.674928263453575
1997,1,-0.355300191023975,0.00270583176889766,0.182926431964315,7.87742710926859,0.731769943069755,3.04394242904545,-0.0675460301571379,-0.251199102908415,2.88969222531031,1.79143294370776,3.73298654535756,8.70672065752495,0.936666145738534,-2.51141115099256,0.704567541965918
1998,1,-1.06624496099095,0.00303200360747362,0.148632105788928,5.71952659936621,0.774326081574998,3.70193196625104,-0.0676240628452498,-0.777614872840513,3.3974504818577,1.51534346668599,2.91499878736659,9.74595368427303,1.19264840062981,-2.60297662929401,0.745377918109962
1999,1,-2.41942996796069,0.00364428770182255,0.0641586231902599,2.83537818568777,0.793091495773688,5.11831966397261,-0.0995533518347699,-1.62314733461313,3.9051387823117,0.53154722434143,1.02953522331752,10.5765652399708,1.7287722202628,-2.50323144676516,0.738821500124708
2000,1,-0.703724372332854,0.00446544972803493,0.105151920561548,4.16129317784409,0.723608812987346,0.590723503635695,-0.114140901482428,-0.275271665849845,4.67622491912803,0.960633330770778,1.29802114514875,7.42566745166313,0.106671573860894,-3.10660846810545,0.731061228055963
2001,1,-2.20845137559918,0.00446382281016044,0.176371653064094,2.4960913580256,0.766325367042416,0.689127768379394,-0.0836820982185,-0.840643855648103,4.79666483389808,1.55433558229134,0.732300827861966,8.5542855879996,0.122230684853652,-2.72032531465583,0.73619794899392
2002,1,-4.45264252148598,0.00254510909056841,0.280216163075898,8.91481356380779,0.752501605676185,-3.91804081184086,-0.0439348320457694,-1.60225477324555,2.49778370504577,2.26577400208041,2.00207264135694,8.87354971877576,-0.711672871774089,-1.21214842897802,0.455770707985975
2003,1,4.11180268525734,0.00300756430607269,0.64302013738622,4.61592815064236,0.515059721115054,-23.9586085542113,-0.0832708304198424,0.97794599850714,2.29215609344707,3.70099011345757,0.860927676048854,4.67788938318146,-2.49954475050014,-2.23814290126638,0.404474458586986
2004,1,8.61809256518831,0.00377821153079496,0.781668574601936,0.82896462367914,0.424963775201628,-31.9037090680829,-0.107831023378007,2.4261005936473,3.66805672275773,5.0405222109387,0.149042491923478,5.24892660550388,-3.94447488887259,-3.22352068323485,0.425559658823425
2005,1,11.1295537606546,0.00342921559918401,0.84447213380451,-2.43734435207646,0.435966486761437,-34.8675475542866,-0.108278292163062,2.90720100685387,3.81008300160935,5.61252091036692,-0.418309818873875,5.5897191138915,-4.09664637077673,-3.54738403242962,0.461552168327013
2006,1,12.8017129133941,0.00308602706296542,0.915471588452531,-4.32083726287055,0.46857739105529,-33.8767240964405,-0.0838126086465809,2.64896150770795,3.7928753087565,5.85031218834244,-0.689240302008256,5.34504873664594,-3.21982721311564,-3.3753952517887,0.51413396737283
2007,1,11.8254373910528,0.00439341015590631,0.590445427385526,11.1414501780434,0.51813901848613,-31.1709242444623,-0.0778630750049263,2.0052389018352,4.25467218340293,2.37692183167502,1.15682631867112,5.20792363676349,-2.47478517060018,-2.77771217660015,0.53257213602174
2008,1,14.1977477165611,0.00256402766085532,0.577272834579307,9.4713949806115,0.560393127688678,-32.2758331715427,-0.0798507933788458,2.14528750236769,2.14984519135089,2.48776133477329,0.902625201788869,5.84928847852203,-2.37430279171481,-3.01336899600307,0.509055043994393
2009,1,19.6742672771725,-0.00262795868097916,0.597075085003583,26.6987308621017,0.614311328319185,-36.5783296324465,-0.0420916818997966,2.00035191774236,-1.22450402726383,2.58823631545741,2.05374626427897,5.83842635219688,-2.11655633331969,-0.827422052281245,0.337335442004827
2010,1,26.5415012210291,-0.00130538623775818,0.659347457489146,20.4607484920073,0.51695155288724,-48.1912585126635,-0.0571097528440384,2.33656378968981,-0.864952696656777,2.82875347416496,1.62415874211176,5.05356976866609,-2.17954862094466,-1.47536591673553,0.342952790545611
2011,1,28.5000463309359,-0.00108867905448467,0.677978041181951,22.7763458232314,0.515740138489452,-38.9652035595355,-0.0545905814248329,2.3862156316984,-0.840528044282312,3.10949085727067,1.73070932831933,5.2099603962875,-1.65848689195258,-1.68654774346463,0.35615639951427
2012,1,32.5735731074429,-0.00059103990502062,0.619370159661762,19.695430053067,0.55387171009733,-28.7596792577002,-0.0643016767267658,2.55992813600237,-0.534597261509131,3.09516753445448,1.53092540206332,5.6263205796601,-1.18414056926731,-2.08412211228867,0.409264317073836
2013,1,25.7720197289963,-0.00062388815389129,0.555390027297757,19.6382616480032,0.604259960654687,-13.1469979050975,-0.0704804531697972,1.89413574387315,-0.649701561951395,2.89320780460925,1.60446579577786,5.83486104831662,-0.513295741181366,-2.38554682826746,0.455951965138349
2014,1,21.2534952189099,-0.000401561165644334,0.508390153928148,17.7361048460539,0.642812367035517,-9.01615359784524,-0.0699251616233118,1.50805746331108,-0.463366473999942,2.72598619499111,1.48909115318849,6.23162826733116,-0.342907361166002,-2.43792179324854,0.497393165355979
2015,1,20.6274621753604,-0.000488623300836126,0.49756382204509,14.7797100372313,0.651886737821526,-5.84223381992707,-0.0678992091608815,1.41774430725067,-0.609901200520787,2.6903615167276,1.22610339818154,6.38873647808244,-0.216729181514967,-2.52844931100909,0.524808542654642
2016,1,18.6272351975978,-0.00039469009446975,0.430771837810088,6.93043425407993,0.660670386949694,-7.97969868910534,-0.0758237762221084,1.21690653559926,-0.509482775134235,2.46068968039402,0.561276973270594,6.6350773637338,-0.288455160356995,-2.69797973763123,0.524113511228143
2017,1,18.7791054827737,-0.000764078874505974,0.437923316152273,-3.10964626563695,0.660509981801628,-8.98817004419137,-0.090076893501295,1.16304310857365,-1.0284178751466,2.48040955547158,-0.235689068246891,6.93639227901587,-0.31281704467047,-3.0567396294748,0.545851202237912
2018,1,19.9059731173667,-0.000712918058380341,0.470686800370504,-4.18175757459108,0.659250118372729,-6.73851376714466,-0.0945273245881095,1.18699598411238,-0.952125142752445,2.75539447484759,-0.299578699103787,7.09452496513293,-0.227974597470943,-2.94617113649566,0.563356799934166
2019,1,27.54373240181,0.00132526985131698,0.575533575073077,-14.3342423109182,0.628442077923954,-7.67087890785889,-0.0641072601427121,1.67439781409406,2.82067267284945,3.62864423318482,-1.05668032844301,6.97695234687693,-0.26474264829551,-2.59080656518556,0.707855433407496
2020,1,12.3576740310292,0.00103886766943162,0.389584225125842,-10.1098454611803,0.738344805057344,11.0768230208118,-0.0745506381808441,1.26352649762727,2.18986295266909,3.29597314091474,-0.822051958329764,13.4596119720982,0.680131378632873,-2.7787202910007,0.717367235016115
2021,1,6.15547968367536,0.000645633862445304,0.197720605245094,-10.251768711908,0.769346435843526,2.26015814877527,-0.107929307376542,0.580345744433398,1.27388825841961,1.48202248763889,-0.643007894639316,14.2996322233803,0.132199660403085,-3.88437893312142,0.708772866559845
2022,1,-6.11445847629286,0.00143661785126562,0.321224664716499,-19.2417593066635,0.780621275655143,40.172819846662,-0.105508819429361,-0.406328373388234,2.02831748427038,1.95768175607679,-1.00627522313432,10.6745918386935,1.59732934343303,-2.82690953797914,0.692519244675855
2023,1,10.903388293347,0.00125922998061875,0.521717539511254,-34.3598723528434,0.681606430497825,-2.71305377747455,-0.131120878351778,0.491795983612933,1.72161960659761,2.70240627873567,-1.45033405032042,6.87189450963228,-0.0679453864665435,-2.91490467165138,0.671433719579668
1968,2,-0.784386405065418,0.00195332126641067,-0.809437183999061,3.94592388161648,1.37961416770707,5.16604736669263,-0.193811270538898,-0.649520863638225,0.240270281156945,-2.18806544323143,2.8473280050178,4.85181179645317,1.62066539406319,-3.76796536238291,0.973137351981997
1969,2,-1.2230717728432,-0.00267771194319776,-1.07787791748056,3.41446817620397,1.64422225147312,6.23487449693822,-0.14066702707377,-1.55521853561874,-0.671652907825301,-3.73754300580777,3.17205284300553,7.91054488255962,2.53003123860793,-2.58224769718335,0.974898927843897
1970,2,-1.47723744069431,-0.00493904756586588,-1.49058337978857,2.617895544839,1.84809973621426,6.25831468235534,-0.186290503459478,-2.1578856873258,-1.10172069859409,-3.784851623826,2.13144301060356,9.25790819111362,3.59424796378248,-2.7052256799135,0.950469715266952
1971,2,-1.2570986392727,-0.000931727341333223,-1.05255809032574,2.14836071831772,1.56233694904769,5.52395668937519,-0.142024009352281,-2.38904388994813,-0.243033897026484,-2.8707527384466,2.48863516216319,8.18264314237671,3.62516997635853,-2.28345203659025,0.953248576067032
1972,2,0.523293036985774,0.00652181985149354,-0.091690473622713,2.94595097832125,0.846559623242681,0.77346663696995,-0.205819032440931,0.582469260407481,1.75889138715416,-0.201935426076918,3.53461477394764,2.95814263502105,0.25616443711479,-2.96246308539665,0.936745953304943
1973,2,-0.348699091193073,0.0121261648785709,-0.162614055211538,2.2175061945506,1.00240164298578,3.03899885057149,-0.0782273559171865,-0.314912379618766,2.67073739179467,-0.271786987958221,2.45780377794844,2.86535475156574,0.876050070993029,-1.02326102857484,0.924293288969847
1974,2,-0.377913576139965,0.0196714922136535,-0.0990428891870353,2.62929506280139,0.893059558786972,1.81039471729083,-0.0332493815325914,-0.361291254562563,3.14631691501298,-0.175123394177617,2.81910217734219,2.45061831380971,0.53074968288009,-0.460714708483235,0.88857717723504
1975,2,0.0107307550983116,0.020867893492845,0.0913491936275447,2.71027924760001,0.730678296292642,0.606310016675675,0.00256995857907082,0.0157486369973142,3.50046585123456,0.230378503737301,3.26736250569331,3.24941077256832,0.279368337723905,0.0401587906990548,0.875119898593254
1976,2,0.410258327457208,0.018284624011381,0.260939917130273,3.11445214887107,0.650527613373291,-0.230135114506282,-0.0445773593009182,0.84541017820414,2.87600486388036,0.804684041403301,4.69169357725524,4.26411286848303,-0.168165514239537,-0.723923309278384,0.877636328416172
1977,2,0.595311763739035,0.0204806212203364,0.535186036356917,2.53084236867884,0.538516404269963,-0.301070940433865,0.0187553876668189,1.182383268325,2.85829997427085,1.54686156443836,3.57775693462942,4.0180962272034,-0.252030639355849,0.336187926671177,0.877101125648762
1978,2,0.651125691541832,0.0176780009436064,0.567993669865288,2.27856377469621,0.596173898907002,0.356385622696381,0.0294625873915063,1.31444624087044,2.45206706424972,1.74823135764712,3.44061241939466,5.22546340894924,0.34300178379587,0.587527078550736,0.894424487510932
1979,2,0.416472806615666,0.0184837103922839,0.336785610054876,2.36218567023944,0.717418916823084,1.14049394617607,0.00255566364548167,0.992788859122826,3.33015445621294,1.23326879674488,3.60140839205977,6.65771176737444,1.11893839160056,0.0586971441023308,0.893646508460653
1980,2,0.751029492831298,0.0226132177501243,0.474553560611325,2.75552770727507,0.588743358368367,-0.869114457826752,0.0340281674722393,1.20374334260953,2.7205250325507,1.27931489154106,2.7191121881862,2.81702432347448,-0.429567773803437,0.731210549775506,0.834165713760236
1981,2,0.355327764335862,0.0246145468092616,0.541016580184255,2.08590360339526,0.573774457383969,0.475992609858023,0.116910854001296,0.624119986540999,3.03777646241492,1.55774361436338,2.35956757482963,3.54497693861646,0.279838017616853,1.85571055914588,0.837535319068884
1982,2,0.923860617711215,0.0204378224246179,0.723014601224209,2.68699687864597,0.484546668931668,-1.46590273642379,0.0859575018462476,1.74128652409482,2.8204245228932,2.43694000592764,3.15153963298272,4.37407768863995,-0.970955831544956,1.60321462615378,0.834552475430541
1983,2,1.15899840744935,0.0169190662085412,0.676522498603159,3.84540992400441,0.467846594933665,-2.23747831645105,0.011295706781807,2.12933486964725,2.19834916688008,2.11541836735909,3.09138919460045,4.59443505570024,-1.46022265204018,0.185637818904876,0.816451796592487
1984,2,0.78528727733984,0.0115545793081044,0.273034311708642,6.04141323761355,0.645120816509792,0.118893907057258,-0.0660326535438096,1.18762909678908,1.19146144707826,0.591561536073108,2.21478630047012,3.69472388446683,0.056567833045035,-0.889190010098874,0.764924923207401
1985,2,-0.800981459496264,0.0100135409514758,-0.244416999158213,7.15001662103812,0.889396111981027,3.76290680618422,-0.0885407657221328,-0.7639718005723,1.07176539045698,-0.485522829648815,2.71067764065488,4.71704082301601,1.32582819348165,-1.29256897342412,0.748792483071388
1986,2,-0.89107956296632,0.0091703012820598,-0.119003522807786,6.88170138454954,0.837688938166118,2.8940574108803,-0.0474514272900095,-0.813176306856387,1.19214252091517,-0.258648788364644,2.60820857859924,5.28389173382705,1.04478593776261,-1.00825002470444,0.734868626687547
1987,2,-1.64413604816994,0.00662080946778295,-0.0130492759583261,8.79700105791711,0.81057381313595,5.2882495229592,-0.0396819884727243,-1.38129238457645,0.871425281621474,-0.0326009059758674,2.94139661228849,5.8841800634185,1.82427389729432,-1.10455323847776,0.720644653640627
1988,2,-2.32399947299456,0.0122253219167995,-0.0320419234330847,9.1811643982842,0.759394002515873,6.84176962425949,-0.0181314595269568,-2.11899159893269,1.80850687876449,-0.107901428201782,2.71496159288455,6.94383856653043,2.4988267691157,-0.564820146705497,0.713121079923913
1989,2,-1.8101351878874,0.0172580003249194,-0.00606357012756654,8.39239415371762,0.654115291585412,4.21832504506879,-0.0106916073079099,-1.66924835991422,2.45417000823907,-0.0268717191283866,2.33678168912625,5.6079594312815,1.43653007438637,-0.395123826739436,0.697609910137458
1990,2,-1.82431735179905,0.0017505898577763,0.325445581514101,12.5030327512213,0.674961199031723,6.30450789217037,-0.00584103440114795,-1.67037165238145,0.325940068481821,1.75243118445536,3.63888728811774,7.02850045413201,2.58194167706254,-0.204470255069847,0.673433033466912
1991,2,-1.17898918373187,-0.0037726846196648,0.404579628856792,15.066549622267,0.663036935537838,5.2464202051868,-0.00185875154679089,-1.02789971636728,-0.820270501208753,2.27365022906849,4.10954629742225,7.33833899766202,2.17063614954336,-0.0644558927479798,0.599889797090489
1992,2,-0.642792382790712,-0.00371513811041033,0.343056993710725,17.895011762526,0.653442139500951,4.01734414931423,-0.000570739373589542,-0.429138122133404,-1.25953132963098,2.19470198119113,4.86091184311681,7.37056714854732,1.26212458443083,-0.0180704909035656,0.528765194174926
1993,2,-0.0384261654645968,0.00151592913206657,0.259209498289851,17.9849496232854,0.602505303857876,2.5652687194038,0.0114494001334943,-0.022759936814311,0.566083862953954,1.50697659215929,4.57241793275672,5.5049871966706,0.683196411654544,0.368171211030596,0.48688800134781
1994,2,1.45572516670463,0.00457650659127752,0.381225223149066,14.1808155031935,0.489936746585057,-0.922336232715754,-0.0205593384391569,0.86008274605248,2.19658073515879,2.11838296100854,3.64835832289354,4.76835129034237,-0.247838493826701,-0.629410806893619,0.496365317349751
1995,2,2.84092204245186,0.00547048307947326,0.457806854898999,12.5476105205412,0.432851016288009,-3.43993846685995,-0.0616234600988243,1.6567012484955,3.37825320636031,2.83431776932115,3.49120915459637,4.45474613884874,-0.911796823835375,-2.04614289679462,0.516351956472967
1996,2,2.69156336452535,0.00545411373038741,0.455731485499507,11.798060484246,0.489372246321617,-1.96113615306975,-0.0724997423669739,1.55728794890881,4.08886316247331,2.98560292733509,3.39361503371639,5.09346670623685,-0.515729627289867,-2.41820559119235,0.565891485959819
1997,2,1.99821608203607,0.00565070049656483,0.344846889790759,9.53628196837366,0.575060652708665,-0.773452497350185,-0.0955438496407816,1.18548346195569,4.84784768680696,2.60311443589221,2.92354111103658,6.31131126148325,-0.206725961627241,-3.04399674669956,0.606784537563431
1998,2,0.711322040392636,0.00674355746433756,0.259015501981558,5.09063630131177,0.618941572234737,0.253904603096429,-0.112927652265855,0.422643245233625,4.57649196352267,1.90060067818962,1.31718753779505,7.142623418332,0.0726094984734139,-2.7646322721192,0.613168261521305
1999,2,-0.685243865673372,0.00708784586135576,0.238567627253405,3.55761522363378,0.663394148014362,3.19183391434178,-0.10288324979826,-0.41840422357264,4.96148940782825,1.82162714494036,1.00331246113846,8.06361856711645,0.917412400809924,-2.77137231768454,0.641144789102394
2000,2,-0.328406970121686,0.00774148888574901,0.24411707936655,4.40225321468291,0.641037028826603,-1.27736198572237,-0.125244924814286,-0.10572397012032,5.5212164345589,1.61880849343331,0.974666665956005,5.71663579951657,-0.188672749723724,-3.44738745743497,0.628917847977871
2001,2,-3.62494129132069,0.00665778041419878,0.428859143087358,8.69591206662333,0.615097558284018,-6.40264002799412,-0.0684455466687463,-1.05087327307679,5.1554212552973,2.41582011258549,1.52333123600226,5.91412062358415,-0.834045199811482,-1.71155056162812,0.384545367301747
2002,2,-5.0701394305129,0.00542383873720598,0.627726681548283,10.5913028201369,0.53631419933187,-7.39971369813288,-0.0519667025533417,-1.41580562780467,4.56864790097314,3.37343631619428,1.71635114118276,6.31894879792605,-1.05107659227604,-1.40037770386803,0.337806760158729
2003,2,2.947958959356,0.00691651074793244,0.948675869677115,7.9975897528531,0.303608479852827,-22.6701495158024,-0.103427431686956,0.708777657529033,7.33588754597986,4.69224775753366,1.18793439969812,3.79343019757042,-2.69825205085936,-2.92696671369251,0.359246524829049
2004,2,7.18643366029811,0.00640493264767689,1.06781279150598,5.43269848806917,0.275562706515243,-27.3318940519787,-0.117306915916069,1.77376976413553,7.60391761786387,5.41629795599111,0.746840646137989,4.33933258565422,-3.52875527221411,-3.61350055370885,0.387051023293763
2005,2,9.25750072492954,0.00524050603979378,1.1285692030866,2.302651601444,0.324931828177825,-26.8323541760601,-0.124132041437415,1.98477222723421,5.68492565637205,5.86803831798186,0.287166686450054,4.56433834816131,-2.89367833485581,-3.95818970609303,0.424475134531099
2006,2,12.2989846138152,0.00511145192907965,1.26364345484187,1.43079650318665,0.342887496797958,-25.1397319920841,-0.0805614767415271,2.1506298933547,5.88759657727939,6.50009027416234,0.168500927325323,4.12495781724739,-2.182921711268,-2.850735556418,0.472766911979522
2007,2,9.16392921198748,0.00376135290429014,0.689002231466153,21.0428293082449,0.501278611161251,-14.8585448993218,-0.100584050575404,1.20089888850044,2.66262863238348,2.40645931714857,1.66326797337299,4.49351848063336,-0.966475931806439,-2.68163861888544,0.437394569147622
2008,2,16.2984258374676,-0.00290113323711751,0.82352345133061,36.4729012385321,0.508702974208202,-19.2430712318483,-0.0763398546012762,1.58392891499543,-1.11943898118743,2.38967593823183,2.14900443016554,4.27537906142294,-1.02446985492213,-1.81988940296236,0.256576776055195
2009,2,25.8770709537514,-0.00320780077637508,0.785485907417856,40.3901308751716,0.471688910534571,-30.0387879823097,-0.0303519473822228,2.2938563896337,-1.4520453154446,2.97298514288753,2.59005592075642,4.55438077450329,-1.54014150469338,-0.676103219744942,0.231682622130189
2010,2,37.6946584173013,-0.00120231362941156,0.905829625665032,34.4817678800106,0.329605887354318,-50.3045863179962,-0.0784177788137555,3.05253852665261,-0.722969061027214,3.30968977086618,2.16072127993957,3.35555035399965,-2.15438996965558,-2.22501035543249,0.227678278709516
2011,2,45.5416168129425,-0.000919751248966191,0.913719182839974,37.1187655933817,0.345335517270433,-38.7759096867954,-0.0783906129106859,3.52172384453468,-0.63750428044579,3.55539244360219,2.26153925638393,3.55956595779458,-1.57759022919953,-2.64449682656231,0.263963937624208
2012,2,50.2374929954793,-0.000618285698542519,0.847964023344525,33.7834871824939,0.394018322640939,-34.4519476370042,-0.0859775884302217,3.61094751651392,-0.502259676875646,3.61791284225997,2.07916406261714,3.9176954204268,-1.29653577789477,-3.00193527848531,0.298392465913408
2013,2,45.7095363133257,-0.000568243959788224,0.772263002585306,27.081258863342,0.459742654868239,-27.5381782709818,-0.0923480508323585,2.96262275021816,-0.525729053868466,3.42763053899749,1.73967196411702,4.12923002374238,-0.938739936558437,-3.27347263679483,0.341419336548505
2014,2,39.3767300555932,-0.000356553929283728,0.69238033745504,23.1413430860304,0.509035455904272,-18.5607648634,-0.0911976335424536,2.3520401250601,-0.368763445895747,3.1967060625817,1.55994798664384,4.38275911250679,-0.591715015009762,-3.28540030413393,0.379922231886348
2015,2,37.6168397832602,-0.000328073226174486,0.624434981444212,12.0166555561129,0.52187935305325,-18.2802826282054,-0.0945421701583748,2.16104083466017,-0.364192900061888,3.01013536354551,0.819210133413943,4.53341433358539,-0.564824428017258,-3.55917734513943,0.391917226978348
2016,2,36.1769398762685,-0.000346561875774192,0.544883053781839,4.23880292658785,0.5272276861559,-19.6503166964383,-0.108711638693637,2.0228094567275,-0.400721269689701,2.84863090824953,0.293036478301016,4.79111171351573,-0.605284901282815,-3.84599744905791,0.402170050996533
2017,2,40.1803488098203,-0.000542790641539093,0.644805265158893,-5.92873959165836,0.508143817378277,-20.9849312749339,-0.12102004993789,2.2004253376281,-0.637914446687182,3.34435307516192,-0.372863603076487,4.97677628766638,-0.644670974815734,-4.06408935857909,0.429026931421657
2018,2,40.5724806874267,0.0011130791867379,0.644620149918118,-2.57289654196507,0.53432154206317,-13.1484939005463,-0.106506182592351,2.08520996813131,2.01232604611972,3.53436829654495,-0.16195087147611,5.21527177238094,-0.379836397024322,-3.81701073026522,0.577128476014706
2019,2,29.7483093825116,0.00163992457991499,0.569394937719644,-5.75494262156057,0.604715223690739,7.25305444100875,-0.122624401961326,1.34575651880279,2.73340934125245,2.63198959227056,-0.320273798613873,5.1080871044331,0.185859703058449,-4.07171640716259,0.643885916066652
2020,2,-7.85636858648208,0.00104267556940527,0.151577818463,14.5963093280678,0.807986361846542,58.3842032643266,-0.0906756519176104,-0.691283482528877,1.8080349656131,0.930442633266272,0.846751774258167,12.0273092029169,3.05797536323316,-3.91068910663354,0.649301539718726
2021,2,-28.6434036685052,0.000750499345713913,0.0302069490100612,11.0795130262396,0.922924028147573,88.1665688317156,-0.11804170318784,-2.08443523316023,1.19086261908944,0.189198684790831,0.627321338201504,12.9404504076593,3.9176398947167,-4.59497875662037,0.692299995526705
2022,2,-24.6167582323028,0.00124066286484652,0.470797984173204,-6.17806944078711,0.784278707084509,92.9727164555029,-0.114163358079654,-1.23250645317339,1.87845489719876,2.1206122931103,-0.236655113250429,7.93468358065344,2.78212370370064,-3.83729925572032,0.644236757508347
2023,2,-34.0100275825841,0.00134938516953105,0.467369566556434,-3.83404668733467,0.792821845019795,105.987027369976,-0.116435222455723,-1.55619344621536,1.92522203044656,2.00597303228935,-0.132924245247213,7.68670011592764,2.94408855834181,-3.68467747559657,0.644502090932988
1968,3,-3.57193225872455,-0.000411705804861147,-1.60749668648983,5.31654800072718,1.99759929940796,12.2114939157551,-0.129374484473331,-1.80203082319482,-0.0366564403197558,-4.08101749664354,2.28015760631595,6.38373515277064,3.21370255572185,-2.48321197513299,0.957686232524982
1969,3,-2.18629216869121,-0.00148586704719941,-1.56516621756148,4.01078218687504,1.88649609838391,9.44407073399816,-0.115443325886117,-1.74489409337602,-0.201457049642313,-3.39463457655372,2.52410008591439,5.18753322644792,2.80371899734824,-1.78945394383677,0.916031263594652
1970,3,-1.94005612293797,0.00551963014811432,-1.10793271823866,1.87287598438444,1.60990125194845,7.70619081056925,-0.0362498131872112,-2.52274889011215,0.704762014880165,-2.66019887233274,1.60315936530711,5.25156056516654,3.65257109346361,-0.581831388642332,0.931103321768801
1971,3,-1.44017065492274,0.00535163591689175,-0.928993216707994,1.69128575464022,1.5264351795208,7.01635897296597,-0.0562351798179264,-2.466839243491,0.895220531634663,-3.00729303784941,1.92359837211539,7.45429375923274,4.02661571014317,-1.20153170825454,0.939821899920557
1972,3,0.449603324377125,0.0146727929701443,0.141990783898583,3.80774987343432,0.750256189405549,0.905977256453559,-0.147358533373009,0.381383086686522,2.10660648418635,0.26970716645376,2.87756557117738,2.0275905395567,0.225965377150378,-1.69181430156372,0.904651669556509
1973,3,0.0229872251414008,0.0158545679425017,-0.260551431811744,4.74774210241095,1.02519495484367,2.19493644442272,-0.1886681878398,0.0227270425589883,2.40871825771051,-0.504390224999836,4.07594996489599,2.99213594351963,0.662586803895936,-3.48944179517028,0.888169866871153
1974,3,0.122000150617237,0.020441762687451,-0.0607546152353895,4.82588466227387,0.836795819350783,0.579532751779573,-0.138830358698895,0.132608016437313,2.83397374842922,-0.124140460359351,4.59982215053581,2.46419980467799,0.184883126290691,-2.17269841164362,0.870800363122529
1975,3,0.148115477194437,0.0177823238738423,-0.105887853216844,4.35129130267334,0.933701217103238,1.62726431642507,-0.115830049743996,0.238054512107162,2.76174323715034,-0.298285779980082,4.99205644215905,4.17720644250991,0.75288169309497,-1.74605345537695,0.885784475860684
1976,3,0.798486044508657,0.0159425222654982,0.223702416975715,4.55287787511807,0.764282052337289,-0.0446385571485416,-0.159864183265434,1.78321673625406,2.37852875447804,0.861010680554069,6.42514673764515,5.08543151083327,-0.0307332236149346,-3.10385101511558,0.884013521580234
1977,3,1.04511371425909,0.0181618546089875,0.602648842284058,4.07367975534606,0.612195622620214,-0.308044690661383,-0.0756141883270558,2.26051304627116,2.51930639616652,1.8902898715069,5.01434018566994,4.2353103235535,-0.238637335408786,-1.14448618627082,0.880947183056275
1978,3,0.920850204241945,0.017409915925556,0.42509861868522,3.81474035254123,0.762993167859615,0.727242299035018,-0.0763043727396591,1.90310551020861,2.49687729052745,1.39330098104568,4.645720178684,5.5605576887817,0.599499799814897,-1.20581527144832,0.88377633134445
1979,3,0.885469703850411,0.0287601249404484,0.378034801871981,3.97035391486912,0.614527115017676,-0.79702931651084,-0.0292182359640542,1.21395695574227,2.01684796155867,1.01233149522091,3.41454989076788,2.54311298953727,-0.37609250070089,-0.315574230944048,0.81861853503739
1980,3,0.907644023421581,0.0331739910449223,0.416373780999413,4.26667822403858,0.522591271158751,-1.90889992078573,-0.00896836361701959,1.11552288184369,2.6294854617586,0.953161223602531,3.34286080126303,2.18300836133333,-0.831396669479115,-0.113489507817627,0.802132787901934
1981,3,1.27641866455551,0.0301437229721276,0.848751304562289,3.91957591052281,0.358140983755822,-2.66089924791896,0.0808874134057687,1.78857577761504,2.64035069279058,2.11334882046212,3.56816608095552,2.15153857816716,-1.48708258683237,1.06641024993564,0.794993097188767
1982,3,1.74079931411465,0.025543100507638,1.10685896531135,5.54356156775902,0.217257213687518,-3.49192457824731,0.0357037743935806,2.72096256729795,2.27685658073311,3.07565643294346,3.81607685532658,1.5858232342439,-2.53687867896257,0.529122141169342,0.786161179570023
1983,3,1.65070282743724,0.0186745589947686,0.917523699761023,8.74546813084576,0.28726803743866,-2.71833762862861,-0.0236527231214343,2.28800786718092,1.51752632814506,1.8754808415549,2.91011054507906,1.61209717364187,-1.46809971053557,-0.329696232545053,0.722259596787549
1984,3,1.56028001436863,0.0110426493983727,0.57712760102016,10.5198148832902,0.468840744767705,-1.71330372688617,-0.0805534560581479,1.87403682880509,0.856542307477611,1.05941269498598,2.87711636108865,2.27171125039626,-0.685877383831347,-0.977545656270391,0.674720177730733
1985,3,0.0814301455536272,0.00965652259848656,-0.248529120220102,11.4012867807626,0.815508749076106,1.0993455622441,-0.145044177166317,0.0589992998140375,0.794265240880001,-0.396417389900517,3.33447920065706,3.44076700453742,0.308007916862113,-1.82137682734678,0.635626021233015
1986,3,-0.818237968050417,0.0102313154189792,-0.243697024012585,11.6262407510788,0.833053003786708,3.58747576595764,-0.0800786360778639,-0.585334761296847,1.01845196672564,-0.436863019071901,3.43009544170136,4.19473084370933,1.02231659275732,-1.4652571751233,0.631845465007635
1987,3,-1.73362591833997,0.0114662814801335,-0.289567732646271,12.9503079740017,0.837308040909412,6.50274199337454,-0.0781693562883118,-1.15629630501835,1.2530965740122,-0.603601061360786,3.44723979491349,4.8464702111838,1.73810908042501,-1.9529962557504,0.636245819006844
1988,3,-1.40852621997132,0.0145771305248593,-0.0852106943117849,13.6049539638165,0.683707186474233,5.46844136074694,-0.0593494761726232,-1.05903429458744,1.82144898589882,-0.238206688638642,3.16952320674431,4.95322514663299,1.56385842059784,-1.62317390251846,0.626026339109753
1989,3,-0.395696457053714,0.0085861097800337,0.151507390711666,14.4136146371388,0.612637701729081,3.3747021533985,-0.0849333760527812,-0.296197196407633,1.01145661175233,0.559302218611279,3.10143202042715,4.87348347974373,1.00160762483884,-2.07913096317159,0.618850832081106
1990,3,0.476599936395667,-0.00533412603751969,0.40875833041077,19.1388404766891,0.60618876996487,3.27945307707266,-0.0719730743684884,0.354674286213872,-0.728584018817384,1.77241609297152,4.24153091350925,6.27713735406004,1.12916022123308,-1.67407392453263,0.535521830148975
1991,3,0.821960996916752,-0.00719213393237193,0.396183333476565,22.9763208079681,0.593942366424605,2.54065102095619,-0.0616186223422979,0.602386568830171,-1.51188373188225,1.96187971338474,5.31842768007503,6.5441470282253,0.880082314448874,-1.52070458393276,0.457832004489845
1992,3,2.67113341442554,-0.00111275769824138,0.306110773148835,22.8614637238554,0.501504931640782,-2.32932229487265,-0.0588117115678044,1.53797741133079,-0.339378422970305,1.6783927142705,5.0738128633826,5.4537223109701,-0.616415058928016,-1.4655788339282,0.397753476140129
1993,3,4.22235715909369,0.00473080492688355,0.395288646246303,19.1877807471202,0.37435706436575,-5.47159857691266,-0.0693077131415413,2.2151654741348,1.61146414524258,2.13321704560567,4.1536561689137,3.60198348751453,-1.28489361863421,-1.86783889412622,0.412357416039871
1994,3,5.26361862020038,0.00709362203735277,0.489811011835365,17.3832343446113,0.304901931236748,-7.14449180352931,-0.0907445680284502,2.92460956151992,3.39264462574547,2.66539916639999,3.78122617256525,3.35102082171997,-1.81391274553026,-2.46311408103735,0.446799001708958
1995,3,6.14528532874091,0.00831561489259227,0.62163045590833,14.264944872207,0.277832555920381,-7.9778055349496,-0.102798521887806,3.3355951483332,5.08502636216256,3.86658690662658,3.52864486291643,3.18821719001317,-1.98859080997022,-3.0824188898356,0.501000865723212
1996,3,5.56449123914103,0.00847589738349262,0.593296256718726,11.8411844979172,0.348442117471742,-6.31387960063604,-0.120745671866444,2.9994612628159,5.98061347450066,3.91486843055699,3.00550026935594,4.04142939560169,-1.56983690651015,-3.59020286076688,0.543270357875212
1997,3,4.30383280470978,0.00926894084257377,0.367766909324806,7.92024629705282,0.441338922272458,-4.65518901247045,-0.180518190583913,2.2811552505298,6.08671132521077,2.32832752091389,1.75688164590796,5.25067774131974,-1.19441134277034,-3.43419076140711,0.551956342436641
1998,3,3.34183758570373,0.00978449727200378,0.338098512448575,5.14704833524738,0.50898668463581,-2.37500122974673,-0.163432953740643,1.70382709572004,6.01870286871015,2.24325436800768,1.21637257759986,5.96246024714039,-0.60444837963979,-3.27579695009719,0.571040958010856
1999,3,0.129111103671953,0.0100583726327421,0.376146550236878,2.60491535883372,0.589047157374229,2.63550695854633,-0.13291897551238,0.0574953817248662,5.62899655985087,2.33577275738145,0.582271994532064,6.43964163267252,0.58287662565195,-2.88403002238307,0.576163172632934
2000,3,0.64801417511461,0.010514148852644,0.499010495054002,9.9285608508836,0.448898121973302,-12.6623845353585,-0.128195436915202,0.118375340765523,5.87151710779014,2.57118338604012,1.39563725645929,2.60952479005691,-1.00059227213916,-2.73395910594257,0.334697997572777
2001,3,-2.97607151609025,0.00981065196830223,0.704747027581697,11.3787608560603,0.423686516521329,-11.1945136948751,-0.0737109397960778,-0.529584020683506,5.92343942555805,3.35087009645189,1.53390046221292,2.78680505724989,-0.933278644177315,-1.75910816513369,0.301818903038091
2002,3,-4.16759674904401,0.00818841351907077,0.723314460894803,14.1149870651535,0.484362983957527,-4.84381304693902,-0.0581740858438813,-0.794497563772389,5.78756955671935,3.73547604317469,1.91413713698682,3.91732711481229,-0.427498222036251,-1.48639338085667,0.341722548862587
2003,3,6.23193975701649,0.00825370233466388,1.04907919163962,10.2413950307613,0.304149587586479,-22.0621519508199,-0.0997830173661333,1.25539500550187,7.12761903742822,4.70247322127815,1.23994191794236,3.28532403825982,-2.09870555936731,-2.71370024416908,0.365424442798209
2004,3,11.2555438695672,0.00730543695348509,1.2132127882173,7.4084674626781,0.283026997978053,-26.6166848952186,-0.115245975789502,2.37092979312908,6.84189580493246,5.17506430168079,0.784473842767004,3.85305561889837,-2.77375365485313,-3.25659020951947,0.391258952435514
2005,3,13.8612708822833,0.00624162754848469,1.27916616308094,5.41756537798539,0.334668330964241,-24.7979584367699,-0.117713368829367,2.51230610365185,5.70396545067901,5.62433789490634,0.540570410634894,4.08594580931559,-2.18824387225595,-3.29466295936014,0.427689730458802
2006,3,19.5888237812696,0.00282811675764265,1.34980759718796,6.20242918832888,0.38914664031612,-25.1461993187888,-0.0988963049119546,2.81870108839662,1.82970408650018,5.64811947232086,0.557426067441876,4.008783200797,-1.77230406964074,-2.41573864154888,0.39407986117157
2007,3,26.5933864588794,-0.00361751342507003,1.02448762694561,50.9003911103093,0.462589462012053,-22.3742969521192,-0.0242540844768645,2.15127404523061,-1.17094448612294,2.37962600159294,2.27513951187318,3.40385340481176,-1.09391754314212,-0.280787649529386,0.216061917297213
2008,3,32.3785885409146,-0.00526275619339429,1.0847707876404,54.5967510204465,0.431524127472569,-21.2952408237756,0.0240077488902925,2.56402354849846,-1.82297009612704,2.61072020872375,2.56760371075669,3.46501789211084,-1.04444723340516,0.317024639888081,0.206615572961493
2009,3,37.8145126183615,-0.0034279818497489,0.956824521601079,52.5322836470854,0.409064445762943,-22.713123589041,0.0143652387381293,3.18858582819989,-1.50006626082883,3.29381988821619,2.86182224266183,4.1421146084607,-1.18520477719886,0.241771024211957,0.216969678600825
2010,3,53.251282969463,-0.00105337748234938,1.07377409721196,45.2529229749256,0.276658187171099,-38.2934731912466,-0.0483872051439338,3.95872869927176,-0.637622604387125,3.53252147423757,2.5169644554069,2.52161312494416,-1.54307288904049,-1.03848470675136,0.228359659571815
2011,3,62.4769627554672,-0.000962982173835448,1.05724172701094,44.1389292520726,0.30639634760521,-36.2997921565891,-0.0559666238461979,4.47063796370278,-0.698284625053238,3.8012286232008,2.48221466122636,2.83981811586728,-1.33747961936976,-1.50152411471502,0.256431752061394
2012,3,65.4016984798437,-0.000405077136422406,0.98036216638778,34.2394189302414,0.354898044102055,-32.2779894393727,-0.0694032226887225,4.33517778363643,-0.349964002591113,3.91163227091477,1.95374482750971,3.27494637669692,-1.1219656488917,-1.9530543175049,0.284262002290124
2013,3,59.2491143724044,-0.000326164217403175,0.877505988338769,27.8273700481923,0.420376280682709,-20.1117019237016,-0.0739601965658453,3.52112094657225,-0.326904006882446,3.71531985651594,1.6871544508742,3.53125281786487,-0.628847248228756,-2.17790623486694,0.317125691319442
2014,3,52.8460192334523,9.22514941743609e-05,0.737582699501494,17.2898817738302,0.463469653344952,-15.4974628924543,-0.0737657596855009,2.84218004789373,0.100941733074767,3.35101740973764,1.13487832764609,3.72691559697645,-0.447374567329986,-2.21860654642083,0.330167945631679
2015,3,51.967689924462,0.000154807940268053,0.670498536929435,6.94302485834712,0.467261853469978,-15.5757256946898,-0.0784033305116334,2.75318421877395,0.186495362736926,3.19755796883733,0.467586439486588,3.8735054193311,-0.445895591469244,-2.54103888313905,0.344989969621809
2016,3,52.2527580458422,0.000318975340896347,0.63547238838372,3.40406835325907,0.476464140799124,-13.7484151476415,-0.0899859742580272,2.69099364405388,0.40261671305062,3.0929364841836,0.221111117476826,4.06814002195817,-0.392513882745984,-2.76340462989698,0.37129083484366
2017,3,54.5033767492072,0.00133370303042829,0.640144052412313,0.587968816559432,0.506456791160573,-14.5950719526386,-0.111747266446171,2.66210308764462,2.05225698084398,3.10225435884885,0.0351259535142134,4.4994375340483,-0.397589518223115,-4.25103749749996,0.524268386712645
2018,3,55.6261842682937,0.00188976071146563,0.568007462995713,-5.04742271619006,0.578326341425409,-14.385807377595,-0.125581009662893,2.42220160707539,2.97461413605945,2.65305444716574,-0.275562570161121,4.73943790517924,-0.345398927497644,-4.28722535275656,0.587451249420819
2019,3,49.6242856038426,0.00159639021548994,0.392565136110582,-10.5039339204915,0.630838202336608,-14.8431248443631,-0.152276371181623,1.97535122947365,2.55614924280175,1.64812456480273,-0.467430709067136,4.91114034692327,-0.339168098499642,-4.68834086146565,0.56723636545221
2020,3,10.9658534874688,0.00106821952421701,0.0421222135898257,-4.70038954622118,0.913900077994775,50.0594097988989,-0.131552971970099,0.716262281537695,1.65176642129964,0.239058642942835,-0.232980615399243,11.3895333840106,2.01180029438789,-4.10686947885632,0.615140302377367
2021,3,28.1966397278979,0.000788738610580843,0.345258816370373,-34.8153544731575,0.792202466064098,6.83580162222228,-0.188286748290696,0.953647507247041,1.07110120444376,1.21407753366898,-1.19956515613397,5.24081713592462,0.130024020598629,-4.29985313737219,0.592813882141574
2022,3,28.1693968337534,0.000707467742878202,0.385210086068792,-43.8156962922292,0.786918620466068,6.81938059779174,-0.193520953826366,0.896325353272826,0.874222314718555,1.30314760635742,-1.37673563468946,5.01150435560581,0.1212336243544,-4.02916283933199,0.590290857889301
2023,3,26.959077081248,0.000966567253678247,0.380620266408667,-48.324733060924,0.783736285634188,4.56631027894532,-0.208362142800934,0.752229978942248,1.07675536122627,1.20512633302541,-1.32098125280188,4.6163219968851,0.0720844244858527,-3.90923706776826,0.581752996186012
1968,4,-4.99917887948503,-0.0120137257452553,-2.96555618849466,5.87728425391653,2.95522254425479,14.6614854772453,-0.0166386491812233,-1.60894630852732,-1.06456629429826,-3.16002802922742,1.88862186174057,4.66877848508842,2.38448152433903,-0.122766991457067,0.845975951583452
1969,4,-4.08030715011241,-0.00183976850625998,-2.58104690755346,2.33720745356319,2.67314907596706,12.4161029349437,-0.00601652414026933,-2.31515556704703,-0.193421420293855,-3.95837034066389,1.02970778666186,6.75501673010829,3.19234267568686,-0.0539409823945123,0.90141241802038
1970,4,-2.66259828505514,0.0106853377042675,-1.67627210152092,0.0729741494433518,2.03274311440066,8.93791510559735,0.0214349595670523,-2.48558621367489,0.862028125835726,-3.09318468078682,0.0351111647281444,6.34093674389006,3.99783735474524,0.210255289605267,0.916520777826041
1971,4,-2.02416101502039,0.00839337207867623,-1.55771825137538,0.136961183679148,2.00683010325514,9.16989640811798,-0.0449039709054267,-2.1613761681851,0.841269743922107,-3.17455911551904,0.0827447621732205,8.26041420482696,4.11930271549859,-0.576943003654416,0.923115493186254
1972,4,-0.973496948476823,0.0203833501266036,-0.81907487501667,2.92436675950657,1.49423704569284,6.46086513593442,-0.0305259197041527,-1.18552548337713,2.07532178462029,-1.70581303736917,1.92125799594838,5.447769538949,2.51144961376543,-0.367731837732076,0.888851667146759
1973,4,-0.57749227388631,0.0203990333055,-0.806380422655839,4.03341924734571,1.41326325150014,4.29869359147712,-0.101703076486276,-0.838297620786424,2.35184130018904,-1.93826364822579,3.46089352920474,5.86588916284637,2.04929052901104,-1.42360062702573,0.878565795345555
1974,4,-1.00046196917149,0.0226091320856736,-0.903800194215942,4.05980082032774,1.48164811358973,4.76382041717404,-0.0953842166366967,-1.51868327158914,3.10535136459595,-2.3110126345469,3.99625167119475,7.06129701752203,2.52151403182966,-1.3715056170622,0.889749186758905
1975,4,-0.154427423214541,0.0217596025891837,-0.555068635670525,3.67288534323033,1.28190973474926,3.45971484375957,-0.0953316817511498,-0.274457668683343,3.28979717719654,-1.51959588749069,4.43424488902195,6.45643663123571,1.95615691124363,-1.59110477203551,0.894792878907324
1976,4,0.969104165062396,0.0202808097181866,-0.0292020805897426,4.32374257453888,0.982526127729919,0.0625338027449618,-0.150920477125451,1.71249681657708,2.81750014745013,-0.0857386984119747,5.60833606474754,6.14738330463918,0.0393405674245406,-2.97089635256454,0.887937180400189
1977,4,0.999752889403609,0.0202304335156107,0.0522854338926822,4.27666867462797,1.01985814401933,-0.186944297078623,-0.12471867119371,1.65051178742959,2.72940715587076,0.138714570567616,4.85219090897363,6.3933993671417,-0.11897873997736,-2.14783947041823,0.885859923138693
1978,4,0.822310034670657,0.0222669257057947,-0.198833118557064,4.53506497908665,1.10995073094658,-0.192185851800857,-0.166880906906268,1.12243135511111,2.16211689445197,-0.364265975240524,4.19671132749791,6.21110167056414,-0.102596172157868,-2.43687857984515,0.833484805075587
1979,4,0.634829550921673,0.0352177195332017,-0.189228943904913,4.61646553939846,0.89884257584611,-1.58270093871091,-0.105498914881615,0.763849984688812,2.6023303680114,-0.36601451482492,3.64283505477807,3.7221477614926,-0.671549020118909,-1.16497671023513,0.806906812080342
1980,4,0.976055969464279,0.0334027002059214,0.161952184688041,5.01797070064675,0.699850286374025,-2.86754713837211,-0.0759003361506557,1.12987744769013,2.72327234251021,0.301513347665082,3.88257086586718,2.9547928072984,-1.20724548540044,-0.906251861404158,0.790061296002665
1981,4,1.1627731374868,0.0263029127188364,0.384638751221735,5.29466499235057,0.666233477467351,-2.47804222923593,-0.0443389343397397,1.57140491236595,2.21686966689006,0.809311324211974,3.80330245311251,4.07143247637927,-1.28289032369106,-0.658462671355744,0.788026117434761
1982,4,1.93621652444238,0.0172933874533905,0.930032703782556,10.3769371017783,0.378062913949776,-3.02480678499297,-0.0874105729744763,2.69426446697646,1.24219363561718,1.98079404353679,3.24847900787086,1.88466422499819,-1.6700358446472,-1.30479475089305,0.723814229299278
1983,4,2.00785893081705,0.0100739748435802,0.998185227714943,13.5441993991522,0.334195562710128,-2.50031129733721,-0.0928255927060111,2.58297928592921,0.724839328108605,1.87575937839644,3.49800749145563,1.56507755089323,-1.14124937992391,-1.39400144634964,0.664493225065975
1984,4,2.12550861576509,0.0022425647514921,0.563722700689968,15.326397935658,0.526834550569712,-1.97815618845746,-0.162422972512712,2.13829293448651,0.162917770001371,0.958153921732663,3.44586587020746,2.17925797693531,-0.644903174454117,-1.88545493196761,0.599523735531603
1985,4,0.295434654442537,0.00514767275345409,-0.130275893076324,16.3991619192042,0.789147743686941,3.08373262228238,-0.17778997810713,0.228732179013671,0.38729297808452,-0.243660201884359,4.00657469402546,3.73123193459169,0.916335470475673,-2.29552777085288,0.57026179830839
1986,4,-1.18908905813774,0.0120827065126484,-0.332991287551005,16.1532715066297,0.827687976964736,6.14509126904516,-0.118731341526575,-0.892747145910583,1.10217334959764,-0.688578899734399,4.00451804107915,4.62813103900417,1.88359956443218,-2.11316315588533,0.578307422758133
1987,4,-1.80702763544159,0.0125612571265881,-0.179732704985084,17.8907247870374,0.729365492524037,8.12145881342038,-0.0986226402394016,-1.24536241216316,1.25880476164543,-0.418275798215441,4.10282134076987,4.5983610455245,2.27976980041597,-2.36676306242469,0.577918163618117
1988,4,-1.21900979523771,0.00638828098892197,0.21294015764739,19.3264742713581,0.620857818713556,7.70060331351617,-0.0720175901563771,-0.913449964424514,0.69449491876611,0.654033081598586,4.00173775117217,4.80176949842907,2.28721910409875,-1.80753914054759,0.573356933419041
1989,4,1.13621584836204,-0.00402020794451359,0.482181343693151,21.7841624116179,0.520797164990541,2.90790309164895,-0.13304438660006,0.673401904471553,-0.360421819059572,1.58346251656771,4.30795504597419,4.00035028445135,0.779992403301807,-2.29013868681687,0.504993117090728
1990,4,2.08171378662177,-0.00753570380546455,0.441194684209874,26.5135496612369,0.502918968025087,1.55463387126904,-0.128452537377191,1.21510091685498,-1.1179735668388,2.12683962165831,5.98677391661199,4.64157725080134,0.400163058193214,-2.19604319186433,0.411419615965396
1991,4,2.99101459794614,-0.00143444164844489,0.302788767117028,26.5757471459107,0.456052765647053,-1.33165773008364,-0.105118694359665,1.7384748567768,-0.356141202355732,1.64834534892524,6.10480356456437,4.67137222189143,-0.348436216029754,-2.09439063268516,0.362631773005736
1992,4,4.1565015787129,0.00477787864231358,0.28080931693749,22.5392236020358,0.408049565572593,-4.13893717881127,-0.0965407484961041,2.31550255641968,1.42866218549944,1.55053774465594,5.05080664782215,4.11895526870344,-1.03195442623871,-2.04157203970365,0.396811808488512
1993,4,5.65244649640353,0.00887960667275579,0.34756926153121,20.0673612918148,0.342446906128046,-6.12255548895979,-0.102517506896236,2.95773620522217,3.16094245853577,1.91929409790413,4.44128861081494,3.35909548102876,-1.40807185678027,-2.38080718451298,0.430525478053805
1994,4,6.98288057892391,0.0102500816038564,0.482263662872155,16.6084895652948,0.31759456417256,-7.81630854655557,-0.118857589327359,3.74011287692092,5.21444793242452,2.56268737586555,3.83048157402329,3.46837870161749,-1.90205884341276,-2.89774271682796,0.484636431613213
1995,4,7.63984215246998,0.0116607361054939,0.590702022903449,12.4502008230283,0.295447370271465,-9.20721222186264,-0.132733742020661,3.99185810223903,7.12369847952887,3.42520042611539,3.09857193582225,3.36018606225874,-2.21074822490935,-3.57067649870214,0.530183873888728
1996,4,6.2036688117134,0.0124388665420607,0.457061060298315,8.02150912830233,0.38762245134208,-6.73511781203623,-0.170092269261395,2.65305443382809,6.35658458644051,2.17452683404794,1.81058536710867,3.70989578293829,-1.45055047674501,-3.49425413149813,0.540782800582738
1997,4,5.63996173451951,0.0120519672986289,0.341651481863628,5.66633083648003,0.495791434336813,-4.0377198731125,-0.184149449012516,2.37987117588753,6.87790101713788,2.01826388604146,1.29284527789426,4.97977663466629,-0.86806970329976,-3.99343363972704,0.553234609575264
1998,4,2.69684620272863,0.0118952350198508,0.347105437776678,2.50869957251882,0.606493718105975,1.43731753326979,-0.160688093261784,1.01494550818151,6.17013542808025,1.95168179333874,0.543313921888337,5.61715186613744,0.279329031419563,-3.4104184465492,0.553772437865292
1999,4,-1.68150232197651,0.0112543400344049,0.557169783260858,5.59608654921245,0.577559977306236,-1.8387860587039,-0.0876612318270712,-0.539495762621994,5.73052194359243,2.62537703403699,0.94441478479967,5.13337634137168,-0.25186455773946,-1.57592690039903,0.348996971690267
2000,4,-3.5036544151579,0.0116138970359935,0.659273536502368,10.5644000631944,0.486455135354524,-5.79672498347829,-0.0773782584958473,-0.6091230685677,6.34773957228423,2.86801037415763,1.38551758870418,3.09784713988018,-0.494325448781009,-1.46182248040338,0.302987547320259
2001,4,-4.76144013819302,0.0106446483042605,0.758489757454988,11.7224807268419,0.537524944322235,-1.4699444781221,-0.0483238446096816,-0.829318513063908,6.62291866369682,3.23726315558054,1.47511817995707,3.73958963733921,-0.126701314743583,-1.07585067615337,0.344395408528245
2002,4,-4.3047701535464,0.00788761482185992,0.79213171218545,15.6933387202144,0.607291327018847,3.90024526933198,-0.0336477331424823,-0.787765854829385,5.45071958997145,3.63224690165669,1.94844853044568,5.06982008204973,0.348012878592528,-0.846287713327928,0.378633531151954
2003,4,9.3911449833725,0.00835780086700478,1.21690302278648,9.62421146327901,0.360893430663837,-17.9417327593286,-0.0949130224706046,1.59477947348547,6.25086498709939,4.51017369407139,0.983403931340032,3.1979528269742,-1.41895115226258,-2.31865525886998,0.393574462905144
2004,4,16.2157394034454,0.0078929497362044,1.40955866990014,5.65624860160215,0.313719270886297,-22.7596615126436,-0.110634550535908,2.95168241431218,6.30176251775696,5.11952883346262,0.515795710384384,3.540130576708,-2.02518613287334,-2.72510114782764,0.414434920582447
2005,4,20.5449064862305,0.00281040317525628,1.41857408719028,4.31876202343724,0.400868475841227,-20.2278537105757,-0.153184270580113,3.19889929854211,1.45201476706004,5.36453032602215,0.371362175976261,4.14122443579988,-1.54480173473677,-3.30998541353079,0.37262521084663
2006,4,36.4797490710037,-0.00768723751376979,1.9849168014616,25.4165265285765,0.369563213181661,-22.5020299099974,-0.0141061843554953,2.75877563962543,-2.02766066790355,3.61562878413704,1.4111132348102,2.41276122679053,-1.15568559342718,-0.126694285215457,0.227363019400797
2007,4,40.0042439780577,-0.00695783976508716,1.24696568000791,71.6932700446688,0.425892447098009,-16.2132115949333,0.0690575338785766,2.76169715066849,-2.0150556524566,2.11639513657302,2.66608531134917,2.67107944301056,-0.706731954472465,0.640413128973429,0.193773312230115
2008,4,44.5387022716069,-0.00605529841076877,1.18394878714512,64.4935633523393,0.43389004009111,-13.6854480815986,0.0692324703081346,3.0573138792199,-1.8969364302086,2.28723333130869,2.6435127932242,3.09404146116925,-0.618950251680856,0.738481114869493,0.214799843928478
2009,4,52.4754087926029,-0.00375766122459912,0.982565135141024,61.9159659494535,0.44010157123178,-7.22017390697343,0.0329743178205271,3.82859964891134,-1.46276771083009,2.81940212738206,3.04246319461498,4.02413822474672,-0.355105349019478,0.446404156478549,0.236555764204158
2010,4,71.0066321102507,-0.00146485082644366,1.10016559103475,51.5343428964045,0.310646115484207,-32.8135824577363,-0.0230354574880387,4.88862863903222,-0.832846967990828,3.12259878417286,2.5709924024856,2.75112581159204,-1.30486750758863,-0.41118876493834,0.23893154837093
2011,4,75.9267152020986,-0.00101165088483561,1.08241220700704,43.6937990646288,0.337824341716982,-26.635850716092,-0.0392698701588527,5.12397358986138,-0.708657910259872,3.42878905051543,2.19932724515976,3.16489973249011,-0.996676094032041,-0.895686356733416,0.26321273623319
2012,4,77.8885514298113,-0.000421227316835243,0.990703000301023,35.3149359819962,0.377371941049541,-20.2509375888825,-0.0477750765620337,4.92732178176211,-0.360235010278119,3.55935465209908,1.81983338484159,3.56544011678539,-0.71900911134049,-1.15802142048983,0.281641826183062
2013,4,70.960991594298,-6.020601169333e-05,0.831750320304198,21.2317970821243,0.42603023032471,-10.0087998309909,-0.0541419739267569,4.1970814232486,-0.0597867451494482,3.38152508341214,1.19262546807462,3.7886823360038,-0.327226000670206,-1.37469052155355,0.28720003563646
2014,4,65.1791682813738,0.000374693216805069,0.704903120763027,14.2690124625931,0.456200777580608,-6.66701564518646,-0.0513439731440622,3.62640127561631,0.411150744330431,3.15403730972455,0.870901331079308,4.00318750643977,-0.205305688297618,-1.35449909016609,0.303118699209671
2015,4,65.7575560929743,0.000563841128891695,0.662916845628701,9.90165008973763,0.47277041805001,-5.03075307572746,-0.0560515949262717,3.57395395310932,0.681437959353517,3.04862079768534,0.603949298010575,4.19747382973456,-0.150941992542817,-1.5991947665398,0.334947970627683
2016,4,69.7676922317715,0.0020680230366106,0.56738846417063,10.0858192053832,0.509849155697212,-12.5620375384928,-0.0768541455288449,3.72045304815314,3.1139918992719,2.91238491432663,0.640840646783939,4.72612573103398,-0.37360969140847,-2.38109656111132,0.469848353454587
2017,4,71.1688873721511,0.00223652540677114,0.516446214127164,-3.21836739822571,0.580766216825792,-11.1798815073485,-0.113732412226838,3.41233309171094,3.32491495654143,2.42463966336516,-0.186610748750428,5.0909365035841,-0.297177696636296,-4.46750074516605,0.545297018224926
2018,4,70.0310052745595,0.00204401529140193,0.396484086758037,-11.4310539935661,0.631456074837425,-14.3732231253422,-0.124237487580634,2.99475775992339,2.91001468528173,1.77788089112245,-0.559727687966587,5.26559197626463,-0.343299024443114,-4.18653478772591,0.53202246437654
2019,4,68.3980685451473,0.00217465871566634,0.363658780449833,-35.1226535895843,0.735620856224915,-0.828022486497558,-0.137735804271986,2.35965913634032,2.63684639624631,1.30891801443103,-1.39700423313187,5.01122004207716,-0.0164146756203455,-3.67800301128573,0.545364198591077
2020,4,21.3831853825096,0.00110678508374146,0.142729740652318,-15.0135397769388,0.976269154725173,65.8455175350727,-0.0969441912767651,1.10038625084473,1.36345388882509,0.630859665774366,-0.620390623454779,9.47926643874165,2.07484548695513,-3.30937779292266,0.596335571452948
2021,4,19.6703986053994,0.00079871471374288,0.102527458799439,-27.864840443105,0.997994437957863,57.3872102170763,-0.118876109318864,0.94966513185034,0.909536434486562,0.424953969058313,-1.04160816341665,9.28154845724091,1.73087058451023,-3.31972554681076,0.600857773859423
2022,4,24.5361594345684,0.000855775746352919,0.116580345408828,-38.9110372178574,0.993594849648632,53.7500135129216,-0.124644670091607,1.07995017389599,0.88047577959285,0.459522471462332,-1.33436814116314,8.69579141161659,1.47494963186043,-3.16142891598952,0.594269144515285
2023,4,19.5297975559053,0.000858481376355311,0.0989861731761114,-26.6681049285018,1.03763175124553,64.6780799417624,-0.123275401789196,0.777930221743384,0.838813073389221,0.367950685098108,-0.825031442870432,8.6338490051721,1.62729597722375,-2.87307033088952,0.611891912493067
1968,5,-2.16469323865384,-0.000444946195835377,-2.0017040614302,7.42604643748613,1.90532403681827,3.96754067593063,-0.544869973230372,-0.713883447355121,-0.0229779293024814,-2.33548855670565,2.24128553494871,2.73273474688727,0.63699431143663,-4.11481913606469,0.860443593731086
1969,5,-2.49953836270743,-0.00317923458311703,-2.63812028114823,4.21579015728118,2.55098137575983,9.01256898518453,-0.367367085222612,-1.39530527573543,-0.384919589340696,-4.70942765155605,1.64493504855573,6.41600932909948,2.09291400755729,-2.07605375524807,0.889052979234657
1970,5,-2.21711559496811,0.0100603666156805,-2.27429266703334,0.185584219823007,2.42611475420473,8.40424227467478,-0.141494715735962,-1.84269358135413,1.11037830501035,-3.02882262780669,0.0832776401000802,6.80154185428458,3.22415575915027,-0.961533253495025,0.900149599908616
1971,5,-2.45287073507673,0.0143181630600749,-2.5277098897546,0.674640683158118,2.52995552573694,9.92820711618951,-0.141383388288286,-2.61309250215378,1.81248431753592,-4.30440200818374,0.398441233028495,9.61854420022994,3.71694806147291,-1.17664493787926,0.908204128816812
1972,5,-0.512089255093257,0.0191043110065176,-1.54074139637287,3.22275840159297,1.84144426749247,4.32351445084506,-0.192917161292402,-0.532671129907991,2.2476920480351,-2.36647756593413,2.51014970906667,5.64041208776026,1.32833061065443,-1.79730844174686,0.88695434927446
1973,5,-1.26006876310778,0.0311611467657004,-1.23407809251646,3.61002260613393,1.66211672878077,5.66395553368806,-0.0445209571688004,-1.17872295848111,3.20327507151696,-1.87071935092455,3.07712156396561,4.59266734848667,1.69457737111083,-0.565863343968111,0.887862910889408
1974,5,-1.71730168849428,0.0324762724925536,-1.37387610423801,3.24872178981345,1.77614610806056,6.9079295319872,-0.0469728326879211,-1.76201609320012,3.8855705227521,-2.34494896478225,3.07489017565034,5.84491364875884,2.45135598467566,-0.67104347038609,0.895637517210143
1975,5,-0.527111510757307,0.0318171520337293,-0.826645840532833,3.51011183869478,1.45131566636113,5.0574972858488,-0.0450837016056172,-0.688189539591161,4.16114650305796,-1.61908447058184,3.73746194284027,5.58393694724142,2.15686637182157,-0.683095948652885,0.895101545748006
1976,5,0.343454874122079,0.0281343315392886,-0.695509782597648,3.7112273138451,1.42538134909246,3.03133636796013,-0.101791401983797,0.4854636759162,3.58627870466997,-1.49599960038761,4.52201911450927,7.62878046476392,1.59703242374796,-1.59651926729124,0.895763996079546
1977,5,0.0685249454834909,0.0163731143919662,-0.881890377120993,4.16855270312768,1.74215942370087,3.41329847619915,-0.179955893249545,0.1076173517677,2.12336139290275,-2.22875172420656,4.1943291660429,8.68597262076123,1.7468262846446,-2.34059588673614,0.873964923470787
1978,5,-0.0757512615935312,0.0220847388183322,-1.04095604720572,4.24164325378298,1.70761039746118,2.22400555127256,-0.209529730239239,-0.102661492716715,2.2404618340795,-1.99401120389148,4.00275510349614,8.7036463758213,1.1107052218438,-2.59150907738711,0.849083012703794
1979,5,0.33326391905202,0.0284025898650358,-0.624797001360897,3.92892602647714,1.35617542295822,-0.530255415151532,-0.116501654417825,0.377218549034891,2.09911757530575,-1.20240757970793,3.02562261417082,5.30096332858068,-0.209757869245207,-1.21116337274881,0.818426812373413
1980,5,0.510018816480735,0.0201723874226895,-0.369828973788727,4.83265010911258,1.28391792020526,0.0455494530557141,-0.115569915510978,0.623002008010847,1.63038466227217,-0.771539246502889,3.01252189911757,6.10458768621551,0.0204055028034676,-1.27932832706677,0.799471976749212
1981,5,1.04822830238991,0.00825565724651946,0.210081289620395,8.35860632964149,1.07775944876753,0.642819622243059,-0.0576965008835538,1.38455067079033,0.617179131988862,0.423323566674381,3.00888290517983,4.8193464661443,0.276730136981221,-0.691817469033882,0.737015013522615
1982,5,2.35825848529576,0.00277301090880982,1.18568150653439,13.8885488094833,0.50479574787103,-1.52445179820445,-0.0634958818356954,3.09694601245471,0.195971022961283,2.46656293317759,3.58010922346615,2.21526839171553,-0.651883794303399,-0.778177187968155,0.667659927935681
1983,5,2.34549490898819,-0.00191666945579563,1.16195442377452,17.6478388409133,0.423001178691901,-1.25221454847466,-0.0815671605233581,2.73943522643617,-0.13601899549967,2.16045084305961,3.84759483379523,1.71495346569016,-0.455816674346835,-1.104556615465,0.59278535528486
1984,5,2.13763751134008,-0.00366404012399658,0.728921338947525,19.568846256337,0.546645378615125,2.17419034355477,-0.137588289060655,2.15218864788428,-0.266548199735761,1.34696263411953,4.20082012571909,2.38280457054722,0.691621514501576,-1.55616694334343,0.543385994108647
1985,5,-1.27706957066789,0.00352007761990625,-0.493275805886845,21.8387224844203,0.983774637011419,10.304556634048,-0.196831883504519,-0.675700928170838,0.256857410906866,-0.6563959304731,4.84181472190965,3.32448985689685,2.13903614506442,-2.12802169372449,0.511445347635585
1986,5,-1.89099994468244,0.0124819643621136,-0.440748723607276,22.0222838184869,0.835869417381389,9.806443769195,-0.124634569600224,-0.96909349157182,1.05663296734915,-0.625150470863837,4.81096517826977,3.26453597878072,2.09053669974355,-1.87411137869528,0.50765046678208
1987,5,-1.84311382481774,0.00729234299934209,0.213234886718694,23.6419319825192,0.630139284681239,11.4107449434019,0.000150977841215487,-0.81111873626977,0.68439872492912,0.304164305416425,4.49221177400292,2.52580867991749,2.09439435837647,0.00192634009473414,0.498449701653227
1988,5,-1.23373001194256,0.00073424170936753,0.481318414132996,26.1432886312888,0.540834113392925,10.6297807820769,0.025867770628909,-0.627564097821409,0.0695734006348147,0.963682081944907,4.59008477638746,2.98297788941457,2.20252605639061,0.382840551557208,0.439229201373737
1989,5,1.17314202092027,-0.00124669110907871,0.464508605837434,29.1930670546566,0.460768828298261,4.95565754007167,-0.0374634924886882,0.603871542336775,-0.116821436132336,1.12244528702573,5.09078529739315,2.99575427974163,1.0426928269907,-0.539510059930997,0.367347173798527
1990,5,2.54879314619511,0.00590175660919045,0.211896523645871,30.2431203107366,0.4003154198754,0.58170864046242,-0.0599192862989065,1.35302941848688,1.23599457843977,1.07897279453817,6.02828852260329,3.49022600048314,0.129352245798784,-0.935263944200933,0.321600280309609
1991,5,3.73496024142045,0.00971832632898759,0.189440408491635,27.1960542720613,0.386504806491194,-1.97995743290694,-0.0595253344741769,1.93709388676507,2.89650009700139,0.98889815432943,5.48635294575977,3.65166235544218,-0.450083781465282,-1.05440042276027,0.365282383265886
1992,5,5.19015396132808,0.012709267760197,0.184620258737773,25.0626805898028,0.387294444829011,-4.0601638466989,-0.0581418270033664,2.62861542906873,4.22039924964678,0.95483834299059,4.90605005176322,3.59780196127253,-0.901160863838155,-1.06358718716903,0.411037366866347
1993,5,7.04153252040658,0.0146984440073944,0.303565317010832,21.4408925193975,0.360416571260027,-5.97888081303365,-0.0771623740947492,3.50598251941823,6.20711591815288,1.52988297554109,4.09543439644966,3.81353315750817,-1.35162657879617,-1.50210643179715,0.45939101517639
1994,5,8.11181949067025,0.015819974701774,0.448906003106275,17.1883052188763,0.322082236728701,-8.08308868561857,-0.102887633340836,3.92220721085954,8.13541122625075,2.08726127727077,3.18177127020752,3.45159121488234,-1.79375887245921,-2.05414486050393,0.501576565254611
1995,5,9.18046891154738,0.0177177998232333,0.515039921807232,8.70936467596707,0.301881935653815,-11.2430902232952,-0.140124935891755,4.27586347143524,7.26563759706077,2.62342613266565,1.88934818757858,3.38459158982355,-2.50530135453121,-2.65906553754347,0.527323237357723
1996,5,9.28716649998717,0.016835604221877,0.507508322924485,5.8683443795457,0.380987491834689,-9.44350684463816,-0.150375756475944,3.86499132696567,7.6638126140729,2.77532974463095,1.27399049827464,4.10757562234834,-1.9887640345379,-2.88141624894402,0.537435032902595
1997,5,7.04266033827464,0.0151557713717038,0.398453412941506,3.88161925605538,0.531246841280333,-4.69631452691041,-0.189413365014537,2.57977115004796,7.18875005933901,2.34854949756707,0.765303312922743,5.36368978915387,-0.88197994844791,-3.93223512546769,0.532880854439055
1998,5,-1.41371005706297,0.0134930260625071,0.574981797229909,8.35972842893502,0.531110292789393,2.7712791632918,-0.144677435394547,-0.269309683067295,6.0898031989795,2.8927393755277,1.16011966964899,4.98761230300469,0.418647464751826,-2.78249012030209,0.339860526875983
1999,5,-5.10443071797931,0.0129070384158713,0.747596130822722,7.51829891921692,0.544690612347083,2.46983487246924,-0.0740650897950317,-0.958996586091462,6.09115095300355,3.42255989734867,1.01795146149541,4.98135949138887,0.335324282453159,-1.40466183468566,0.297707970354415
2000,5,-2.70230276995916,0.0133280413535954,0.804128651363817,12.4789776735187,0.492436344115844,-1.96485110192173,-0.0793349873815083,-0.393200852930512,6.78767315849049,3.29895332768559,1.40967064634,3.00663388306705,-0.15743647725514,-1.49755308956324,0.323126343523367
2001,5,-1.81766573883365,0.0114372651006109,0.906726684458729,13.2143748171894,0.549735667816084,1.94876921483395,-0.0513428624247072,-0.267636065322468,6.27726176677754,3.46833320171683,1.37466940829512,3.66993722792467,0.15815309260309,-1.15455820464442,0.35191391286591
2002,5,-2.84712080039698,0.00812912205834807,0.952158300657111,16.2578989573592,0.676414911683825,12.8870850615187,-0.017117795935029,-0.410945574905138,4.64983360991229,3.73086629275734,1.57929836977134,4.87223601974943,0.980091165129448,-0.379504372428041,0.391021704224036
2003,5,13.8931723171528,0.00943635058173586,1.42363771042436,11.0294701183886,0.382798840946295,-11.8412238635518,-0.0725547011120107,1.82608453880077,5.87810957524448,4.44977478646461,0.905984627596239,2.78042730665637,-0.773238471990733,-1.4603574956901,0.401053877454074
2004,5,25.4791545548672,0.00488887822279918,1.74312321750799,9.53236615262784,0.327987497869467,-19.8200878513035,-0.073691820054878,3.42731585900922,2.38906330004198,5.22958329846291,0.691529335996582,2.97609140039467,-1.44333940944954,-1.37080140846002,0.345469205313933
2005,5,39.7380641366758,-0.00882783515982674,2.2098605280599,25.2943058096677,0.342124504191188,-26.4001970848478,-0.0668705697241668,2.87613141201524,-1.80082758438663,3.44239300457154,1.4167986955621,1.95739566126115,-1.48902320392447,-0.453607731867289,0.216707800770132
2006,5,53.001131531165,-0.0100202625656284,2.43451466645393,32.6908352222962,0.274689465359782,-30.5061950161545,0.0689475782025813,3.71502942977153,-2.49627537935314,4.37527826355414,1.85076420539985,1.78019756486798,-1.53364419790473,0.60359481651391,0.212800088446881
2007,5,48.5069557490383,-0.00634722168867992,1.28683391647104,68.2926099004642,0.440964318989902,-17.4594541581857,0.027775129117751,3.3725267385843,-1.75347396189906,2.30317638354037,2.74293027038574,2.89057889144357,-0.773713462342424,0.300740309402474,0.19915777405132
2008,5,59.4665716337664,-0.00525377097223864,1.20273557039711,62.5094854210481,0.46921642283451,-17.8121591166974,0.0224353339163406,4.20578640412441,-1.61903699062652,2.48461588644626,2.81920867644304,3.39692516560474,-0.80007912176364,0.275893045642706,0.236423772584243
2009,5,67.3420882236602,-0.00379080024694891,1.02448316418248,63.1933523292348,0.478616838376574,-12.7610394842492,0.00665241499391293,4.96565709910942,-1.54703050726556,3.10592108316272,3.40956372552964,4.3271974053143,-0.601560023329395,0.107455280779538,0.2564288599384
2010,5,83.677640683862,-0.00119853444436906,1.16495914256255,48.8737755842215,0.325625834681079,-40.1370725309793,-0.0553869503132015,5.80198890026438,-0.688607045156451,3.44925044060924,2.51754957590798,3.0208541034961,-1.57953380003677,-1.19932877285533,0.25367736065347
2011,5,87.5974366646008,-0.000886495119652229,1.11628295928625,46.6892311103103,0.349988034925388,-32.6825929577643,-0.0622541208561988,5.77248574471539,-0.619337240816864,3.77421006522935,2.39404425605289,3.36778213643988,-1.18115219957808,-1.71877871002477,0.270708081096378
2012,5,89.455357166134,-6.97444312663692e-05,0.969877951737607,27.2161365431012,0.373686189181316,-26.760314333134,-0.0720234239758761,5.62768178469724,-0.0579434047804148,3.93622599794209,1.45840111872319,3.7227697227104,-0.94584008978013,-2.11261962819867,0.265900726841796
2013,5,85.6280376080803,0.00023904957503506,0.832497080099435,14.3687896356565,0.40474798442686,-23.4740898189977,-0.0780965562955425,5.11639108398825,0.232167534771176,3.85785859586657,0.831918068854682,3.88617054603017,-0.782045080953336,-2.40250009712565,0.275446347190723
2014,5,80.4657180197653,0.000663710699191321,0.72037855330091,13.5667985043056,0.447170055439206,-16.1765321767796,-0.0847014395430401,4.49194992328506,0.70688204668216,3.54189538780727,0.82347831074905,4.16895136453744,-0.504975034538173,-2.66834398625753,0.306779518728452
2015,5,82.2974835027853,0.00190017776606245,0.584545276403349,15.2514589639791,0.501191920410289,-17.6595376922744,-0.101564281982354,4.48495356759036,2.57938691890374,3.2225137520974,0.977488294863792,4.73998309310314,-0.526462128565404,-3.90404286186901,0.440121923999786
2016,5,83.9965936310503,0.00255772965235696,0.469458464856945,5.19582335876682,0.564974758836853,-17.4430481787619,-0.132098421618178,4.24696990335953,3.5564533903637,2.56733424684345,0.308456742087952,5.10582826757534,-0.487671418650323,-4.9180761941802,0.501448142924067
2017,5,87.0702656926647,0.00217410866953108,0.390249460421094,-6.30708406609235,0.592919176862974,-23.8404111292751,-0.143282817068126,3.91856371324297,3.00351795407391,1.75128711223673,-0.299021671018675,5.17645767466949,-0.608975862656032,-4.84430037957288,0.483865681653022
2018,5,91.4626497225335,0.00219806233844094,0.437471694459449,-32.9365581078955,0.669161915679019,-9.94965020742431,-0.160473592725425,3.51174908189131,2.68602208495687,1.78787955374241,-1.33465764109454,5.13376575922598,-0.214642756035508,-4.52768022492065,0.48987663044391
2019,5,101.426734972893,0.00187813112412778,0.683329105738048,-57.7229474377973,0.64731438631151,-30.1988594918351,-0.172470384052014,3.62456370426024,2.25497572398909,2.404109154384,-2.00783589242908,4.60816146263112,-0.623388905175628,-4.51990886257513,0.489812149946352
2020,5,69.9677619464866,0.00130187318865585,0.456829223743583,-52.4122791914206,0.828274306048285,14.9851987394506,-0.147557334130642,2.87967883145696,1.48518512814191,1.53432462636507,-1.7625723399021,5.84431887374175,0.348851808151468,-4.28444776194399,0.511538613913088
2021,5,77.2170803463336,0.00111025854165217,0.423955658760847,-75.2556588620165,0.821770120948331,-10.3797277850417,-0.195791814776647,2.97414270399818,1.11430354801462,1.2986313028016,-2.29092549925591,5.43584935473325,-0.233744815504962,-4.94848930621935,0.510523077796976
2022,5,88.2127843288381,0.00100023408183584,0.493038933379745,-80.1898426978981,0.814629123262117,-22.2920491588777,-0.204805110134375,3.11977198092368,0.921736334871855,1.42742761574213,-2.24733998103162,5.05501527823644,-0.456121319784035,-4.69341294797107,0.519439108034377
2023,5,85.5006603076358,0.000995461170000653,0.486935615778775,-79.6439271720757,0.863203926419859,-13.6939727639095,-0.213850314079177,2.61155055196881,0.84263699500967,1.26103270862353,-1.96381966754002,4.7502472613972,-0.241443947289139,-4.40448151544606,0.528302802259079
