"year","forecast_horizon","intercept","EPS","NegEPS","NegEPS_EPS","t_intercept","t_EPS","t_NegEPS","t_NegEPS_EPS","adj_r_squared"
1968,1,0.156751669183466,0.940862013894891,0.065835788875235,-0.313581567984001,1.98062091187677,22.0340773882656,0.495531094441565,-3.2048558152443,0.626696945659958
1969,1,0.0864727095990544,0.964028655219384,0.115617197867733,-0.397470962964402,0.876874059388935,17.8411715161406,0.822357221339975,-4.03102353089104,0.550530368214579
1970,1,0.0132615408991143,0.989353634230754,0.142054755182924,-0.391748597513059,0.130972347772774,17.4215236579389,1.01689140718983,-4.14667967304655,0.514603135190283
1971,1,-0.0246532038646717,0.98463300135139,0.155816714278545,-0.35404075650125,-0.318255578605644,21.4658141998496,1.41660802599921,-4.58757468208826,0.440010633338366
1972,1,-0.0974242636370193,1.02520300974335,0.263665953709227,-0.414662435316573,-0.883558082632367,15.3964416858291,1.82134332548039,-4.88561289182455,0.340178113347009
1973,1,-0.122861913425608,1.0590796210424,0.442048996418609,-0.353528070767343,-0.961015773532789,13.2394527800087,2.53001871312397,-2.91473467101667,0.256204298585185
1974,1,-0.1907230182908,1.12304502541216,0.622000938148358,-0.256866785038457,-1.33157196892874,12.2248609203674,3.21008379128203,-1.99404115918961,0.20944390602383
1975,1,-0.300260788986271,1.19549578185127,0.620396548456681,-0.416436951742802,-1.89912148323273,11.6665962322806,3.04925456707971,-4.5187630565915,0.184423725546553
1976,1,-0.259280059273926,1.14848280233387,0.577671735618936,-0.408065389695457,-1.5953366550911,11.0550300599596,2.72201428951107,-4.40509405102165,0.192522106331913
1977,1,-0.189841532111687,1.11940493238265,0.508714368637182,-0.44115669023778,-1.36544635171925,12.2960620340099,2.8011217567823,-5.65321302190435,0.181814454489691
1978,1,-0.193097770364851,1.1360488654111,0.477124393927832,-0.488329727899405,-1.4864037859312,13.3190806500426,2.83392992615132,-6.37393993348229,0.19063774811006
1979,1,-0.1772401991532,1.13624007021486,0.478487081211703,-0.477616570959279,-1.52133895932146,14.8861529018367,3.13268318823655,-6.83317508049882,0.196359026164414
1980,1,-0.190375176975266,1.15262339376166,0.522702314512915,-0.444786725227103,-1.74524393392993,16.3430842347892,3.64518755379112,-7.19618448527772,0.204709548368419
1981,1,-0.172730647914733,1.13296903668866,0.497178166107992,-0.413617312241471,-1.5968064519934,16.7076297473705,3.54479093117444,-6.75495022126544,0.211005827708981
1982,1,-0.13376075619696,1.10160182845346,0.422105636652564,-0.375402627454888,-1.34336668127009,17.7384559117313,3.2923336046301,-6.03092956317878,0.207325276257574
1983,1,-0.0947238597586776,1.0452269531496,0.333100280500122,-0.281399468103212,-1.0613716373937,19.0010917512219,2.77232889766654,-4.30156341082834,0.218505956259837
1984,1,-0.0551157282305334,1.0070071732315,0.281305391697197,-0.255907371836596,-0.706085326481859,20.8527451704812,2.68368957081958,-4.65394358954844,0.23964164857209
1985,1,-0.0246981034079085,0.97950377076553,0.214370063775017,-0.249467887007457,-0.371959763496385,23.5251707490239,2.40819653441756,-4.63551015455512,0.27175609949639
1986,1,-0.0688397653050253,0.990005349517169,0.195327109480899,-0.257854674905536,-1.09912985291116,24.7578781723201,2.34251149459932,-4.78696378245542,0.285280801164706
1987,1,-0.102042881636338,0.979660834971197,0.252946314585057,-0.183695996209449,-1.54810042780571,23.4024767426748,2.67083671826237,-1.9234577038266,0.298900616302282
1988,1,-0.116027565045164,0.970820009561487,0.245320165940049,-0.22179523511775,-1.70524828965091,21.8250793681064,2.64404456085942,-2.53372459950016,0.285603563086005
1989,1,-0.147174732908166,0.977811105873624,0.285452521399196,-0.203308839707171,-1.87602407288203,18.5928856638645,2.75588744070014,-2.37357354872784,0.266488281429765
1990,1,-0.180605905516875,0.969806825006934,0.328991587282705,-0.180850898421472,-1.84476668992408,14.441401056587,2.60015996281093,-1.95707301361296,0.223092704414209
1991,1,-0.209278727424277,0.980083438032662,0.357692650312075,-0.172462984655583,-1.98949776529574,12.8634308990395,2.65184831711154,-1.98300783283904,0.200598662441302
1992,1,-0.236989292312767,0.980568651753715,0.372869953446711,-0.18613080343116,-2.08948717824031,11.378962500479,2.57815488405548,-2.12336723758898,0.176744545381876
1993,1,-0.284792346472946,1.04357697729196,0.432571708157843,-0.260499265363153,-2.21219608206586,10.1271271927487,2.66698249798953,-2.69516471919302,0.161217423632553
1994,1,-0.358744829497484,1.11315141657861,0.528497617593273,-0.29912386497837,-2.26944060073182,8.41620671505877,2.6162235513314,-2.73235058920243,0.121373193112496
1995,1,-0.377641061180585,1.13895884799926,0.58393300948833,-0.306254966512609,-2.3021684936352,8.01644595439275,2.66171055603172,-3.08904692942125,0.11112572478131
1996,1,-0.437720973224642,1.2229427383809,0.70691382035381,-0.34505112128535,-2.30368365353129,7.2533732161644,2.74385127803761,-3.16689304876467,0.098034222813977
1997,1,-0.705242358546091,1.48719621857698,1.06877975790962,-0.479519977568985,-2.01194050584899,4.70332876911177,2.23072858944151,-2.76638075426739,0.04193309154576
1998,1,-0.903843722365445,1.66487109400359,1.32775186613952,-0.542172760048446,-2.20228107094993,4.49434214060478,2.36315449293257,-2.73533336030634,0.0372089666253689
1999,1,-0.9993157861406,1.76151964428772,1.42678604191299,-0.617543493321401,-2.36497516678505,4.49374129629586,2.46635834716724,-2.8442268559442,0.0273203825357482
2000,1,-1.04631104118272,1.83922501231438,1.50210717633476,-0.680456440519868,-2.39901651707217,4.47659906956742,2.47144233883189,-3.02583481068071,0.0269271879277335
2001,1,-1.37031338874894,2.15283689117421,1.88679622439643,-0.854472677958971,-2.4629770032543,4.10728561619852,2.42212016310494,-3.0029853862406,0.0242055043251156
2002,1,-1.25330981040556,2.05709619800969,1.89014283516594,-0.655560565259123,-2.48384698539311,4.26964484312364,2.49054047783457,-2.60785303804095,0.0213783321291444
2003,1,-1.45976824741456,2.27605153078799,2.3050002695607,-0.690014295082586,-2.44746186061255,3.97527271806627,2.49968975409094,-2.56683806598593,0.0178128329086289
2004,1,-2.0921039160397,2.86789957168709,3.27623144191936,-0.980422984839991,-2.22987979107987,3.22797839350295,2.27365258727968,-2.37057061342717,0.0121687824616002
2005,1,-2.87742518918702,3.57378878537159,4.42258462404064,-1.29202663340533,-2.37222924330271,3.17152439001629,2.41656926056238,-2.33865951210057,0.0127362971648752
2006,1,-3.65006006910101,4.26172068533515,5.59167432961932,-1.55178557845564,-2.48751692161073,3.16724035601793,2.53175008016476,-2.35311961513962,0.0127595240013822
2007,1,-4.92826999907424,5.33314602191328,7.72597134364239,-1.82219122269885,-2.51934319264206,3.03657868097245,2.47812515062417,-2.69219610566188,0.0128883005078072
2008,1,-8.20068334670176,7.78667903610491,12.6719637831032,-2.65879535184325,-2.3377531687024,2.68374106089688,2.3270308035461,-2.36584273633068,0.0180522328715145
2009,1,-9.47884762620892,8.49135012646006,14.473370120395,-2.93514408087203,-2.44132569555701,2.75655219257101,2.42373080796292,-2.43302192382479,0.021624688106699
2010,1,-8.91196004217134,7.93419195356863,13.8647003237959,-2.88243787226592,-2.3601208965215,2.68886176959931,2.35102921125691,-2.46786174750007,0.0200312390022692
2011,1,-8.7510250314759,7.68014919179348,13.8572659911765,-2.82052797688632,-2.18650854585792,2.52904129783202,2.19611068400232,-2.42077125850267,0.0205062049898608
2012,1,-8.82169815842796,7.59427512602689,13.5600737417391,-2.95270828281286,-2.20908242459231,2.56320034732632,2.21467957737398,-2.4900623879095,0.0208613441701688
2013,1,-8.33608199502013,6.99530445333212,12.5468063266519,-2.68699503778036,-2.19193243249202,2.55030696511153,2.1786818263871,-2.5281002911766,0.0188143278816296
2014,1,-8.0524599046529,6.48497348589934,11.7735888096419,-2.54012153048172,-1.94482613129647,2.30247668153437,1.92585742265823,-2.34187626444555,0.019786720771375
2015,1,-7.82548576524124,6.01791097966505,11.1749517067472,-2.4242829568991,-1.8017524199889,2.14554260235613,1.77085448314057,-2.2167699283856,0.0211038414279444
2016,1,-7.02575598391463,5.24865895574572,9.79626468181557,-2.19359275882942,-1.6147985585144,1.95165086359815,1.56569434894137,-2.07181419530246,0.0199866032327036
2017,1,-5.22234996985763,3.96061995967618,7.40254339343061,-1.54624988413629,-1.34222493195756,1.71037477394608,1.32499218632949,-1.62354610310839,0.0188616923108611
2018,1,-1.52353536590906,1.7615765700359,2.10675581770069,-0.691667294363408,-1.10551580737766,2.20629291332501,1.06663158282788,-1.97975988262272,0.0305690864781132
2019,1,-0.104349234151492,1.00388839802415,0.15156171953437,-0.385336716881457,-0.872631007453098,14.1158013360047,0.924651589372883,-3.9733657579345,0.224322183052908
2020,1,-0.207507953034859,1.06832971547493,0.17808717857675,-0.461484607042049,-1.65124282917458,15.1072967967583,1.00704760941551,-3.54823309789764,0.226207574972353
2021,1,-0.360866787016435,1.10357269409312,0.40597687847932,-0.33583375929847,-2.44349432054666,14.2472194813341,1.89575463640881,-2.77674154427341,0.231682813705124
2022,1,-0.382766418560625,1.16504168966751,0.578362128077544,-0.355625742500757,-2.30460258396393,13.8701576538389,2.37897354470601,-4.03804363226761,0.229579638675434
2023,1,-0.372755313428902,1.14764923800062,0.440329764777349,-0.310243813701425,-1.63324240114974,11.1487709052099,1.35613572264302,-3.74926013631392,0.221621486486238
1968,2,0.264620607453159,0.876520898642761,0.105419647256781,-0.713711170165627,2.0480508119191,12.610242657772,0.607868543803934,-6.73157358643174,0.414268160621908
1969,2,0.164655272983351,0.901311322049547,0.152055503189299,-0.693602530027438,1.27536151326587,12.7505804999655,0.904645637402071,-6.88856640170518,0.38601188215749
1970,2,0.0604275571046926,0.91717857137915,0.176758161231399,-0.677349013736633,0.454085765772457,12.3101927934709,1.03532523396895,-6.97700201475223,0.344188432397036
1971,2,0.0358455717969961,0.913024892228787,0.182471551482263,-0.659646343977253,0.339787599575382,14.4029569312135,1.31529960139607,-8.66195685012022,0.236693139078897
1972,2,-0.0264581585395733,0.96651878360831,0.412468972021403,-0.63303180600958,-0.178372878597129,10.7493941135928,2.18012330937827,-6.14313998846042,0.184115867668188
1973,2,-0.0688061733293443,1.02787511158044,0.561969654613637,-0.61073177690928,-0.40751682729563,9.73235214836338,2.6959873704805,-5.88206446698961,0.143974384563961
1974,2,-0.138144832163084,1.10370883803147,0.750874312630112,-0.553031007918311,-0.76828585567135,9.58696583221395,3.33101993865573,-5.57797047457106,0.128580774927486
1975,2,-0.160104288914646,1.10287983089256,0.7011053865686,-0.573222580927363,-0.954250643114101,10.1694274269818,3.2679427941407,-6.17910468335082,0.132950928011055
1976,2,-0.0964664871554408,1.05699004419835,0.667446481215946,-0.541954364826533,-0.55790535746028,9.57891168595179,2.94918018649161,-5.42222058101354,0.136390185570536
1977,2,-0.00485814277552449,1.02950642768066,0.573029758417283,-0.552537212054325,-0.0329356955425266,10.6972876738708,2.97946446652501,-6.51822305987456,0.134164002391948
1978,2,0.0104398843336968,1.04831040500145,0.53819042618391,-0.591621350404737,0.0753532251295456,11.5681172050615,3.00995520554478,-7.20108049724584,0.141289210736002
1979,2,0.00650524723897685,1.07333719869781,0.55062983142668,-0.602132523547121,0.0514250428545899,13.0117289114476,3.32232532760873,-7.82654775779901,0.148717624118718
1980,2,0.014467613564518,1.07215687131142,0.542713051758078,-0.574762423980559,0.12248312744487,14.1134526951011,3.51715944422671,-8.07850614952276,0.152855912476084
1981,2,0.0346472856958942,1.04152036740149,0.482273324463532,-0.545719699325354,0.289668420184455,13.992799359107,3.1537263953909,-8.12472693330797,0.154062309806412
1982,2,0.070011855743804,0.977852862782073,0.334007516941447,-0.491661083882268,0.702137227441506,15.8223647985012,2.60154779332529,-7.52611276937253,0.160215195678982
1983,2,0.0998522878410283,0.918963215700457,0.229471818696791,-0.459201853496668,1.14545946369388,17.2339074065403,2.03972859620966,-7.30078636091952,0.172307700814892
1984,2,0.127214134789014,0.879859499762672,0.204280043228631,-0.397917633566177,1.74146180890388,19.6321659263778,2.10218015130387,-7.11669334743554,0.193946614098166
1985,2,0.0853457718711382,0.879602171547617,0.192353286512346,-0.376871577739365,1.24215109672017,20.6644963989812,2.11944453422743,-6.4177028868194,0.205210605670884
1986,2,0.00653198090868762,0.881889132496208,0.194835043954211,-0.373629818124302,0.0982921779256157,21.2068416598295,2.25484059803812,-6.50008951098925,0.21493239283015
1987,2,-0.0838216380676103,0.892553133896253,0.245289168064321,-0.404012184758273,-1.1582004622281,19.61890068674,2.66921901000815,-7.6924558636362,0.213101239402716
1988,2,-0.149516331810879,0.907306610963737,0.308423378158652,-0.393242078987947,-1.81192315296073,17.1702860897289,2.89581294675519,-5.45355210213385,0.20058553068715
1989,2,-0.209050559093006,0.907310233092009,0.384120606864113,-0.35019053778792,-2.04063849392733,13.4834664963285,2.96051815500032,-3.91300003710182,0.168861445296089
1990,2,-0.25350331176692,0.899522573741179,0.432461021575029,-0.314773798130232,-2.16241794784607,11.3789902046275,2.91818726737986,-3.31657916496187,0.151180831567846
1991,2,-0.277389545476439,0.895240290177744,0.451632468316785,-0.285265423661133,-2.20325826813341,9.99833733307677,2.84131724951564,-3.05838924770197,0.131673492945555
1992,2,-0.298038401175998,0.921942844937509,0.468577577017439,-0.326400569032,-2.21448289820485,9.14376392247106,2.76766701587728,-3.41882128056498,0.116247863118815
1993,2,-0.402477380906671,1.02635748580911,0.58705188114228,-0.429925092841611,-2.31196201294737,7.45716151877158,2.69142404724098,-3.85501119874924,0.0913131581600233
1994,2,-0.441170196998906,1.06946851910327,0.624070767584293,-0.474249588667644,-2.39868536565839,7.06644331472256,2.71655191850011,-3.88486495252641,0.0845972344932868
1995,2,-0.452014318362338,1.11893047989518,0.711168816399119,-0.477716591333637,-2.24899262255414,6.53584813129698,2.68704295627208,-4.10738526018521,0.074216388940612
1996,2,-0.764667189763747,1.43951262091578,1.16727171644403,-0.636848532769898,-1.94275611725031,4.1855436938706,2.21713382234757,-3.2059916544183,0.0348042747524918
1997,2,-0.950371580152225,1.62710847673234,1.40096550268563,-0.71244422160126,-2.10866853291087,4.06739452202969,2.31172970848842,-3.15149969544932,0.0310718329943277
1998,2,-1.22935906625354,1.85146713934972,1.7424640937104,-0.813315069631184,-2.24316422558617,3.80367689191642,2.36426185807414,-3.03192854339121,0.0266686392293666
1999,2,-1.21515735688705,1.86394359724122,1.71463309569096,-0.839561261429949,-2.25215623151335,3.83737067769419,2.34499414086062,-3.12495445490589,0.0247551050406402
2000,2,-1.50958869984292,2.16491510050209,2.12069285499225,-1.01249522321259,-2.33893513012539,3.66779400546583,2.38434668957048,-3.11174142685219,0.0228441182302882
2001,2,-1.59983870397669,2.25022944642713,2.23897218722787,-1.06187258402586,-2.43135613911344,3.71000761047572,2.44373431491879,-3.16177426748218,0.0216581570120329
2002,2,-1.77345677994852,2.43842889250045,2.74604037473134,-0.928070327652275,-2.38871347109317,3.52075323473382,2.46910754667767,-2.50421279559531,0.0175372769407359
2003,2,-2.33169206713315,2.99352181938106,3.61459105817711,-1.21800999537235,-2.20282185335737,3.01250840026933,2.24125251449955,-2.51380383471871,0.0118025256001786
2004,2,-2.98237483361055,3.5969992134108,4.64958978417666,-1.47518035016666,-2.33948600839667,3.03449515704268,2.39361291804703,-2.55694557294508,0.0116217344665704
2005,2,-3.98260168470919,4.47716406204958,6.0735649175972,-1.88523287834285,-2.46543225196081,3.03575873692521,2.5136499844338,-2.45199207338827,0.0125578689742403
2006,2,-5.06599428243183,5.4313087320749,7.71020733331581,-2.26179355084972,-2.42739419700408,2.88658259096501,2.47016845526594,-2.35628503795526,0.0113711195079481
2007,2,-6.62151840967478,6.72588649109698,10.7738476253413,-2.15193389025616,-2.4348055730419,2.80162749952751,2.49657992381391,-2.12469803678177,0.0118305152897852
2008,2,-8.46328417198447,7.89402003028143,13.4423117701755,-2.53600126955164,-2.56758010820098,2.86510199728013,2.60839637207017,-2.16473999641345,0.0164957521495654
2009,2,-8.44892213039205,7.62051983053914,13.3109206461476,-2.51484083103702,-2.57075180874153,2.85615708633119,2.60233739168255,-2.23328016962125,0.0163295923750867
2010,2,-7.55857535499465,6.88816434809562,12.2188941388601,-2.49396807961708,-2.4476501788113,2.76714795201555,2.50564191247172,-2.34288725010834,0.0143240713517797
2011,2,-7.08419264368768,6.52047338426404,11.8189828097525,-2.33796397593509,-2.3998039529951,2.76981516284861,2.49027551642666,-2.40942047066902,0.0139264429455034
2012,2,-6.94683642245605,6.26668998024876,11.2210828705823,-2.39040274129366,-2.30770871060097,2.68667122696066,2.39703550786508,-2.34382608644603,0.0137550792821063
2013,2,-6.28840522990023,5.54313849079062,10.0612690090461,-1.975019884516,-2.14671654404878,2.53939846429835,2.23429310793265,-2.17745949443602,0.0124918479942507
2014,2,-5.54211116012938,4.81054964520384,8.6659999552386,-1.73857104797231,-1.97894228446416,2.40132699688363,2.0555500768138,-2.0913801538479,0.0114304890602003
2015,2,-4.95558192453078,4.15070823585105,7.53831680994501,-1.54411816268569,-1.76364504385838,2.18259623703819,1.81508584748821,-1.94557100800971,0.0111575063637689
2016,2,-3.48780525812928,3.02487802307703,5.21977273255616,-1.14930982579496,-1.48210881677197,1.99054466734159,1.5190936781709,-1.81620045351014,0.0101523961738985
2017,2,-1.75931579608457,1.83533962413785,2.52374842321871,-0.8307757776444,-1.15136145685445,2.05471090336132,1.19665700823101,-1.97109802035808,0.0285007228622239
2018,2,-0.16918384697156,0.996636570893877,0.406724518501026,-0.450373807908456,-1.34162354842146,13.0072236263416,2.32201940809598,-6.20272048216808,0.189706002949963
2019,2,-0.22231625682631,1.09158829092826,0.480612097280007,-0.496486383763567,-1.66100081253537,13.7645720997726,2.61431404950444,-6.21954843215524,0.202773811372995
2020,2,-0.323925123282591,1.10249418538582,0.386467393151088,-0.531462497570458,-2.51656074184732,15.0437876693087,2.05055286832444,-4.35676640573008,0.182358965589957
2021,2,-0.545173978986262,1.24339136990298,0.634813893781911,-0.612482140272928,-2.60742194405792,11.7207930099688,2.21091997220368,-4.29236685967817,0.201203920375398
2022,2,-0.398427972281168,1.20901515688861,0.487656014145905,-0.55558174452071,-1.73167177181676,10.7035272116139,1.48890692183861,-5.24545203176461,0.178474733907499
2023,2,-0.403356505450055,1.20143675203412,0.453365522148716,-0.555494697025758,-1.5256882944762,9.6671582173015,1.21188097162618,-5.10390394773972,0.184573229722462
1968,3,0.266752754142875,0.843080038584742,0.253793897884975,-0.698237034167927,1.60338251702727,9.4215929335701,1.19961810498006,-6.64405553726484,0.305182463603198
1969,3,0.144016844739452,0.854261954228673,0.261408171116048,-0.712166258447161,0.863458092728465,9.34838665142781,1.25405966276553,-7.36452725038459,0.269166112447297
1970,3,-0.020821113019607,0.914178562745055,0.414301971242265,-0.719464086892495,-0.101254794638294,7.94584661086482,1.65572435041913,-7.34615211694023,0.210232617992927
1971,3,0.0276710065896057,0.901397977024182,0.367005212970481,-0.729192935175757,0.175518489553656,9.58766525839995,1.87544195029011,-9.52488198416586,0.141230578347782
1972,3,-0.0481303250326954,0.985076036315586,0.601899845700759,-0.729038151669258,-0.23730145313896,8.04087524999365,2.40419680321609,-6.52423590211127,0.115699819364239
1973,3,-0.0728278516046756,1.05206717602962,0.731389917176688,-0.751303987335487,-0.339591506567216,7.86272822984926,2.78181339370264,-6.73372866576072,0.0979642013739489
1974,3,-0.0841039011086519,1.07530299804158,0.749154016598297,-0.665949222082745,-0.442773601870305,8.85709471811408,3.12305107274887,-6.42342403900654,0.106392101567026
1975,3,-0.0898854418806419,1.07965157744705,0.749129175096788,-0.67207340922418,-0.497174067629039,9.2615588426379,3.2071988944583,-6.24379375080046,0.109420785903797
1976,3,0.00296703006455791,1.03170875264438,0.714032929760169,-0.634582632982797,0.0159531864056429,8.74218779518365,2.92648323671188,-5.8975650705506,0.116433414608647
1977,3,0.129785348375647,0.995875214840515,0.675286920430517,-0.579882267334614,0.816888511903244,9.67067254624234,3.1771598299334,-5.07062779436541,0.111537151015638
1978,3,0.12001343032341,1.04146010973014,0.664484078319502,-0.63670676775503,0.790872403116632,10.5720729708785,3.31665276651958,-5.80729955980185,0.120622789903602
1979,3,0.142588310228165,1.04446529832508,0.641622204972346,-0.613212485418025,1.03540937034015,11.7227139133716,3.48030401470852,-6.17856053884814,0.124187325417748
1980,3,0.164198640563774,1.02451353827926,0.585306534479659,-0.586385526742584,1.27349168084433,12.4656251029795,3.40577029741667,-6.4516478566064,0.123241266116784
1981,3,0.228236632075338,0.932601451988717,0.414731461930395,-0.53287700558124,1.884303889962,12.4856066714152,2.61220492787051,-6.53873102486709,0.124440826453106
1982,3,0.261235967022546,0.865089300526766,0.259537025456305,-0.506896357516169,2.65657634021667,14.3361785071592,1.99976320962261,-6.75983505766037,0.132809592403938
1983,3,0.251582797219267,0.824544379547002,0.169983247188951,-0.500138989001683,3.04600011536896,16.493870828768,1.54968415581473,-7.31158984151817,0.152307189879077
1984,3,0.231523786462635,0.802755765196706,0.202887551030719,-0.384945514868194,3.01825834369603,17.3180807975436,1.88956290630114,-5.13138924754841,0.157294759549749
1985,3,0.163205253746173,0.793441959113643,0.203224853959338,-0.351820788929456,2.27517153518651,18.2013196429064,2.02513417501701,-4.59371177335994,0.165661783153927
1986,3,0.0608775602631145,0.804719334449796,0.278118363189724,-0.315697359560896,0.797888012123984,17.3224612091434,2.60237398383626,-3.51157111902768,0.165183571210312
1987,3,-0.096375857967524,0.847427618735485,0.316118408495727,-0.409530884342799,-1.06478373773314,15.3752868574451,2.64527949251498,-4.88492326294312,0.164487959203075
1988,3,-0.174911254952793,0.847818358706595,0.37873395346157,-0.413216870016762,-1.56413635206798,12.1935879385721,2.64730493892538,-4.8622271185534,0.137539571543144
1989,3,-0.233526058755736,0.843066375244484,0.413807928774456,-0.395113649870858,-1.92978805306852,10.7937560669277,2.70605160128196,-4.42927230339022,0.122783775490446
1990,3,-0.277527691708353,0.830527123946062,0.456608633381072,-0.339761542205268,-1.98784073391041,8.98879328374616,2.58223849063696,-3.55273998296553,0.109082303372031
1991,3,-0.324941755010607,0.870987062415271,0.515479748843822,-0.363146503764319,-2.19964102880969,8.41815888201513,2.75038035837654,-3.89819098485548,0.0993764822502868
1992,3,-0.403734624104289,0.940333960350927,0.61233344146549,-0.430208707545097,-2.22878713143437,7.0401940157463,2.69054937979422,-4.034420705265,0.0758103540890492
1993,3,-0.447137692679604,1.00321980240097,0.678456989057353,-0.490456473311311,-2.24305192961374,6.48192114025107,2.70881823250002,-4.20303125523579,0.0712659433878928
1994,3,-0.496377169068665,1.07865397412485,0.747918912288375,-0.578726225394032,-2.23469307581796,6.00948456931402,2.69133026816516,-4.33249442190505,0.0634494326026417
1995,3,-0.760235309148617,1.35624746769666,1.18430486072407,-0.68941762245344,-1.84583803581666,3.93464361944373,2.19235674758743,-3.30320293188318,0.0298107924766756
1996,3,-1.0316358964244,1.62522907610048,1.54941541329345,-0.828592502729933,-2.05636133690425,3.77843482468257,2.31213138363144,-3.38495611593388,0.0287743343817372
1997,3,-1.29729677718946,1.86309116732277,1.89706647479952,-0.915511987972834,-2.16962750445452,3.57802626530379,2.36189100910498,-3.17592176737286,0.0245957515498567
1998,3,-1.41735888335906,1.96810719173035,2.03967782242395,-0.947199440604416,-2.29660630809158,3.65553319219959,2.46038609756836,-3.20704142286999,0.0253969171274546
1999,3,-1.54301326310483,2.12078533568928,2.20000225758211,-1.03673775045234,-2.44457890993548,3.75849734720246,2.56999181709476,-3.3144934589404,0.0204706959747096
2000,3,-1.51464421186611,2.13057551099515,2.26231190438322,-1.03958872391499,-2.44760076154847,3.78233923331106,2.62684207529547,-3.31005239540636,0.0189895237945443
2001,3,-1.99710268293223,2.59052542394114,2.90094426661184,-1.28287921995647,-2.41490953524974,3.43544600409203,2.5245858992899,-3.06362075462837,0.0177067418242335
2002,3,-2.58193589584882,3.17833074216752,4.16357365307731,-1.20247676303233,-2.15330544637191,2.88086205761904,2.30140352660434,-2.21176642852153,0.0121414082763082
2003,3,-3.09282397335291,3.69236415502667,5.04746695092945,-1.41468284261867,-2.27077540646029,2.93040718044826,2.42393226697015,-2.3814668633968,0.0114004996770962
2004,3,-3.91171654955505,4.43818319539928,6.33891291945872,-1.73134831556688,-2.40234398247881,2.97443947647108,2.54532119839256,-2.43864510337879,0.0114946780623217
2005,3,-5.31211325728148,5.65003139214508,8.37531890648729,-2.25588826915347,-2.38660712268771,2.82529312656628,2.50019471580178,-2.2697503474584,0.0112979264229727
2006,3,-6.81889726629235,6.94378877622286,10.6685540896406,-2.72897298058554,-2.41244519104964,2.76837853659821,2.50967122891699,-2.21559304961357,0.0109183660228478
2007,3,-7.31450410398346,7.20779320870475,12.1820008069304,-2.10032805744049,-2.45982262345904,2.78957570161923,2.57040604333444,-1.97891679127363,0.0122154067459214
2008,3,-8.26911670126706,7.6313194937386,13.4920185487156,-2.25194399261215,-2.43934935320536,2.72006213806108,2.5298065490161,-1.97788360171953,0.0146454616946747
2009,3,-7.94255103410766,7.17602333423719,12.9712390832286,-2.19800871058428,-2.39992334964261,2.68691380212483,2.49772059959216,-2.03390897493583,0.0139958247569828
2010,3,-7.25834844964266,6.66431093316029,12.1478456135425,-2.30723601781268,-2.34988828157241,2.68422082607387,2.46830880880076,-2.20493743346633,0.0128847755375512
2011,3,-6.27608333881592,5.91237628654846,10.9127364467608,-2.02412007570885,-2.23205845597846,2.6161835940097,2.38075941016751,-2.232962203386,0.0112742702476639
2012,3,-5.67410895937185,5.29784054968368,9.57120988385323,-1.93741252359506,-2.04911277677932,2.45519558126197,2.1954901480058,-2.10766456071672,0.0105557597528303
2013,3,-5.2061263867668,4.72631741570887,8.645943838898,-1.63069225613791,-1.89093014428662,2.30266215433531,2.02124431936519,-1.96585283333186,0.00964382584176104
2014,3,-4.05195835763256,3.73161819631372,6.61963151249396,-1.30702052048915,-1.66159464285074,2.11361996376488,1.77859183650162,-1.84047090158634,0.00772805566699108
2015,3,-2.77950868862945,2.67462774067947,4.48352782683827,-0.961370447117873,-1.35653947472682,1.89943051047782,1.45914621963729,-1.68014659470254,0.00718219625667538
2016,3,-0.886095576865231,1.36977286290664,1.60482978913581,-0.513167413589062,-1.22851645258489,2.84572252369141,1.50037265846323,-2.12711686184479,0.0156097710336365
2017,3,-0.186616631754861,0.995284235374548,0.492235183472672,-0.496036308539337,-1.29006763149357,11.2851149347969,2.41309668066597,-6.9529061248395,0.169794749384289
2018,3,-0.223073513963591,1.11375723540275,0.56254621447091,-0.541432801850585,-1.47316224038434,12.297964339582,2.62584975938642,-7.1855973365294,0.191118568548032
2019,3,-0.332522192221889,1.17053716996841,0.604045378817586,-0.564940814689546,-2.1486858266161,12.9935427466283,2.77928164687499,-7.10327775381519,0.180936093155694
2020,3,-0.413932151615936,1.26379126267221,0.66010505706023,-0.607562812315111,-2.74872725253969,14.8744316014913,3.09087228355818,-5.14135853166434,0.171541085205096
2021,3,-0.403407756243187,1.27616318547585,0.514939002568375,-0.60726198168741,-1.70320428341898,10.6104848312855,1.61177117528845,-4.6039814952133,0.158618021497963
2022,3,-0.426990435311819,1.28015293922162,0.455804978459705,-0.660637301218603,-1.55140292666159,9.54626734778556,1.2510832357808,-4.60723165101679,0.164022397013998
2023,3,-0.398684032040274,1.26366472266336,0.385282422938813,-0.644547313390146,-1.26738733206422,8.60836906618566,0.930394646853998,-4.32343966957825,0.17098641894272
1968,4,0.220093604422885,0.787065173337439,0.257719193455368,-0.598928530453651,1.03397620114431,6.88153596936782,0.996528550323513,-6.83476156669939,0.208533067259705
1969,4,0.0223614240569697,0.857371405294464,0.405925718337329,-0.657020680917148,0.0871899581246484,6.1207649001251,1.33590583196405,-7.18313630654591,0.164596553433187
1970,4,-0.115916007913791,0.941386160074309,0.579925670051911,-0.699822616736058,-0.394795362150727,5.75204191638998,1.67942990127303,-7.05389581939821,0.135949989756768
1971,4,-0.0338339643677495,0.943185969898523,0.525176529180444,-0.733176824395725,-0.152873238890938,7.20743693274824,2.01689793281074,-8.22270957673287,0.0937385550868174
1972,4,-0.119925367373341,1.05056924692454,0.675379562476712,-0.875746356507021,-0.463374184661649,6.75189015271021,2.18408444791984,-7.93995162491571,0.0865221916585173
1973,4,-0.0889204958346119,1.06490809698598,0.664232954875423,-0.872320033853852,-0.397371911401213,7.64162381349133,2.46118477743823,-8.5236155239967,0.0883015932820025
1974,4,-0.0609798735321827,1.08814713043723,0.687291272544327,-0.789196725721213,-0.300256549948228,8.4118405542601,2.69424349989127,-6.95370852545899,0.0943206047127411
1975,4,-0.0433446901752256,1.09456257820532,0.727738929197227,-0.765255594032222,-0.230548705610241,9.07223122078421,3.04621345819819,-6.97881337913157,0.101356777855758
1976,4,0.0344771173291069,1.06948863111147,0.760742470895715,-0.711324368507076,0.178794510581729,8.7820571562825,3.00486505659772,-6.02937072861394,0.111339748029295
1977,4,0.140145041419103,1.05935797925169,0.692941209966376,-0.721572665525806,0.846313813643753,9.90852884786406,3.19228815858829,-7.04691471793061,0.109371978755876
1978,4,0.143794820648788,1.08863647651668,0.642258668376696,-0.761706681057331,0.910054733532128,10.6585792879615,3.13799340449445,-7.71862560270718,0.116326722880672
1979,4,0.186796460895418,1.06607298343252,0.579029159426724,-0.72592613198795,1.29129189868741,11.4528696460339,3.05640634024927,-8.20166706799152,0.114351756272946
1980,4,0.270732468989972,0.968487966897078,0.415726723070957,-0.649030740116862,2.21374285481614,12.4483779077837,2.57841760641957,-8.61357883842508,0.111126916556094
1981,4,0.316336437747701,0.881129541047022,0.289948657539976,-0.59561496411032,2.77217672697749,12.5912084547084,1.95747790100182,-9.0579835792625,0.118073499520568
1982,4,0.328357536739544,0.821295907318787,0.16965960293531,-0.587410865741509,3.70272814938351,15.1671444577862,1.44880643442805,-9.82241024446899,0.131556848562607
1983,4,0.305684437998351,0.779555222631148,0.105950196957227,-0.571924577735805,3.73741679484406,15.8547051979463,0.988942984238055,-10.422727262633,0.132345482559162
1984,4,0.260238692687199,0.74690076971728,0.195556317133934,-0.445974526552542,3.43216815218186,16.5070015748365,1.84669400823501,-6.32806124319143,0.133263873691907
1985,4,0.183145189637811,0.738085910789192,0.19821897802608,-0.46083450455135,2.29637807246102,15.562166427191,1.82971976799836,-6.31538979454464,0.1291751714961
1986,4,0.026407548192886,0.770781780393863,0.251264732718217,-0.529190147267884,0.276325535183881,13.672195026474,2.04507196794668,-7.02451543509601,0.126350361505123
1987,4,-0.13495196513493,0.799037437311273,0.332692502122448,-0.566159127250373,-1.09570807061746,10.9711133663415,2.18134918613196,-8.10697867497701,0.113902090903335
1988,4,-0.210845131742359,0.794739601161504,0.439148808166179,-0.498990626689624,-1.55002200365242,9.61486047898439,2.58927207275396,-6.15948506175809,0.101334608147509
1989,4,-0.274003872491359,0.786469632320366,0.480231713978906,-0.461357262704585,-1.89437998687677,8.6016279180583,2.66843394113725,-5.29499004699137,0.0897468760072496
1990,4,-0.342426588261165,0.820706809406249,0.576363269693093,-0.435776932682258,-2.07788218925603,7.65574664491817,2.78421175509165,-4.81412960896325,0.0853916695283109
1991,4,-0.433467513872272,0.894369792022618,0.686377522131893,-0.491660310630114,-2.15369285066135,6.4646378057233,2.72734858568564,-4.6678919167985,0.0662588784051106
1992,4,-0.445434718593108,0.924297175967227,0.717211363735482,-0.513904582043943,-2.13812003842299,6.14022874121049,2.76619163826836,-4.50480203031903,0.0604920316347315
1993,4,-0.525712358089134,1.04036290459746,0.847452567372998,-0.599650303260482,-2.17472547040958,5.65761508809048,2.81682775628135,-4.49660696998659,0.0574271205472544
1994,4,-0.852482274396344,1.35560097407668,1.24985565227033,-0.833814969311284,-1.87834799064587,3.76827670603572,2.21954098013372,-3.43721263455297,0.0278765184326447
1995,4,-1.06382733764404,1.57990343838986,1.62570997499026,-0.873877408669409,-2.03507245735518,3.68367138173573,2.36891262379949,-3.38234097415572,0.0267181374798641
1996,4,-1.44897248740742,1.93166269127382,2.15890548474257,-1.00624140792338,-2.18707897614422,3.46601983131411,2.43060465807183,-3.24960685349165,0.0250754020557663
1997,4,-1.53869072379072,2.03492199974137,2.30097449461447,-1.01116765425236,-2.2918353933682,3.54607490413734,2.54406039258976,-3.22999540191334,0.0250628498371775
1998,4,-1.91541593831642,2.36266565945594,2.76607285651743,-1.16641797409404,-2.40217664166176,3.46038845891669,2.57668019572171,-3.18894615330969,0.0236633192694383
1999,4,-1.85702828391778,2.33385562241164,2.65858831812366,-1.17125943398681,-2.35922348490871,3.42889032835383,2.49549908632591,-3.18351818403636,0.0226170093061057
2000,4,-2.29091247292583,2.76871209725602,3.30173129442941,-1.38434311368962,-2.36576763676967,3.24545548811733,2.47120732467482,-3.01053495600352,0.0204954610500017
2001,4,-3.4349773825704,3.82147141224629,4.92363710670634,-1.86551794392576,-2.28628736493904,2.8606607842415,2.35221261481053,-2.69151559632759,0.0159812594125686
2002,4,-3.8819457041305,4.30118914668495,6.18333468025693,-1.56891673591794,-2.36108531235668,2.90402892471263,2.48054428373871,-2.23952364917109,0.0141970095890884
2003,4,-4.49502453142582,4.91014028066144,7.25005610469163,-1.80539410436507,-2.46462442572301,2.96866701191027,2.58930350461041,-2.41151929326854,0.0130953946723774
2004,4,-5.65250331655247,5.94555883956161,9.08864854602178,-2.22277032382361,-2.42631264939371,2.83859676406068,2.53486536393919,-2.37165579248905,0.0115596709797926
2005,4,-7.62501880861847,7.59787988085162,11.9726393612627,-2.88381679200906,-2.46478763427706,2.7844094378809,2.55382935967934,-2.23397311402726,0.0119226308208681
2006,4,-7.98553562401783,7.78233238284262,12.4766472105186,-2.92263901844052,-2.53322524001493,2.83241640717074,2.6173642509937,-2.23571632029088,0.0122633206634298
2007,4,-8.02482224413112,7.63061856608252,13.3116520677484,-2.12416176150418,-2.48658008740013,2.76912858238584,2.57371249911151,-2.03297695469783,0.0128791553224059
2008,4,-8.76629120471601,7.90158632052721,14.329510386303,-2.23463290253198,-2.40814701613995,2.66997061487462,2.48876699495412,-2.01431264546316,0.0150553388871495
2009,4,-8.48083980747615,7.53615793172075,13.9293022827608,-2.22153204030113,-2.40064840622211,2.68947098921136,2.50016522111997,-2.09559417034141,0.0146980203217816
2010,4,-7.30224223012362,6.63505422233266,12.4028733330952,-2.22600495207611,-2.25376829840995,2.58839265562812,2.38585690730097,-2.19618537335819,0.0124770991217474
2011,4,-5.66177723058548,5.3857064102406,10.1029230241471,-1.76892780862767,-2.00379951861379,2.40840039773716,2.17813356504666,-2.1148778697375,0.00994905068991792
2012,4,-5.12713215432145,4.83180530159479,8.86297666156412,-1.70146599548386,-1.84285952755477,2.26207936363824,2.00889443826022,-1.99776495414966,0.00928160510969656
2013,4,-4.34937699304621,4.02844054759349,7.4309135220152,-1.34488597764088,-1.6175215508968,2.04219592880593,1.76749521178362,-1.82076842205421,0.00784562439470671
2014,4,-2.68187450552711,2.71002751172217,4.61043043716688,-0.923002801396989,-1.32347354472637,1.87530571670283,1.48203549662443,-1.69919534876782,0.00629408091459982
2015,4,-0.860695750559536,1.3888085286615,1.74697116810695,-0.496072583947619,-1.09783459059979,2.62404224175535,1.48195052794869,-2.12382556167332,0.0144086453136127
2016,4,-0.0166834091758996,0.922045992108202,0.495903043440205,-0.34717919047576,-0.103588266287319,9.41566462510576,2.18433050626754,-3.05945762284225,0.140665779269603
2017,4,-0.152857644489516,1.08790671726088,0.601721425968707,-0.510472107560498,-0.893228562566319,10.6726384076377,2.59607498136149,-4.43402174026003,0.167615179598458
2018,4,-0.215330217381474,1.14982083040119,0.589424439539291,-0.539729734849144,-1.23442368003542,11.3389414080802,2.46952293375435,-4.60158047567738,0.161740808917562
2019,4,-0.349979472988388,1.31757677189774,0.797569242484947,-0.627593689923314,-1.80028375356041,11.8946277412284,3.02828487090208,-4.70767664130351,0.167054552208744
2020,4,-0.471726660881,1.40238493549738,0.760841972578054,-0.667957328117649,-2.31034017837693,12.529312861689,2.67273704698145,-3.41392273423007,0.156840886552684
2021,4,-0.616087937915028,1.45193487641233,0.577022310910012,-0.871981140277531,-2.72541131472908,12.0117818406619,1.88458217035773,-5.12197003910968,0.16510696693807
2022,4,-0.608451904629087,1.4403978318072,0.463544985961425,-0.928715552066904,-2.36618550351181,10.9028624187249,1.35137091228729,-5.04900627222992,0.168920291366255
2023,4,-0.637136911561117,1.49208119546618,0.474873560553126,-0.954074379349467,-2.10053565932385,9.96011540718815,1.18747673504904,-4.79719706105752,0.187649263128006
1968,5,0.0033704865838785,0.844599679692041,0.351279467121993,-0.731799234277989,0.0104003066972503,4.87962754592982,0.913023816956444,-5.46036617424685,0.139709324108432
1969,5,-0.152505200142635,0.937106010939266,0.545857934552096,-0.790622445451977,-0.41827085063295,4.7322415011015,1.27794921263216,-5.97028109463573,0.116735581479025
1970,5,-0.31242407989318,1.0636505459098,0.863823408876791,-0.856608345101168,-0.783145370750188,4.81105096552999,1.84431582088744,-6.18659737499255,0.103268573070379
1971,5,-0.160423081975323,1.05185608164876,0.683901890867447,-0.903117087534484,-0.542082119694182,6.07281868170537,1.95649105021797,-7.58976577167914,0.0758072644573453
1972,5,-0.14947395821097,1.08175513815535,0.755198256363171,-0.830368231553437,-0.550258229176677,6.64345939625276,2.24109763900227,-5.47988289297261,0.0806191717434829
1973,5,-0.0841735808483082,1.09740009563868,0.766390978815124,-0.846312729187642,-0.350040690671694,7.35821869063645,2.55691206796867,-6.03584582362836,0.0807362767939385
1974,5,-0.0298662866364271,1.1146326212193,0.769906241271609,-0.762911876763518,-0.140822049720207,8.29768998244015,2.85770733737672,-6.25517875865304,0.0890906813286774
1975,5,0.00584002028699594,1.12512114343877,0.784076746732049,-0.767419287863595,0.0295986563087343,8.94379822811324,3.1161755930238,-6.89616683687727,0.0961714537058346
1976,5,0.0320157437299614,1.1425879174358,0.884749019482521,-0.737478669398001,0.15768464027217,8.97428917270921,3.30257152410339,-6.01480872241468,0.110910260798389
1977,5,0.125829157671943,1.13072837841733,0.749002976298604,-0.765833797789803,0.722487522519058,10.1284447161599,3.27365411223146,-7.02404950871177,0.110872234965567
1978,5,0.149816953973312,1.13483847481495,0.664631714398542,-0.775394094121395,0.89578450298726,10.5727312564685,3.07496988565482,-7.5771752491466,0.112546053567497
1979,5,0.243175697155669,1.03744631484658,0.533413692835334,-0.644080792284013,1.78121972777721,11.836318442921,2.96719043286802,-7.68217314264013,0.110348935977671
1980,5,0.324532410102522,0.936024429578841,0.367381984444235,-0.572405374287464,2.98138290952119,13.4888092694372,2.52178223776399,-8.16114671276569,0.112031516735513
1981,5,0.340151856243742,0.862296771668608,0.270378111705489,-0.541417554869896,3.33865409249156,13.8628791933645,2.00392291254945,-8.30443705180534,0.126366841222652
1982,5,0.338563088766209,0.800973177650533,0.180275850389177,-0.543775802755614,3.83909272404225,15.0096166853653,1.54005314955157,-8.95250140994561,0.123075688488363
1983,5,0.318921391454644,0.739842115642954,0.121377050644657,-0.517326857251513,3.98175843189986,15.5256483657533,1.14650070113075,-9.33961005668101,0.119879028205177
1984,5,0.248781466890664,0.717475328452916,0.196157046484694,-0.471031871549148,2.97332212917104,14.6677930574192,1.77172789399242,-8.66358216345408,0.114577919943195
1985,5,0.115101509628307,0.734219718965302,0.260738247546913,-0.513057801808982,1.1696112302311,12.9286346295603,2.06756019789466,-7.99766258750833,0.110209280858964
1986,5,-0.0486448301546964,0.756109252829053,0.326721959464682,-0.567841381135056,-0.370028897396886,10.0707572814845,2.03606236501298,-8.06549876861957,0.0964454159273952
1987,5,-0.181282823576035,0.76729847569318,0.470155102607016,-0.506887184949076,-1.20584940473549,8.85963262097424,2.46877647039237,-4.83434879061922,0.0894946830039554
1988,5,-0.276646155958794,0.769864942376968,0.553439327853574,-0.473299988364198,-1.67982743097771,7.87904277470064,2.68853939009695,-4.96647792792073,0.0813054855688988
1989,5,-0.323153765852,0.788967004512569,0.56020120122764,-0.492598023796939,-1.88781377964182,7.42863291178798,2.62100697792544,-5.14877079112456,0.0743646506728947
1990,5,-0.442145040332301,0.859599686557813,0.730298593211775,-0.502943650376544,-1.96721630193606,5.99237695722034,2.60296989954202,-4.48597728345344,0.0607055587340806
1991,5,-0.46320740260338,0.895071510993088,0.774278499357753,-0.515660630233723,-2.00368519008861,5.74694513501248,2.68604640201063,-4.35495551102824,0.0561263854242967
1992,5,-0.519002365694253,0.983099962495435,0.860606082548677,-0.578925962288924,-2.0511832197495,5.48997800162234,2.74391372978725,-4.30333997411529,0.0523097112464974
1993,5,-0.92288358438829,1.35522503684202,1.38262983227693,-0.826705791079365,-1.85964756389649,3.66475980593222,2.25330004877508,-3.33393498440939,0.0273323077748721
1994,5,-1.20055103532504,1.62286663761413,1.70383447497042,-1.0384454359621,-2.06482605330714,3.59574194934967,2.37755560887234,-3.34317975642024,0.0264546688783418
1995,5,-1.49124553843919,1.90150708890633,2.21831150028219,-1.04626971618781,-2.152095423251,3.41267623100379,2.43959310614104,-3.13331751556423,0.0239912674089892
1996,5,-1.69831725523334,2.12600248181055,2.54163405893418,-1.09599577918806,-2.27716740293043,3.4532744305926,2.54672221755584,-3.18879395127963,0.0260951947429826
1997,5,-2.07307029588458,2.47171213065416,3.0319620304724,-1.24738141787457,-2.38640417590355,3.39249855392726,2.59678906922472,-3.15221371914051,0.0240604601848923
1998,5,-2.10351127126711,2.48948846472878,3.03154708447776,-1.2505019393752,-2.4213214302817,3.4115145045521,2.60124997149989,-3.1866787160501,0.0242134547689207
1999,5,-2.23877723813041,2.67278454861906,3.24811699395298,-1.34080584930358,-2.4811382824327,3.42888146432482,2.65872560745235,-3.164598062877,0.018073022581399
2000,5,-3.3003942630601,3.65869831978247,4.82074276796451,-1.76966656362641,-2.20668626715345,2.81277608674182,2.32815074699043,-2.64440749203063,0.0144580137079258
2001,5,-4.40496754763051,4.67795623808694,6.41399091467476,-2.23824083097566,-2.33662483082561,2.83149748549789,2.43451052640514,-2.67028964193036,0.0152388862224333
2002,5,-5.33880222534129,5.54550008959419,7.78017077453855,-2.681905370511,-2.44721549327253,2.88428586974754,2.5338990469769,-2.72776107398547,0.0145692917693325
2003,5,-6.31831722910285,6.47296684704755,9.38783859149939,-3.05929912641934,-2.41001007268831,2.78328958505736,2.47481524629476,-2.77431154979777,0.0122283913888351
2004,5,-8.03399778326568,7.93879043024246,11.9532175074172,-3.70724906208889,-2.43426420975063,2.73921936006305,2.49384085673926,-2.71167879647312,0.0115521623189131
2005,5,-8.95569068955638,8.5505439852357,12.8094489843435,-4.27265128012745,-2.5199142364966,2.79322221772856,2.55607875785294,-2.77460076070415,0.0129042797169305
2006,5,-8.71100005692213,8.20595583308623,12.373507704715,-4.1225018156296,-2.47567282240043,2.74063603571308,2.50367879004992,-2.72688884011001,0.0123061644848088
2007,5,-8.08862974384566,7.60105456490983,13.0033014502831,-2.53139306398401,-2.32625954192704,2.61583260040002,2.41905503176998,-1.90224260443562,0.0120914152919968
2008,5,-9.05223025835625,8.09284728402864,14.37258712414,-2.72451107624707,-2.31048255437284,2.59352267703587,2.4008351177854,-1.91401406828511,0.0148332179257677
2009,5,-8.6091211940708,7.5506257411966,13.7182367093651,-2.5989956020842,-2.28004905803992,2.5731841199496,2.37884666828015,-1.99352775754138,0.014276847298513
2010,5,-6.73881007157954,6.12854778705197,11.2174334105385,-2.31141738665778,-2.02903559749033,2.37944502592358,2.16085745847646,-2.0728301050297,0.0111877028909386
2011,5,-5.26143991382448,5.0075021977635,9.21384587188607,-1.83482692500649,-1.82100853103153,2.23251696093149,1.98486404865872,-2.02755438421776,0.0089937154629095
2012,5,-4.30242187067445,4.13342245159292,7.55941923447502,-1.48650174402787,-1.58947816643385,2.02010971896913,1.7523994324336,-1.89465365726169,0.00763657100942716
2013,5,-2.90798685936667,2.93040512074973,5.19444319119589,-0.989432881028134,-1.29839859413134,1.81187801391664,1.47668997545274,-1.70921113754559,0.00639808146693599
2014,5,-0.834906567027002,1.42341909495935,1.85012681883033,-0.519840179651646,-1.07725295618409,2.61996901797326,1.55419511447601,-2.29294558099426,0.012887557231677
2015,5,0.0140520945362106,0.919350607400718,0.592368158423373,-0.358676269208953,0.09386416467067,9.7276505945578,2.75153085369246,-3.36532250647307,0.126100678553287
2016,5,-0.0957282684183403,1.05984237696796,0.787327833832563,-0.407761730842126,-0.588617627466937,10.653535923968,3.38468003652649,-3.50927950877075,0.150838740005234
2017,5,-0.325216103296982,1.20963669797889,0.838377380382569,-0.584403287973828,-1.81648598838854,11.3735384446105,3.3474428625727,-5.53355954299166,0.16065077987263
2018,5,-0.451831483064112,1.38460094706659,1.13862630955773,-0.669663565436102,-2.25516465152615,11.7962948372916,4.06116188687092,-5.72333708444028,0.165566233608308
2019,5,-0.488219407440972,1.47856035846882,1.08201675863302,-0.728010241537814,-2.18497603602483,11.4701522198347,3.47782119386602,-5.58628499204156,0.155206139180698
2020,5,-0.655958088487932,1.55667988563373,1.17321665032661,-0.705941794630842,-2.63834617349018,11.1167995813924,3.38091472617453,-3.98870220261244,0.163807775147304
2021,5,-0.770743408766261,1.59203436846618,0.976837565909474,-0.864531031211423,-2.72356876304556,10.3543418973293,2.61051650180992,-6.12643429066712,0.173045311506491
2022,5,-0.854561027640403,1.67060147999089,0.976532506668538,-0.976594488623131,-2.56042008517071,9.55069185922189,2.25091440898734,-5.99879780595451,0.194427386838231
2023,5,-0.874591287630214,1.72019473327436,1.01536777806145,-0.991319181380397,-2.21250695840429,8.62499096213483,1.98587075569652,-5.564711200283,0.209958611795306
